org_rut_hash,rut_last4,sector,institution,institution_code,unit_code,unit_name,region,source_url,updated_at
dae568057a1bbb9e16b79a00668b31984ee9a93061da0c9b7f92de1aecf37939,0100,MUNICIPALIDADES,I MUNICIPALIDAD DE AYSEN,100049,3702,I.MUNICIPALIDAD AYSEN-ADQUISICIONES,Aysén,https://transparenciachc.blob.core.windows.net/oc-da/Instituciones_compradoras.zip,2026-03-04T17:59:21.648688+00:00
acc6f3f111fcc1645a2557e96f9842a94fa63045630c5ad5293cf8f0326a8ae1,7531,MUNICIPALIDADES,I MUNICIPALIDAD DE AYSEN,100049,3703,I.MUNICIPALIDAD AYSEN-LICEO POLITECNICO,Aysén,https://transparenciachc.blob.core.windows.net/oc-da/Instituciones_compradoras.zip,2026-03-04T17:59:21.648688+00:00
0bf54d72a6c20f1da925af8707317669110f57ad0f3141fd6465675a32651023,2003,MUNICIPALIDADES,I MUNICIPALIDAD DE PIRQUE,100072,3708,MUNICIPALIDAD DE PIRQUE - SECPLA,Metropolitana,https://transparenciachc.blob.core.windows.net/oc-da/Instituciones_compradoras.zip,2026-03-04T17:59:21.648688+00:00
a63c58c93d50c2393d0e5bf068828eb03b148db335ddd569ea5f7a867d6361b4,5002,MUNICIPALIDADES,I MUNICIPALIDAD DE BUIN,100090,3712,MUNICIPALIDAD DE BUIN_ SECPLA,Metropolitana,https://transparenciachc.blob.core.windows.net/oc-da/Instituciones_compradoras.zip,2026-03-04T17:59:21.648688+00:00
0f0f4fe7c0208e69a475f27a12a515e870cac0b83ba825c523c968de5d4c76bb,5001,MUNICIPALIDADES,ILUSTRE MUNICIPALIDAD DE SAN CARLOS,100107,899305,COMPRAS Y LICITACIONES DIDECO,Ñuble,https://transparenciachc.blob.core.windows.net/oc-da/Instituciones_compradoras.zip,2026-03-04T17:59:21.648688+00:00
56c4cbe2aa4780fe9c125032b5fb573d0aaec76f5d7725954f6f895449ad440c,0501,MUNICIPALIDADES,ILUSTRE MUNICIPALIDAD DE SAN CARLOS,100107,3715,COMPRAS Y CONTRATACIONES DE EDUCACION,Ñuble,https://transparenciachc.blob.core.windows.net/oc-da/Instituciones_compradoras.zip,2026-03-04T17:59:21.648688+00:00
7b4c7865d2e119d819a398c9278b9f6d4cf4022a18b86aa87bf260376a565988,5028,MUNICIPALIDADES,ILUSTRE MUNICIPALIDAD DE SAN CARLOS,100107,3717,COMPRAS Y CONTRATACIONES DEL CEMENTERIO,Ñuble,https://transparenciachc.blob.core.windows.net/oc-da/Instituciones_compradoras.zip,2026-03-04T17:59:21.648688+00:00
30f714901aefb5d0bce9f0fdcf88f4a89fccbe6d2ca1696dff27cf0b698151e3,3470,MUNICIPALIDADES,ILUSTRE MUNICIPALIDAD DE SAN CARLOS,100107,3718,COMPRAS Y CONTRATACIONES DEL LICEO POLTECNICO A-4,Ñuble,https://transparenciachc.blob.core.windows.net/oc-da/Instituciones_compradoras.zip,2026-03-04T17:59:21.648688+00:00
595ec51f39ae775118c8d77adff4573d3966b51ce6975d5777fd4767804b551c,4004,MUNICIPALIDADES,I MUNICIPALIDAD DE CASTRO,100127,966131,SECPLAN,Los Lagos,https://transparenciachc.blob.core.windows.net/oc-da/Instituciones_compradoras.zip,2026-03-04T17:59:21.648688+00:00
02e29be4fb5c91a90cd3b7722880fa98a8a916012bacb8960a8e260be1b2b422,1700,MUNICIPALIDADES,MUNICIPALIDAD DE PEÑAFLOR,100137,3723,DEPARTAMENTO DE SALUD,Metropolitana,https://transparenciachc.blob.core.windows.net/oc-da/Instituciones_compradoras.zip,2026-03-04T17:59:21.648688+00:00
b99123ec8adb607285a141a555996383d26b6050b44526cb202336a593a2e9e9,2008,MUNICIPALIDADES,I MUNICIPALIDAD LO BARNECHEA,100155,3724,MUNICIPALIDAD DE LO BARNECHEA - ADQUISICIONES - CONSISTORIAL,Metropolitana,https://transparenciachc.blob.core.windows.net/oc-da/Instituciones_compradoras.zip,2026-03-04T17:59:21.648688+00:00
fcbbb0c87ee5d68a797937456242638c184b2f6e76bfc3eef36cc2868453c64b,1004,MUNICIPALIDADES,I MUNICIPALIDAD DE ANGOL,100156,5196,ESCUELA CHACAICO,Araucanía,https://transparenciachc.blob.core.windows.net/oc-da/Instituciones_compradoras.zip,2026-03-04T17:59:21.648688+00:00
2af5914065be5ca68e3e3d4a30614d560ac27281d3c0527a2f44e9ffd9ecf71b,6009,MUNICIPALIDADES,I MUNICIPALIDAD DE SAN FELIPE,100158,619578,CESFAM CURIMON,Valparaíso,https://transparenciachc.blob.core.windows.net/oc-da/Instituciones_compradoras.zip,2026-03-04T17:59:21.648688+00:00
c65f91474ad952d444d566107542d7d42012a535bc3e97d2ae3cbf23079cae65,4001,MUNICIPALIDADES,I MUNICIPALIDAD DE SAN ANTONIO,100318,751919,GESTION FISICA,Valparaíso,https://transparenciachc.blob.core.windows.net/oc-da/Instituciones_compradoras.zip,2026-03-04T17:59:21.648688+00:00
482e56cb9354eeafaf706ddb4bd3f07bdb38e4f17cba9a25f3c39ef9f6e3fc5d,2002,MUNICIPALIDADES,I MUNICIPALIDAD DE CORONEL,100448,3750,DIRECCION DE OBRAS MUNICIPALES,Bío-Bío,https://transparenciachc.blob.core.windows.net/oc-da/Instituciones_compradoras.zip,2026-03-04T17:59:21.648688+00:00
226c29e9089d4ce9f565445ebb42afaa08ca074b1aa6cde64b5b25b2c63c6932,2029,MUNICIPALIDADES,I MUNICIPALIDAD DE CORONEL,100448,3751,DEPARTAMENTO ADMINISTRACION SALUD MUNICIPAL,Bío-Bío,https://transparenciachc.blob.core.windows.net/oc-da/Instituciones_compradoras.zip,2026-03-04T17:59:21.648688+00:00
020c4513bfcf8bfa4bb13773355f18c55c4c19b053f78d5c0c98875f8ff248a5,2010,MUNICIPALIDADES,I MUNICIPALIDAD DE CORONEL,100448,3752,DEP. DE EDUCACION MUNICIPAL DE CORONEL,Bío-Bío,https://transparenciachc.blob.core.windows.net/oc-da/Instituciones_compradoras.zip,2026-03-04T17:59:21.648688+00:00
33620d981cb71395b66293d53ae22c9774e5fdbcd97ab788dc7110060bbdc189,0000,MUNICIPALIDADES,I MUNICIPALIDAD DE LA CISTERNA,100488,3758,EDUCACIÓN,Metropolitana,https://transparenciachc.blob.core.windows.net/oc-da/Instituciones_compradoras.zip,2026-03-04T17:59:21.648688+00:00
6f9e179fb3838ce6a7a2edaa9d0b8c6de933133834878ae05eb3c0671f60e952,7009,MUNICIPALIDADES,I MUNICIPALIDAD DE CHIGUAYANTE,100523,511734,CEMENTERIO,Bío-Bío,https://transparenciachc.blob.core.windows.net/oc-da/Instituciones_compradoras.zip,2026-03-04T17:59:21.648688+00:00
b0b804090b0cbf28631ab1135821514489425d5379f25a62e01ca15df0aed769,2002,MUNICIPALIDADES,I MUNICIPALIDAD DE RENGO,100555,3767,ADQUISICION MUNI-EDUCACION,Lib. Gral. Bdo. O'Higgins,https://transparenciachc.blob.core.windows.net/oc-da/Instituciones_compradoras.zip,2026-03-04T17:59:21.648688+00:00
cc29495bb759d043c964cfd627663f4595acc59168a234ab1ae384e13dad24be,1007,MUNICIPALIDADES,I MUNICIPALIDAD DE LA LIGUA,100648,3773,SECRETARIA DE PLANIFICACION,Valparaíso,https://transparenciachc.blob.core.windows.net/oc-da/Instituciones_compradoras.zip,2026-03-04T17:59:21.648688+00:00
3cc8509181854a80617a311b5a9195337a3ee76f29e487776470080bd90bc644,8005,MUNICIPALIDADES,I MUNICIPALIDAD DE SAN PEDRO DE LA PAZ,100704,3776,DIRECCION DE EDUCACION MUNICIPAL,Bío-Bío,https://transparenciachc.blob.core.windows.net/oc-da/Instituciones_compradoras.zip,2026-03-04T17:59:21.648688+00:00
d229faebf16aae00ab34b2f15cde5d4d69b74877d33e802b266b5dc4b9d89c3a,9500,MUNICIPALIDADES,I MUNICIPALIDAD DE SAN PEDRO DE LA PAZ,100704,952752,DAEM SAN PEDRO DE LA PAZ,Bío-Bío,https://transparenciachc.blob.core.windows.net/oc-da/Instituciones_compradoras.zip,2026-03-04T17:59:21.648688+00:00
10e232fddb21ee38b76d36e63c304154e6aa11f8e852600ebe3ea3a3ae303fdc,6009,MUNICIPALIDADES,I MUNICIPALIDAD DE PAINE,100728,3779,DEPARTAMENTO DE SALUD MUNICIPAL,Metropolitana,https://transparenciachc.blob.core.windows.net/oc-da/Instituciones_compradoras.zip,2026-03-04T17:59:21.648688+00:00
cb6c9db520502db326064cf24d4e5b290aed250354cd2b96d29757bd8bd0b733,4000,MUNICIPALIDADES,MUNICIPALIDAD DE HUECHURABA,100739,3782,MUNICIPALIDAD DE HUECHURABA,Metropolitana,https://transparenciachc.blob.core.windows.net/oc-da/Instituciones_compradoras.zip,2026-03-04T17:59:21.648688+00:00
a3f2d1bd670401ef58bce71e1411c0a4df4d3c23786b4cc7193964c03bfc4fad,1002,MUNICIPALIDADES,MUNICIPALIDAD DE LOS ANDES,101002,571041,SERVICIOS GENERALES,Valparaíso,https://transparenciachc.blob.core.windows.net/oc-da/Instituciones_compradoras.zip,2026-03-04T17:59:21.648688+00:00
ad8dc3251ca6f34ddc4291c70688cc986020a884a4ecc39f87145f7fdb697369,1007,MUNICIPALIDADES,I MUNICIPALIDAD DE CONSTITUCION,102316,3813,MUNICIPAL,Maule,https://transparenciachc.blob.core.windows.net/oc-da/Instituciones_compradoras.zip,2026-03-04T17:59:21.648688+00:00
849adb71640a3ac9161f3ef094cb06baa26fd28a1d2ea39c3150722f984b8cf2,2007,MUNICIPALIDADES,I MUNICIPALIDAD DE PUERTO VARAS,102868,832853,SERVICIO DE BIENESTAR DEPARTAMENTO DE SALUD,Los Lagos,https://transparenciachc.blob.core.windows.net/oc-da/Instituciones_compradoras.zip,2026-03-04T17:59:21.648688+00:00
09318ccc626fe9e07001a12eef02462f4f21a2b6b7cbacd83d41b9b919723ca3,5002,MUNICIPALIDADES,CORPORACION MUNICIPAL DE EDUCACION Y SALUD DE SAN BERNARDO,1033466,514164,CORSABER,Metropolitana,https://transparenciachc.blob.core.windows.net/oc-da/Instituciones_compradoras.zip,2026-03-04T17:59:21.648688+00:00
42a502e76d3a4b6bd2744ce304b8ab14f3bd1573365199b657c087a3e6656391,1009,MUNICIPALIDADES,CORPORACION MUNICIPAL DE PENALOLEN PARA EL DESARROLO SOCIAL CORMUP,1034640,514862,CORPORACION MUNICIPAL DE PENALOLEN PARA EL DESARRO,Metropolitana,https://transparenciachc.blob.core.windows.net/oc-da/Instituciones_compradoras.zip,2026-03-04T17:59:21.648688+00:00
3bb154a3c60f90577493523a215d91a1fd1a5e52caa6ee2c194315f1a902cdb3,8000,MUNICIPALIDADES,CORP MUNICIPAL DE SERVICIOS Y DESARROLLO,1035946,515568,CODEDUC,Metropolitana,https://transparenciachc.blob.core.windows.net/oc-da/Instituciones_compradoras.zip,2026-03-04T17:59:21.648688+00:00
978185ea7d556508f895a66633790dd7dff6a090c93927ed01fa9008a21366f1,7008,"GOB. CENTRAL, UNIVERSIDADES",UNIVERSIDAD DE ATACAMA,103916,821519,DIRECCION DE INVESTIGACION Y POST-GRADO,Atacama,https://transparenciachc.blob.core.windows.net/oc-da/Instituciones_compradoras.zip,2026-03-04T17:59:21.648688+00:00
93edf22e2d3a428f33bac6e354eca49eb80fc5273fe0692dd7e604ef4905377a,5307,OTROS,HERMANAS MISIONERAS FRANCISCANAS DE PURULÓN,103933,3846,DEPARTAMENTO DE ADQUISICIONES,Araucanía,https://transparenciachc.blob.core.windows.net/oc-da/Instituciones_compradoras.zip,2026-03-04T17:59:21.648688+00:00
42fced6080aec9af6afef00e6038809080a75fe5004f0ab077653067b32430e7,6693,"GOB. CENTRAL, UNIVERSIDADES",INSTITUTO NACIONAL DE PROPIEDAD INDUSTRIAL,1042394,519302,SERVICIOS GENERALES,Metropolitana,https://transparenciachc.blob.core.windows.net/oc-da/Instituciones_compradoras.zip,2026-03-04T17:59:21.648688+00:00
9f1af8a648c6d734a352a00f98881961bd987428335c03705bf39e7a9fda7ec8,4005,MUNICIPALIDADES,I MUNICIPALIDAD PUERTO OCTAY,104899,775119,SECPLAN - PROYECTOS,Los Lagos,https://transparenciachc.blob.core.windows.net/oc-da/Instituciones_compradoras.zip,2026-03-04T17:59:21.648688+00:00
3608b767622d6c76091738d55ba8051c0c12332f6e21839486cb818a8d01b0cc,6008,MUNICIPALIDADES,I MUNICIPALIDAD DE PUYEHUE,105334,3873,DEPARTAMENTO DE SALUD,Los Lagos,https://transparenciachc.blob.core.windows.net/oc-da/Instituciones_compradoras.zip,2026-03-04T17:59:21.648688+00:00
dcd043a1967beae3ce0d7d01ce54c5410d758a95e3981112cafdae8e46215af2,4003,MUNICIPALIDADES,I MUNICIPALIDAD DE COLCHANE,1053458,722641,DEPTO EDUCACION,Tarapacá,https://transparenciachc.blob.core.windows.net/oc-da/Instituciones_compradoras.zip,2026-03-04T17:59:21.648688+00:00
b3e86ea7ec2b1f8670bad9b5ae8894e5f545280a6ca3ca9c724dcf3698de117f,7008,MUNICIPALIDADES,ILUSTRE MUNICIPALIDAD DE TORRES DEL PAIN,106000,5505,ADQUISICIONES,Magallanes y Antártica,https://transparenciachc.blob.core.windows.net/oc-da/Instituciones_compradoras.zip,2026-03-04T17:59:21.648688+00:00
55321ad4210c0b577035090de1344d0b96326ddd5625297292609c9a1f5ba441,4303,"GOB. CENTRAL, UNIVERSIDADES",CONSEJO PARA LA TRANSPARENCIA,1060064,529229,CONSEJO PARA LA TRANSPARENCIA,Metropolitana,https://transparenciachc.blob.core.windows.net/oc-da/Instituciones_compradoras.zip,2026-03-04T17:59:21.648688+00:00
2a27e159a22fd95539c16a5635b42dcb33ea3c41792b6a8c2801d54655017569,2001,MUNICIPALIDADES,I MUNICIPALIDAD DE HUALAIHUE,106170,3890,DEPARTAMENTO DE ADMINISTRACION,Los Lagos,https://transparenciachc.blob.core.windows.net/oc-da/Instituciones_compradoras.zip,2026-03-04T17:59:21.648688+00:00
efd26ec07513ef1cf51ce0b49b5be8c82021a832099b60a9cc1ce9dd091fbe2f,3004,MUNICIPALIDADES,I MUNICIPALIDAD DE LANCO,106876,3894,DEPARTAMENTO DE SALUD,Los Ríos,https://transparenciachc.blob.core.windows.net/oc-da/Instituciones_compradoras.zip,2026-03-04T17:59:21.648688+00:00
c5abb657c9c902037198c6fa8db7896e2f9f704d8c4309c76ad8d7decec764ac,0700,MUNICIPALIDADES,I MUNICIPALIDAD DE FUTRONO,106880,885630,PROGRAMA MAS CAPAZ LICEO LLIFEN,Los Ríos,https://transparenciachc.blob.core.windows.net/oc-da/Instituciones_compradoras.zip,2026-03-04T17:59:21.648688+00:00
bcfc02f2ec8b72bacb00605f28e8d37666eaa7336bb5b6dc8defd4c33c8dd9ad,3009,OTROS,EMPRESA PORTUARIA ANTOFAGASTA,1069779,536937,GERENCIA GENERAL A,Antofagasta,https://transparenciachc.blob.core.windows.net/oc-da/Instituciones_compradoras.zip,2026-03-04T17:59:21.648688+00:00
05f038c2c6dc0e0b62cfd9d6ee2d877bcf7cbc0278241e37d8bc0d6508379eb9,4508,SALUD,HOSPITAL METROPOLITANO DE SANTIAGO,1076658,538598,ABASTECIMIENTO,Metropolitana,https://transparenciachc.blob.core.windows.net/oc-da/Instituciones_compradoras.zip,2026-03-04T17:59:21.648688+00:00
fb1a1b7d06d361f451b1e81fea5381f47a997b6b449802c9598aa46bf2de5e05,8000,OTROS,JUNTA NACIONAL DE CUERPOS DE BOMBEROS DE CHILE,1079772,540362,JUNTA NACIONAL DE CUERPOS DE BOMBEROS DE CHILE,Metropolitana,https://transparenciachc.blob.core.windows.net/oc-da/Instituciones_compradoras.zip,2026-03-04T17:59:21.648688+00:00
3eaaca4a57bd0c0c67409c4810c55cf3506036570f157bdf5088931fa3fdc04a,4907,"GOB. CENTRAL, UNIVERSIDADES",UNIDAD ADMINISTRADORA DE LOS TRIBUNALES TRIBUTARIOS Y ADUANEROS,1083414,752657,T.T.A. REGION DE MAGALLANES,Magallanes y Antártica,https://transparenciachc.blob.core.windows.net/oc-da/Instituciones_compradoras.zip,2026-03-04T17:59:21.648688+00:00
38dc496e4adb39097434bf703994e5eea0a31ad17388b2b392f49250f5cf734c,4713,"GOB. CENTRAL, UNIVERSIDADES",UNIDAD ADMINISTRADORA DE LOS TRIBUNALES TRIBUTARIOS Y ADUANEROS,1083414,785515,SERVICIO DE BIENESTAR DE LOS T.T.A.,Metropolitana,https://transparenciachc.blob.core.windows.net/oc-da/Instituciones_compradoras.zip,2026-03-04T17:59:21.648688+00:00
3671ed2d7afbdcf2f51ae0105b9f8def3d43fb67945428e263cb3d2d1603caea,8009,MUNICIPALIDADES,"CORPORACIÓN DE ECUACIÓN, SALUD Y MENORES DE PUERTO NATALES",1085182,543454,CORMUNAT ADMINISTRACION CENTRAL,Magallanes y Antártica,https://transparenciachc.blob.core.windows.net/oc-da/Instituciones_compradoras.zip,2026-03-04T17:59:21.648688+00:00
59eeb680582379ff6dd332bbd2b9d3fe4d3e365efe75b67be08b66b248196b02,6009,MUNICIPALIDADES,"CORPORACIÓN DE ECUACIÓN, SALUD Y MENORES DE PUERTO NATALES",1085182,1253403,FARMACIA COMUNAL NATALES,Magallanes y Antártica,https://transparenciachc.blob.core.windows.net/oc-da/Instituciones_compradoras.zip,2026-03-04T17:59:21.648688+00:00
2a5b40863083f8816277fc40babcb673ff11803c7d1972d0692c815803d1f26c,7005,MUNICIPALIDADES,CORP MUNICIPAL DE CASTRO PARA LA EDUCACION SALUD Y ATENCION AL MENOR,1088974,545598,CORPOCAS,Los Lagos,https://transparenciachc.blob.core.windows.net/oc-da/Instituciones_compradoras.zip,2026-03-04T17:59:21.648688+00:00
e44faa65bfa051e7f199a1741f4d6c3ce8451e11547ca13b535d166155a04b7b,3008,MUNICIPALIDADES,I MUNICIPALIDAD DE JUAN FERNANDEZ,108932,3908,EDUCACIÓN,Valparaíso,https://transparenciachc.blob.core.windows.net/oc-da/Instituciones_compradoras.zip,2026-03-04T17:59:21.648688+00:00
827596b0ff0d94a4052f0896e28cd8e59d576801ff4e11c6ce03c0839474ddde,4400,"GOB. CENTRAL, UNIVERSIDADES",INSTITUTO DE PREVISION SOCIAL,1090469,661769,IPS PASAJES AEREOS,Metropolitana,https://transparenciachc.blob.core.windows.net/oc-da/Instituciones_compradoras.zip,2026-03-04T17:59:21.648688+00:00
f8b80f408cbcb989fef0e6f5f827de39ed2c33f99911fc0a51266d7e1598e6db,6209,"GOB. CENTRAL, UNIVERSIDADES",INSTITUTO DE PREVISION SOCIAL,1090469,565314,SERVICIO DE BIENESTAR IPS,Metropolitana,https://transparenciachc.blob.core.windows.net/oc-da/Instituciones_compradoras.zip,2026-03-04T17:59:21.648688+00:00
213f18fdd4df0803cba0fdc4ffee841e46c0c2fb4f50662b891f6095e75c798b,1008,MUNICIPALIDADES,I MUNICIPALIDAD DE CHANARAL,109196,828187,OPERACIONES,Atacama,https://transparenciachc.blob.core.windows.net/oc-da/Instituciones_compradoras.zip,2026-03-04T17:59:21.648688+00:00
d54b3eed5daf779173094b197138581a910493cd4306a2f45ec1d0626917720f,7003,MUNICIPALIDADES,ILUSTRE MUNICIPALIDAD DE QUELLÓN,110102,5701,DIDECO,Los Lagos,https://transparenciachc.blob.core.windows.net/oc-da/Instituciones_compradoras.zip,2026-03-04T17:59:21.648688+00:00
fedc6c926175a786b1c52ad8ec3ef7c275bc20dba0f297bae0bed9e17b4e0779,3017,MUNICIPALIDADES,CORP DE DESARROLLO SOCIAL DE PROVIDENCIA,1101613,552975,CDSP,Metropolitana,https://transparenciachc.blob.core.windows.net/oc-da/Instituciones_compradoras.zip,2026-03-04T17:59:21.648688+00:00
fd2dda150e14d0b9d08d9219987a110ded1104003ab817a8b30cdf95143aac5c,3003,MUNICIPALIDADES,I MUNICIPALIDAD DE PALENA,110393,892563,DEPTO. SALUD,Los Lagos,https://transparenciachc.blob.core.windows.net/oc-da/Instituciones_compradoras.zip,2026-03-04T17:59:21.648688+00:00
d5b270bbb52676f161ce17e524bb103f7984e90f60cf9557338a7d3342e6acb5,2003,OTROS,CORPORACION SODEM,1104537,577135,13-550303-01302-09  (SODEM),Metropolitana,https://transparenciachc.blob.core.windows.net/oc-da/Instituciones_compradoras.zip,2026-03-04T17:59:21.648688+00:00
d34a1d6e6cb3c42941a1fdca391e1cd45dc482c38d6702736732d3870fcdf9b6,2009,MUNICIPALIDADES,CORP MUNICIPAL DE SERVICIOS PUBLICOS TRASPASADOS DE RANCAGUA,1109551,557639,CORMUN RANCAGUA - ADMINISTRACIÓN CENTRAL,Lib. Gral. Bdo. O'Higgins,https://transparenciachc.blob.core.windows.net/oc-da/Instituciones_compradoras.zip,2026-03-04T17:59:21.648688+00:00
fce4fb346148c2b757b3fcafa268c6f7d0f10e1997dead27b4ebd9674b50be8c,9003,MUNICIPALIDADES,"CORPORACION MUNICIPAL DE EDUCACION,SALUD,CULTURA Y ATENCION AL MENOR,",1110112,662900,ÁREA EDUCACIÓN,Valparaíso,https://transparenciachc.blob.core.windows.net/oc-da/Instituciones_compradoras.zip,2026-03-04T17:59:21.648688+00:00
558724220eb6e579788b610a886d2aba2033ad788b91f36a0626722a141173f6,0541,"GOB. CENTRAL, UNIVERSIDADES",DELEGACIÓN PRESIDENCIAL PROVINCIAL DE SAN ANTONIO,111119,3918,GOBERNACIÓN PROVINCIAL DE SAN ANTONIO,Valparaíso,https://transparenciachc.blob.core.windows.net/oc-da/Instituciones_compradoras.zip,2026-03-04T17:59:21.648688+00:00
d4c36dbe974ac6e51b0f455e5d008a3d08f9e42985934462159883a6550023bb,2009,MUNICIPALIDADES,I MUNICIPALIDAD DE ALHUE,111124,3921,DPTO EDUCACION,Metropolitana,https://transparenciachc.blob.core.windows.net/oc-da/Instituciones_compradoras.zip,2026-03-04T17:59:21.648688+00:00
1e1ab333c61415bd73029422d832333f68df6d38feb67208aea9bea5c0262810,6002,MUNICIPALIDADES,CORP MUNICIPAL DE DESARROLLO SOCIAL DE A,1111614,561704,SEP - DIRECCIÓN DE EDUCACIÓN,Antofagasta,https://transparenciachc.blob.core.windows.net/oc-da/Instituciones_compradoras.zip,2026-03-04T17:59:21.648688+00:00
0fea0f9563f993b1c5617bba6155f608314e3588f6b8819a1d14268df67b083c,0404,FFAA,COMANDO DE APOYO A LA FUERZA,111870,1000813,"JEFATURA ADM. Y LOG. CAMPO MILITAR ""AUSTRAL",Magallanes y Antártica,https://transparenciachc.blob.core.windows.net/oc-da/Instituciones_compradoras.zip,2026-03-04T17:59:21.648688+00:00
0f0a49f269dff4a41b289e3ea5331488ac4e4e785a8a80f56311cc7502cdae3b,8470,FFAA,COMANDO DE APOYO A LA FUERZA,111870,1006693,"JEFATURA ADM. Y LOG. CAMPO MILITAR ""AZAPA",Arica y Parinacota,https://transparenciachc.blob.core.windows.net/oc-da/Instituciones_compradoras.zip,2026-03-04T17:59:21.648688+00:00
d3523bf3dd8769182b5d85c21dbf91cf218ff857236f501d3b2f0549fb9ffcb5,3608,FFAA,COMANDO DE APOYO A LA FUERZA,111870,1009566,DIVLOG - JEFATURA ADM. Y LOGÍSTICA,Metropolitana,https://transparenciachc.blob.core.windows.net/oc-da/Instituciones_compradoras.zip,2026-03-04T17:59:21.648688+00:00
f33708eb83cfcc2894b43534163a2226db7da16cf098ead24b2ab7ef84e56819,1753,FFAA,COMANDO DE APOYO A LA FUERZA,111870,1013609,"JEFATURA ADM. Y LOG. CAMPO MILITAR ""ANTOFAGASTA",Antofagasta,https://transparenciachc.blob.core.windows.net/oc-da/Instituciones_compradoras.zip,2026-03-04T17:59:21.648688+00:00
4bb78083f0a1e7eb445404d5f22fb602f130290045eb5898874bf45b20543d0e,0720,FFAA,COMANDO DE APOYO A LA FUERZA,111870,1094080,DIVBIE - ALMACÉN MILITAR DEL EJÉRCITO,Metropolitana,https://transparenciachc.blob.core.windows.net/oc-da/Instituciones_compradoras.zip,2026-03-04T17:59:21.648688+00:00
85ea136e6d39996c1d1f08a81935fe5e5c42c7ba162b7fffcec35000d36cff90,9008,FFAA,COMANDO DE APOYO A LA FUERZA,111870,1178410,DIRECCIÓN DE PLANIF DE INF DEL EJÉRCITO - DIPLINE,Metropolitana,https://transparenciachc.blob.core.windows.net/oc-da/Instituciones_compradoras.zip,2026-03-04T17:59:21.648688+00:00
01cec25e29ee282411f6d86538ee4a607f5d58b89d8c3cdd56c123b64c98b299,9105,FFAA,COMANDO DE APOYO A LA FUERZA,111870,1178669,DIRECCIÓN DE MANDO Y CONTROL DEL EJÉRCITO -DIMACOE,Metropolitana,https://transparenciachc.blob.core.windows.net/oc-da/Instituciones_compradoras.zip,2026-03-04T17:59:21.648688+00:00
29b00fb7b2f9253c4a5365971ed7e6848b8a3e713aa99fe35d86e579bcc1d783,6848,FFAA,COMANDO DE APOYO A LA FUERZA,111870,1182102,BRIGADA DE INTELIGENCIA DEL EJÉRCITO - BINTE,Metropolitana,https://transparenciachc.blob.core.windows.net/oc-da/Instituciones_compradoras.zip,2026-03-04T17:59:21.648688+00:00
f3770598da6d81eb4b3250700f1dcc257f88e361eff65402914f61b55280c9f7,7488,FFAA,COMANDO DE APOYO A LA FUERZA,111870,1186767,COMANDO DE OPERACIONES ESPECIALES DEL EJÉRCITO,Metropolitana,https://transparenciachc.blob.core.windows.net/oc-da/Instituciones_compradoras.zip,2026-03-04T17:59:21.648688+00:00
a25d8958387b69280a339a0ac7f58047e23918d16412279c62309d4555d3c3c8,0104,FFAA,COMANDO DE APOYO A LA FUERZA,111870,1264053,JEFATURA DE PLANIFICACIÓN Y GESTIÓN DE SALUD,Metropolitana,https://transparenciachc.blob.core.windows.net/oc-da/Instituciones_compradoras.zip,2026-03-04T17:59:21.648688+00:00
eeb6cacba231f32006911407509ccab74b061577e71d621c59f723fb39ede192,6607,FFAA,COMANDO DE APOYO A LA FUERZA,111870,296960,JEFATURA DE INSTALACIONES DE SALUD - JIS,Metropolitana,https://transparenciachc.blob.core.windows.net/oc-da/Instituciones_compradoras.zip,2026-03-04T17:59:21.648688+00:00
f245db28534a4355bac9aa16d368dc01ac138b8842f60a1dd48e8adb53b9ffd4,1032,FFAA,COMANDO DE APOYO A LA FUERZA,111870,5936,DIVSAL - JEF DEL SERVICIO DE MEDICINA PREVENTIVA,Metropolitana,https://transparenciachc.blob.core.windows.net/oc-da/Instituciones_compradoras.zip,2026-03-04T17:59:21.648688+00:00
5e792d0155a5b823649730cb6abbd5dbfffc9b8d12abe9a5344bc22af29bd113,0591,FFAA,COMANDO DE APOYO A LA FUERZA,111870,4260,DIVISIÓN DE TELECOMUNICACIONES - DIVTEL,Metropolitana,https://transparenciachc.blob.core.windows.net/oc-da/Instituciones_compradoras.zip,2026-03-04T17:59:21.648688+00:00
283832b5eee1be8701b75b48457bb70bfb621004635cf248be5157f8569236c1,8509,FFAA,COMANDO DE APOYO A LA FUERZA,111870,4261,BRIGADA MOTORIZADA Nº 24 HUAMACHUCO BRIMOT N° 24,Arica y Parinacota,https://transparenciachc.blob.core.windows.net/oc-da/Instituciones_compradoras.zip,2026-03-04T17:59:21.648688+00:00
65c36ecdd3148b5e2b82d18388772ff2b63650d67ec8055d065d614a8a2edf05,0192,FFAA,COMANDO DE APOYO A LA FUERZA,111870,5266,AGRUPACIÓN ESPECIAL DE COMANDOS - AGRUPESPCDOS,Metropolitana,https://transparenciachc.blob.core.windows.net/oc-da/Instituciones_compradoras.zip,2026-03-04T17:59:21.648688+00:00
5131fa1e396857937ee4c31ab24b8143d43e53041b28a6ee275e6372851560c5,0788,FFAA,COMANDO DE APOYO A LA FUERZA,111870,837322,DIVISIÓN DE ADQUISICIONES - INSTITUCIONAL,Metropolitana,https://transparenciachc.blob.core.windows.net/oc-da/Instituciones_compradoras.zip,2026-03-04T17:59:21.648688+00:00
28a786811374b37ebcacf8cd6de0670c0527e16f7bb57aeef0a849c376891715,0362,FFAA,COMANDO DE APOYO A LA FUERZA,111870,4268,COMANDANCIA EN JEFE DEL EJÉRCITO - CJE,Metropolitana,https://transparenciachc.blob.core.windows.net/oc-da/Instituciones_compradoras.zip,2026-03-04T17:59:21.648688+00:00
fb7df57f2dcfbfdf89e780fb3068f67044aebb1c2e0e58adc5f76b563bccb795,0826,FFAA,COMANDO DE APOYO A LA FUERZA,111870,4269,"CENTRO CLÍNICO MILITAR ""ARICA"" - CCM ARICA",Arica y Parinacota,https://transparenciachc.blob.core.windows.net/oc-da/Instituciones_compradoras.zip,2026-03-04T17:59:21.648688+00:00
ca0502b99f48603a8f0951bc095b40a7b132405556dadd87a703cff52ac02e7e,3230,FFAA,COMANDO DE APOYO A LA FUERZA,111870,4270,2DA BRIGADA ACORAZADA CAZADORES - 2DA BRIACO,Tarapacá,https://transparenciachc.blob.core.windows.net/oc-da/Instituciones_compradoras.zip,2026-03-04T17:59:21.648688+00:00
8229da65d652983e57615f845cc7ae2f612e96080973e7caa5d2b30ba471a2ea,0494,FFAA,COMANDO DE APOYO A LA FUERZA,111870,4271,TESORERÍA DEL ESTADO MAYOR GENERAL DEL EJÉRCITO - TEMGE,Metropolitana,https://transparenciachc.blob.core.windows.net/oc-da/Instituciones_compradoras.zip,2026-03-04T17:59:21.648688+00:00
91556a10f614c8d1cda3adb72da5590900b319ac701670188d07c55e36bf8674,0214,FFAA,COMANDO DE APOYO A LA FUERZA,111870,4272,ACADEMIA POLITÉCNICA MILITAR - ACAPOMIL,Metropolitana,https://transparenciachc.blob.core.windows.net/oc-da/Instituciones_compradoras.zip,2026-03-04T17:59:21.648688+00:00
ddfac69f270e06367fcf729cac69b4a4fa58b9436769afcd6d68e3ee2452dd4a,0249,FFAA,COMANDO DE APOYO A LA FUERZA,111870,4273,ESCUELA DE CABALLERÍA BLINDADA - ESC CBL,Tarapacá,https://transparenciachc.blob.core.windows.net/oc-da/Instituciones_compradoras.zip,2026-03-04T17:59:21.648688+00:00
b3e422711a24a0cb3b23bc03b524574ee63f3da45acb579323780aaef2b2aa74,0524,FFAA,COMANDO DE APOYO A LA FUERZA,111870,4274,TESORERÍA DEL EJÉRCITO - TE,Metropolitana,https://transparenciachc.blob.core.windows.net/oc-da/Instituciones_compradoras.zip,2026-03-04T17:59:21.648688+00:00
c3ee812f5c1160974fd4b96e992e6fe971cd388378c0f566ac17d46f098c55a4,0761,FFAA,COMANDO DE APOYO A LA FUERZA,111870,4276,DESTACAMENTO MONTAÑA Nº 17 LOS ÁNGELES-DESMÑA N°17,Bío-Bío,https://transparenciachc.blob.core.windows.net/oc-da/Instituciones_compradoras.zip,2026-03-04T17:59:21.648688+00:00
8f76e4e5cbfbd64e87b791a0b37034b9ea33ddf56583dbdd547fe59ed1d9f5a5,1002,FFAA,COMANDO DE APOYO A LA FUERZA,111870,4277,DIRECCIÓN DE OPERACIONES DEL EJÉRCITO - DOE,Metropolitana,https://transparenciachc.blob.core.windows.net/oc-da/Instituciones_compradoras.zip,2026-03-04T17:59:21.648688+00:00
a62e225cd6a94b38bd7f1efe830a226ea4f3045b9a556d8d61dc9827b4a87d5c,8008,FFAA,COMANDO DE APOYO A LA FUERZA,111870,4279,CENTRO DE ESTUDIOS E INVESTIGACIONES MILITARES - CESIM,Metropolitana,https://transparenciachc.blob.core.windows.net/oc-da/Instituciones_compradoras.zip,2026-03-04T17:59:21.648688+00:00
79484b67b2c4e1d7654f60b4559dfc2946faa9ec1b097238084b9a6c17347ca1,3008,FFAA,COMANDO DE APOYO A LA FUERZA,111870,4280,CENTRO CLÍNICO MILITAR IQUIQUE - CCM IQUIQUE,Tarapacá,https://transparenciachc.blob.core.windows.net/oc-da/Instituciones_compradoras.zip,2026-03-04T17:59:21.648688+00:00
31066ce6d386843cb3c5053a50a5174e7e7c64f8f1eba89edca6387f27f31637,1008,FFAA,COMANDO DE APOYO A LA FUERZA,111870,4281,DIRECCIÓN DE FINANZAS DEL EJÉRCITO - DIFE,Metropolitana,https://transparenciachc.blob.core.windows.net/oc-da/Instituciones_compradoras.zip,2026-03-04T17:59:21.648688+00:00
db604308203c3bb13c3b82bc6301c59582620544497b883a56b26d1016d6c733,3006,FFAA,COMANDO DE APOYO A LA FUERZA,111870,4282,COMANDO DE OPERACIONES TERRESTRES - COT,Bío-Bío,https://transparenciachc.blob.core.windows.net/oc-da/Instituciones_compradoras.zip,2026-03-04T17:59:21.648688+00:00
294acc09a091a5e3b829b26c5940a99e622bc3bc365551f228aac8d2f6647ee5,6005,FFAA,COMANDO DE APOYO A LA FUERZA,111870,4283,AUDITORIA GENERAL DEL EJÉRCITO - AUGE,Metropolitana,https://transparenciachc.blob.core.windows.net/oc-da/Instituciones_compradoras.zip,2026-03-04T17:59:21.648688+00:00
7e1e7bb44ead2d0e39872a86e6d58cbc1cd66830de6bde4c3ae0ec0b8c961d4f,0451,FFAA,COMANDO DE APOYO A LA FUERZA,111870,836578,DIVISIÓN DE BIENESTAR - JEFATURA DE ZONAS,Metropolitana,https://transparenciachc.blob.core.windows.net/oc-da/Instituciones_compradoras.zip,2026-03-04T17:59:21.648688+00:00
2095b42c4b2624b75fb807b797707f3c8746770bd15c16b8298e95a3121ebfc4,0003,FFAA,COMANDO DE APOYO A LA FUERZA,111870,4286,REGIMIENTO Nº 6 CHACABUCO -R N° 6,Bío-Bío,https://transparenciachc.blob.core.windows.net/oc-da/Instituciones_compradoras.zip,2026-03-04T17:59:21.648688+00:00
b99e1ebf489bd34e656d84089fdf92b7c3943109e4232c26e2b641de43a6fef2,0109,FFAA,COMANDO DE APOYO A LA FUERZA,111870,4287,CUARTEL GENERAL V DIVISIÓN DE EJÉRCITO - CGVDE,Magallanes y Antártica,https://transparenciachc.blob.core.windows.net/oc-da/Instituciones_compradoras.zip,2026-03-04T17:59:21.648688+00:00
202cb6fde8a4f17a2c9af69d849fb5b42b1dfe7e9b4db86613c8342ad45a8b16,4008,FFAA,COMANDO DE APOYO A LA FUERZA,111870,4288,"REGIMIENTO LOGÍSTICO N° 5 ""MAGALLANES",Magallanes y Antártica,https://transparenciachc.blob.core.windows.net/oc-da/Instituciones_compradoras.zip,2026-03-04T17:59:21.648688+00:00
a907f9b63e0cecf7e3714052a6e7a6aa7a65dd7a4661f9964928ffda5381ce58,0567,FFAA,COMANDO DE APOYO A LA FUERZA,111870,4291,"REGIMIENTO DE INTELIGENCIA DEL EJERCITO N 1 ""SOBERANIA",Metropolitana,https://transparenciachc.blob.core.windows.net/oc-da/Instituciones_compradoras.zip,2026-03-04T17:59:21.648688+00:00
97903e2ad6afe77ab8dcfed011a9a525559299d67583654fc02c18cb06a46305,7000,FFAA,COMANDO DE APOYO A LA FUERZA,111870,4292,BRIGADA DE AVIACIÓN DEL EJÉRCITO -BAVE,Lib. Gral. Bdo. O'Higgins,https://transparenciachc.blob.core.windows.net/oc-da/Instituciones_compradoras.zip,2026-03-04T17:59:21.648688+00:00
97c9b10b23ec1b6c124ebaaec47a3afd0437aa8c8a0c2854a9059127bd6aed2a,0184,FFAA,COMANDO DE APOYO A LA FUERZA,111870,4294,ESCUELA DE PARACAIDISTAS Y FUERZAS ESPECIALES - ESCPARACFFEE,Metropolitana,https://transparenciachc.blob.core.windows.net/oc-da/Instituciones_compradoras.zip,2026-03-04T17:59:21.648688+00:00
355bb86e495910ade28256632856a0ad2c957a87c6932e6d71a199194be57647,0060,FFAA,COMANDO DE APOYO A LA FUERZA,111870,4295,"REGIMIENTO N° 19 ""COLCHAGUA",Lib. Gral. Bdo. O'Higgins,https://transparenciachc.blob.core.windows.net/oc-da/Instituciones_compradoras.zip,2026-03-04T17:59:21.648688+00:00
fc55090075d7093fbd0728743c919c996ffd9c2ae48c133248b62eb9094c4995,0427,FFAA,COMANDO DE APOYO A LA FUERZA,111870,4296,COMANDANCIA GRAL. GUARNICIÓN DE EJÉRCITO REGIÓN METROPOLIT,Metropolitana,https://transparenciachc.blob.core.windows.net/oc-da/Instituciones_compradoras.zip,2026-03-04T17:59:21.648688+00:00
9ba2e03aeca687858fb35c7b679bcc438e9f89c30a9feeb5a0cb95a399d499d1,8901,FFAA,COMANDO DE APOYO A LA FUERZA,111870,4298,REGIMIENTO LOGÍSTICO DEL EJÉRCITO Nº 3 LIMACHE,Metropolitana,https://transparenciachc.blob.core.windows.net/oc-da/Instituciones_compradoras.zip,2026-03-04T17:59:21.648688+00:00
17eaf3a5bb94823f7e8cddec2bf9a85fc664ab3060e03c323dc1b6100d8780ee,0303,FFAA,COMANDO DE APOYO A LA FUERZA,111870,4299,HOSPITAL MILITAR DE SANTIAGO- HMS,Metropolitana,https://transparenciachc.blob.core.windows.net/oc-da/Instituciones_compradoras.zip,2026-03-04T17:59:21.648688+00:00
a7df47f95e0e6492071e0d0cb304eec0adb806b773caf0e4ffc06fca53b3ae96,1001,FFAA,COMANDO DE APOYO A LA FUERZA,111870,4302,REGIMIENTO ESCOLTA PRESIDENCIAL N° 1 GRANADEROS,Valparaíso,https://transparenciachc.blob.core.windows.net/oc-da/Instituciones_compradoras.zip,2026-03-04T17:59:21.648688+00:00
a612f0d05bdf37095940914197b9f95c6261962f6b20ba571df9cde7b63d4721,1270,FFAA,COMANDO DE APOYO A LA FUERZA,111870,4303,CENTRO CLÍNICO MILITAR CONCEPCIÓN- CCM CONCEPCIÓN,Bío-Bío,https://transparenciachc.blob.core.windows.net/oc-da/Instituciones_compradoras.zip,2026-03-04T17:59:21.648688+00:00
8dc30669b1e5056f114be50523d2808a803419aa9ebb554ff267d66578ecf446,0311,FFAA,COMANDO DE APOYO A LA FUERZA,111870,4304,CENTRAL ODONTOLÓGICA DEL EJÉRCITO -  COE,Metropolitana,https://transparenciachc.blob.core.windows.net/oc-da/Instituciones_compradoras.zip,2026-03-04T17:59:21.648688+00:00
abf5d69cad8fac9f5254695a42cd95aae4643d6d5af60a8215aeae8f23c872b1,6001,FFAA,COMANDO DE APOYO A LA FUERZA,111870,4305,INSTITUTO GEOGRÁFICO MILITAR -IGM,Metropolitana,https://transparenciachc.blob.core.windows.net/oc-da/Instituciones_compradoras.zip,2026-03-04T17:59:21.648688+00:00
a707af866db1a85fc6ac81da105a0a2729f27da17fdc6a18b1886675b8d925b2,0230,FFAA,COMANDO DE APOYO A LA FUERZA,111870,4306,ESCUELA DE ARTILLERÍA - ESCART,Maule,https://transparenciachc.blob.core.windows.net/oc-da/Instituciones_compradoras.zip,2026-03-04T17:59:21.648688+00:00
7bf9ca883e5edf6f2ee74a5c11a985d1b3f569c6e8cb693128770829f7010e68,0087,FFAA,COMANDO DE APOYO A LA FUERZA,111870,853043,RLE N° 1 - HOSPITAL MODULAR DE CAMPAÑA,Metropolitana,https://transparenciachc.blob.core.windows.net/oc-da/Instituciones_compradoras.zip,2026-03-04T17:59:21.648688+00:00
86007c16d8370739efda365446ead78e8922e8a69a06c26a664d8f57d63f4f50,0117,FFAA,COMANDO DE APOYO A LA FUERZA,111870,4309,CUARTEL GENERAL IV DIVISIÓN DE EJÉRCITO - CGIVDE,Aysén,https://transparenciachc.blob.core.windows.net/oc-da/Instituciones_compradoras.zip,2026-03-04T17:59:21.648688+00:00
818a14ac737a0b13db4b1dd40bab810298c496721936fae28c98c7a7e01f36c2,2409,FFAA,COMANDO DE APOYO A LA FUERZA,111870,4310,COMANDANCIA GUARNICIÓN DE EJÉRCITO ARICA - CGEARI,Arica y Parinacota,https://transparenciachc.blob.core.windows.net/oc-da/Instituciones_compradoras.zip,2026-03-04T17:59:21.648688+00:00
a05983664676d0e7a13723f7370dc43a5d133a3f75bae4985845647e3907c9ce,5005,FFAA,COMANDO DE APOYO A LA FUERZA,111870,4311,BRIGADA MOTORIZADA Nº 4 RANCAGUA - BRIMOT N 4,Arica y Parinacota,https://transparenciachc.blob.core.windows.net/oc-da/Instituciones_compradoras.zip,2026-03-04T17:59:21.648688+00:00
0d18368cbd1a16ee41419f703a3e9df42df82e26ded3ee6cb7e13c7dd440dd29,0869,FFAA,COMANDO DE APOYO A LA FUERZA,111870,4312,HOSPITAL MILITAR DEL NORTE - HMN,Antofagasta,https://transparenciachc.blob.core.windows.net/oc-da/Instituciones_compradoras.zip,2026-03-04T17:59:21.648688+00:00
796e0c8e3cfe4edbe72f193a19477c7386906c6c324a733c00b7ad319e792fab,0036,FFAA,COMANDO DE APOYO A LA FUERZA,111870,4315,COMANDO DE LA I DIVISIÓN DE EJÉRCITO - CDO I DE,Antofagasta,https://transparenciachc.blob.core.windows.net/oc-da/Instituciones_compradoras.zip,2026-03-04T17:59:21.648688+00:00
38522388ef5eb1971e61ec6180229788570b70d856f2abe13850b41c2efe28c5,7009,FFAA,COMANDO DE APOYO A LA FUERZA,111870,4317,CUARTEL GENERAL I DIVISIÓN DE EJÉRCITO - CGIDE,Antofagasta,https://transparenciachc.blob.core.windows.net/oc-da/Instituciones_compradoras.zip,2026-03-04T17:59:21.648688+00:00
2414b6bc31147313d22a25864ebf0fd89a2079d7e32f30eb88a02ff1dc06fd8c,8007,FFAA,COMANDO DE APOYO A LA FUERZA,111870,4320,REGIMIENTO N° 16 TALCA - R Nº16,Maule,https://transparenciachc.blob.core.windows.net/oc-da/Instituciones_compradoras.zip,2026-03-04T17:59:21.648688+00:00
a34921d3f83419912a352f0f33eb831e8e40afa6243dbc8696c6cda94a6d3010,4708,FFAA,COMANDO DE APOYO A LA FUERZA,111870,4328,REGIMIENTO N° 10 PUDETO - R N° 10,Magallanes y Antártica,https://transparenciachc.blob.core.windows.net/oc-da/Instituciones_compradoras.zip,2026-03-04T17:59:21.648688+00:00
da14c8ce89aa595dec9b4f768f7c18f00d0e2d92c24fe8daa9f3efd57234c2db,4554,FFAA,COMANDO DE APOYO A LA FUERZA,111870,4330,DESTACAMENTO MOTORIZADO Nº 11 CAUPOLICÁN,Magallanes y Antártica,https://transparenciachc.blob.core.windows.net/oc-da/Instituciones_compradoras.zip,2026-03-04T17:59:21.648688+00:00
f1116f99f7caf03b0d801db2b2c547b3c8bc695357ff67ef8af5fc4c3258d805,1080,FFAA,COMANDO DE APOYO A LA FUERZA,111870,4333,DESTACAMENTO ACORAZADO Nº 5 LANCEROS - DESACO 5,Magallanes y Antártica,https://transparenciachc.blob.core.windows.net/oc-da/Instituciones_compradoras.zip,2026-03-04T17:59:21.648688+00:00
38dbefe4dc96f418c891992fa502c95fc6243ed62aaedea2d68a47d5a40e3ae1,7007,FFAA,COMANDO DE APOYO A LA FUERZA,111870,4334,CUARTEL GENERAL VI DIVISIÓN DE EJÉRCITO - CGVIDE,Tarapacá,https://transparenciachc.blob.core.windows.net/oc-da/Instituciones_compradoras.zip,2026-03-04T17:59:21.648688+00:00
a264d89f87ffebe506d00f44f5e38893c250125e286ac0636cfe3aa38abec6d0,7006,FFAA,COMANDO DE APOYO A LA FUERZA,111870,4336,ESCUELA DE LOS SERVICIOS - ESCSERV,Metropolitana,https://transparenciachc.blob.core.windows.net/oc-da/Instituciones_compradoras.zip,2026-03-04T17:59:21.648688+00:00
c8552d5cbb32302c172b638230aba59c9c522201495781d0c4b8634c4243238b,0176,FFAA,COMANDO DE APOYO A LA FUERZA,111870,4337,ESCUELA MILITAR -ESCMIL,Metropolitana,https://transparenciachc.blob.core.windows.net/oc-da/Instituciones_compradoras.zip,2026-03-04T17:59:21.648688+00:00
02bccf39979dca75287f21cbfd601e5336f8e7063db7c4cc356aaa7d841b9f64,0540,FFAA,COMANDO DE APOYO A LA FUERZA,111870,4341,COMANDO DE INDUSTRIA MILITAR E INGENIERÍA - CIMI,Metropolitana,https://transparenciachc.blob.core.windows.net/oc-da/Instituciones_compradoras.zip,2026-03-04T17:59:21.648688+00:00
2db8306b941138d90a2696ae1a7279f4d27d4eb5114b10c391ab1a3cd3b72763,2200,FFAA,COMANDO DE APOYO A LA FUERZA,111870,4342,REGIMIENTO DE POLICÍA MILITAR Nº1 SANTIAGO - REGPOLMILNº1,Metropolitana,https://transparenciachc.blob.core.windows.net/oc-da/Instituciones_compradoras.zip,2026-03-04T17:59:21.648688+00:00
55c8a7350c344e5c3a9f0eda1469da6bf0d1cc9223c1d7be6e1495d3edb35c38,9004,FFAA,COMANDO DE APOYO A LA FUERZA,111870,4349,"DESTACAMENTO DE MONTAÑA N° 8 ""TUCAPEL"" DESMÑA N° 8",Araucanía,https://transparenciachc.blob.core.windows.net/oc-da/Instituciones_compradoras.zip,2026-03-04T17:59:21.648688+00:00
8013b52e66b3ae015c95a05017bc51e897747261648d3ed54c3e1c53e6ab5459,0850,FFAA,COMANDO DE APOYO A LA FUERZA,111870,4352,REGIMIENTO N° 8 CHILOÉ - R Nº 8,Aysén,https://transparenciachc.blob.core.windows.net/oc-da/Instituciones_compradoras.zip,2026-03-04T17:59:21.648688+00:00
0a0fec404f6e908f79e4c6262c01cf479e879ea1226d9ee8300d4fe5201a3251,0273,FFAA,COMANDO DE APOYO A LA FUERZA,111870,4357,ESCUELA DE SUBOFICIALES  - ESCSOF,Metropolitana,https://transparenciachc.blob.core.windows.net/oc-da/Instituciones_compradoras.zip,2026-03-04T17:59:21.648688+00:00
c979b2f627040aef085756fc04d640157c27353ae498ebba11d92d3b7af57868,0222,FFAA,COMANDO DE APOYO A LA FUERZA,111870,4359,ESCUELA DE INFANTERÍA - ESCINF,Metropolitana,https://transparenciachc.blob.core.windows.net/oc-da/Instituciones_compradoras.zip,2026-03-04T17:59:21.648688+00:00
efafa33b4a846fdd4152a72609717221cfbff749ce9c2a329502e3a1188e06f8,4009,FFAA,COMANDO DE APOYO A LA FUERZA,111870,4365,REGIMIENTO LOGÍSTICO DEL EJÉRCITO Nº2 ARSENALES DE GUERRA,Metropolitana,https://transparenciachc.blob.core.windows.net/oc-da/Instituciones_compradoras.zip,2026-03-04T17:59:21.648688+00:00
762e09e5017fb064ff5ab5085442e80d0b551ef74ed5490b9ce167973c0bfabf,0281,FFAA,COMANDO DE APOYO A LA FUERZA,111870,4367,ESCUELA DE MONTAÑA - ESCMÑA,Valparaíso,https://transparenciachc.blob.core.windows.net/oc-da/Instituciones_compradoras.zip,2026-03-04T17:59:21.648688+00:00
64b0c8888b92771a031923cdbf0599a4f29fdce7e7252848a7a40c78a2a115a3,0265,FFAA,COMANDO DE APOYO A LA FUERZA,111870,4371,ESCUELA DE TELECOMUNICACIONES - ESCTEL,Metropolitana,https://transparenciachc.blob.core.windows.net/oc-da/Instituciones_compradoras.zip,2026-03-04T17:59:21.648688+00:00
fd48cd0176c03fbe988a6d9827f3bbf97dbe007d6fd7cdbff13c67fc19260361,4643,FFAA,COMANDO DE APOYO A LA FUERZA,111870,4376,"REGIMIENTO DE INFANTERÍA N° 1 ""BUÍN",Metropolitana,https://transparenciachc.blob.core.windows.net/oc-da/Instituciones_compradoras.zip,2026-03-04T17:59:21.648688+00:00
4a759dc43c642b7c83f87bad560b07218f4a7413a6d0aa31961b29e2f7a5b3fe,3005,FFAA,COMANDO DE APOYO A LA FUERZA,111870,737522,COMANDO DE LA II DIV. MOTORIZADA - CDO II DIVMOT,Metropolitana,https://transparenciachc.blob.core.windows.net/oc-da/Instituciones_compradoras.zip,2026-03-04T17:59:21.648688+00:00
9b29739697284b9a3adf202f92126409b30de5ffd7fe9f09ab4a6688d082f96c,7570,FFAA,COMANDO DE APOYO A LA FUERZA,111870,4380,1RA BRIGADA ACORAZADA CORACEROS - 1RA BRIACO,Arica y Parinacota,https://transparenciachc.blob.core.windows.net/oc-da/Instituciones_compradoras.zip,2026-03-04T17:59:21.648688+00:00
63666182f6cb78f46dbe8367b2c2a648a4d54d32ff98f380468351e2461de510,0699,FFAA,COMANDO DE APOYO A LA FUERZA,111870,4381,"REGIMIENTO LOGÍSTICO N° 3 ""VICTORIA",Araucanía,https://transparenciachc.blob.core.windows.net/oc-da/Instituciones_compradoras.zip,2026-03-04T17:59:21.648688+00:00
d8402558548b485e3a3cfdf1410ec563c08cd440484576f814e2e909e0c5e489,4716,FFAA,COMANDO DE APOYO A LA FUERZA,111870,4401,DESTACAMENTO MONTAÑA Nº 9 ARAUCO - DESMÑA N° 9,Los Lagos,https://transparenciachc.blob.core.windows.net/oc-da/Instituciones_compradoras.zip,2026-03-04T17:59:21.648688+00:00
2e6c232fa043da118e1d841fa4f1436b6578255758110dd97a92b1e84b26730b,1015,FFAA,COMANDO DE APOYO A LA FUERZA,111870,4402,"REGIMIENTO N° 12 ""SANGRA",Los Lagos,https://transparenciachc.blob.core.windows.net/oc-da/Instituciones_compradoras.zip,2026-03-04T17:59:21.648688+00:00
13547ec435d6aad7458ea5efc685d550d1ac457f775d55804cae997df5536744,2006,FFAA,COMANDO DE APOYO A LA FUERZA,111870,4403,"REGIMIENTO N° 9 ""CHILLÁN",Ñuble,https://transparenciachc.blob.core.windows.net/oc-da/Instituciones_compradoras.zip,2026-03-04T17:59:21.648688+00:00
80f6960f6edb1225b2d7b2688d53ed10dbf92a81417c2d3e19b34a7ca5b56f4c,8304,FFAA,COMANDO DE APOYO A LA FUERZA,111870,4404,"REGIMIENTO LOGÍSTICO N° 6 ""PISAGUA",Arica y Parinacota,https://transparenciachc.blob.core.windows.net/oc-da/Instituciones_compradoras.zip,2026-03-04T17:59:21.648688+00:00
655298d821474fa24347850add0c11f6d395c366f2326c45614d278c21a7b353,0559,FFAA,COMANDO DE APOYO A LA FUERZA,111870,4443,ESCUELA DE INTELIGENCIA  - ESCINTEL,Metropolitana,https://transparenciachc.blob.core.windows.net/oc-da/Instituciones_compradoras.zip,2026-03-04T17:59:21.648688+00:00
86519962626225b36183aec77511eb3a4b4f89ae8fe789e8a4afad70be6ef269,1029,FFAA,COMANDO DE APOYO A LA FUERZA,111870,4445,DIVISIÓN DE INGENIEROS - DIVINGE,Metropolitana,https://transparenciachc.blob.core.windows.net/oc-da/Instituciones_compradoras.zip,2026-03-04T17:59:21.648688+00:00
f648d1e6b46367734f2376328df6d3a676a5cb2d94b06005a2af91f68666e98a,0370,FFAA,COMANDO DE APOYO A LA FUERZA,111870,4463,CUERPO MILITAR DEL TRABAJO SUBJEFATURA ZONAL PUNTA ARENAS,Magallanes y Antártica,https://transparenciachc.blob.core.windows.net/oc-da/Instituciones_compradoras.zip,2026-03-04T17:59:21.648688+00:00
b6e99ec39933f53bdad3238932953e8b7f7394724c8173f23277d89f968987b8,1466,FFAA,COMANDO DE APOYO A LA FUERZA,111870,4447,DIVLOG - JEFATURA DE TRANSPORTE,Metropolitana,https://transparenciachc.blob.core.windows.net/oc-da/Instituciones_compradoras.zip,2026-03-04T17:59:21.648688+00:00
bc91cdf73350e296a6ff40b48ffcee404846b432c4acf06831edf9a530b46833,6008,FFAA,COMANDO DE APOYO A LA FUERZA,111870,4451,"REGIMIENTO N 2 ""MAIPO",Valparaíso,https://transparenciachc.blob.core.windows.net/oc-da/Instituciones_compradoras.zip,2026-03-04T17:59:21.648688+00:00
4a2bc8b3edb282e6b2e9a632195d0486e51ca48d5a13a5f5eab97cfc801e02f2,5008,FFAA,COMANDO DE APOYO A LA FUERZA,111870,4453,"REGIMIENTO N° 21 ""COQUIMBO",Coquimbo,https://transparenciachc.blob.core.windows.net/oc-da/Instituciones_compradoras.zip,2026-03-04T17:59:21.648688+00:00
5bcac3d641e96fcd7ba91eceb1c925373fb9a1dfba1494a35418a262f52ac0a5,0133,FFAA,COMANDO DE APOYO A LA FUERZA,111870,4454,REGIMIENTO DE CABALLERÍA Nº 3 HÚSARES - RC Nº 3,Araucanía,https://transparenciachc.blob.core.windows.net/oc-da/Instituciones_compradoras.zip,2026-03-04T17:59:21.648688+00:00
30dbf016892a5bd3e661a2f7ac726c4b2259353f7ef230830ec0d7e7bb625fbd,0257,FFAA,COMANDO DE APOYO A LA FUERZA,111870,4457,ESCUELA DE INGENIEROS - ESCING,Valparaíso,https://transparenciachc.blob.core.windows.net/oc-da/Instituciones_compradoras.zip,2026-03-04T17:59:21.648688+00:00
5aa9adf42e9c517d9eb221e2c56f2426833f7faf3e6287a65229cab13e1701a3,0419,FFAA,COMANDO DE APOYO A LA FUERZA,111870,4460,JEFATURA ESTADO MAYOR GENERAL DEL EJÉRCITO - JEMGE,Metropolitana,https://transparenciachc.blob.core.windows.net/oc-da/Instituciones_compradoras.zip,2026-03-04T17:59:21.648688+00:00
a63d62d78d9c25c53fece8714724a0e43a18d057ce11284df0dd5e487ed2c212,2009,FFAA,COMANDO DE APOYO A LA FUERZA,111870,4462,SEGUNDO JUZGADO MILITAR DE SANTIAGO - II JUZMIL,Metropolitana,https://transparenciachc.blob.core.windows.net/oc-da/Instituciones_compradoras.zip,2026-03-04T17:59:21.648688+00:00
c647dad3f02c913f125de4dc228133af99677d705b786a4fec5bb5dccd9176a4,0621,FFAA,COMANDO DE APOYO A LA FUERZA,111870,4465,DESTACAMENTO MONTAÑA Nº 3 YUNGAY - DESMÑA N° 3,Valparaíso,https://transparenciachc.blob.core.windows.net/oc-da/Instituciones_compradoras.zip,2026-03-04T17:59:21.648688+00:00
d2bb9d6aef4d13eb2d06e6bacd6cb701cb16a397e34195d483b87b4afeb80b7f,0205,FFAA,COMANDO DE APOYO A LA FUERZA,111870,4466,CENTRO CLÍNICO MILITAR VALDIVIA - CCM VALDIVIA,Los Ríos,https://transparenciachc.blob.core.windows.net/oc-da/Instituciones_compradoras.zip,2026-03-04T17:59:21.648688+00:00
39031d33d503fe58b02b93313acce13ff35c0eb2fed2724a055b30012d937991,0125,FFAA,COMANDO DE APOYO A LA FUERZA,111870,4469,CUARTEL GENERAL III DIV DE MONTAÑA - III DIVMÑA,Los Ríos,https://transparenciachc.blob.core.windows.net/oc-da/Instituciones_compradoras.zip,2026-03-04T17:59:21.648688+00:00
b1c6c7f707237f6d756fb4c7568b49bf71fa5e9c93a864327b55bd28a313b223,0346,FFAA,COMANDO DE APOYO A LA FUERZA,111870,4574,INSTITUTO DE INVESTIGACIONES Y CONTROL - IDIC,Metropolitana,https://transparenciachc.blob.core.windows.net/oc-da/Instituciones_compradoras.zip,2026-03-04T17:59:21.648688+00:00
861dae10bcf007bf19c9c9ac173cd695ba4244ab81bdba1a6b3c2e17fda8a967,5807,FFAA,COMANDO DE APOYO A LA FUERZA,111870,4884,DIRECCIÓN GENERAL DE FOMENTO EQUINO Y REMONTA - DGFER,Metropolitana,https://transparenciachc.blob.core.windows.net/oc-da/Instituciones_compradoras.zip,2026-03-04T17:59:21.648688+00:00
1f38cf7fd00b9caa6708f6844d27ec4631a62b64777b1c43a3de0d8a8999d6f5,5407,FFAA,COMANDO DE APOYO A LA FUERZA,111870,5026,CONTRALORÍA DEL EJÉRCITO - COTRAE,Metropolitana,https://transparenciachc.blob.core.windows.net/oc-da/Instituciones_compradoras.zip,2026-03-04T17:59:21.648688+00:00
627890797efd0eb846f8a518b71872ff142f63bc54d19de29c719dd4c411e511,0206,FFAA,COMANDO DE APOYO A LA FUERZA,111870,5050,ACADEMIA DE GUERRA DEL EJÉRCITO - ACAGUE,Metropolitana,https://transparenciachc.blob.core.windows.net/oc-da/Instituciones_compradoras.zip,2026-03-04T17:59:21.648688+00:00
6e4850f1b0de54e85135f3142ce504ab15063149f08193bc3e62ddd7a6fd3453,0532,FFAA,COMANDO DE APOYO A LA FUERZA,111870,5067,DIVISIÓN DOCTRINA DEL EJÉRCITO - DIVDOC,Metropolitana,https://transparenciachc.blob.core.windows.net/oc-da/Instituciones_compradoras.zip,2026-03-04T17:59:21.648688+00:00
18ddcf0d8576407bba8a1863a555bf260ab8ce9369df13ad7e4fee5edafa1100,5004,FFAA,COMANDO DE APOYO A LA FUERZA,111870,5100,DIRECCIÓN DE PROYECTOS E INVESTIGACIÓN DEL EJÉRCITO,Metropolitana,https://transparenciachc.blob.core.windows.net/oc-da/Instituciones_compradoras.zip,2026-03-04T17:59:21.648688+00:00
9f646cb29ce141dcaca46ec02d5b4bf2cb492c122d1d0b163718f1f6372c0691,5606,FFAA,COMANDO DE APOYO A LA FUERZA,111870,5862,COMANDO DE APOYO A LA FUERZA - CAF,Metropolitana,https://transparenciachc.blob.core.windows.net/oc-da/Instituciones_compradoras.zip,2026-03-04T17:59:21.648688+00:00
5fae072f7b4175c8547a0d8958f1e4d91cabd3fafa14d4552403ea2dd6e86ffd,0102,FFAA,COMANDO DE APOYO A LA FUERZA,111870,5212,JEFATURA EJECUTIVA DE ADMINISTRACIÓN DE LOS FONDOS DE SALUD,Metropolitana,https://transparenciachc.blob.core.windows.net/oc-da/Instituciones_compradoras.zip,2026-03-04T17:59:21.648688+00:00
def9ccf52e6650e587d4375c7b7aaa3e814bfbd452ef867d4187a7a1e5fc15e7,4627,FFAA,COMANDO DE APOYO A LA FUERZA,111870,5218,DIRECCIÓN DEL PERSONAL DEL EJÉRCITO - DPE SECC ADM,Metropolitana,https://transparenciachc.blob.core.windows.net/oc-da/Instituciones_compradoras.zip,2026-03-04T17:59:21.648688+00:00
daf229b45cf2f059eb7fe6f7c6e27c07dcfa11827c2bb456fb413c67fdc3e2f1,4005,FFAA,COMANDO DE APOYO A LA FUERZA,111870,5223,CENTRO DE ASUNTOS ANTÁRTICOS DEL EJÉRCITO - CAAE,Magallanes y Antártica,https://transparenciachc.blob.core.windows.net/oc-da/Instituciones_compradoras.zip,2026-03-04T17:59:21.648688+00:00
3a55f9b85f4d633016a920b803d1751da80cdb09ac39bfdb934b453194cae2f8,3243,FFAA,COMANDO DE APOYO A LA FUERZA,111870,529688,CENTRO ODONTOLÓGICO MILITAR - INÉS DE SUÁREZ,Metropolitana,https://transparenciachc.blob.core.windows.net/oc-da/Instituciones_compradoras.zip,2026-03-04T17:59:21.648688+00:00
7f0406cfeba1ac8d8154a594fc62d6fea68864090a09b3a45254bfcff1afbd9b,4206,FFAA,COMANDO DE APOYO A LA FUERZA,111870,531153,"REGIMIENTO DE ARTILLERÍA N° 1 ""TACNA",Metropolitana,https://transparenciachc.blob.core.windows.net/oc-da/Instituciones_compradoras.zip,2026-03-04T17:59:21.648688+00:00
3a55d3a73e1ef8a83563b4961c269030576029dac0491ce772544a5f5d463cc8,4619,FFAA,COMANDO DE APOYO A LA FUERZA,111870,535692,DIRECCIÓN DE LOGÍSTICA DEL EJÉRCITO - OCAL DLE,Metropolitana,https://transparenciachc.blob.core.windows.net/oc-da/Instituciones_compradoras.zip,2026-03-04T17:59:21.648688+00:00
477d8e9191ac07d4e83f49240362c9f57f964222a4687fe355544286a29454e5,0842,FFAA,COMANDO DE APOYO A LA FUERZA,111870,577332,4TA BRIGADA ACORAZADA CHORRILLOS - 4TA BRIACO,Magallanes y Antártica,https://transparenciachc.blob.core.windows.net/oc-da/Instituciones_compradoras.zip,2026-03-04T17:59:21.648688+00:00
6bf2ec59352056d5f26228f89b6fe2f1f1bdffbbaa7303e4c9f285ee87383b2a,8201,FFAA,COMANDO DE APOYO A LA FUERZA,111870,583068,DIRECCIÓN DE SANIDAD DEL EJERCITO,Metropolitana,https://transparenciachc.blob.core.windows.net/oc-da/Instituciones_compradoras.zip,2026-03-04T17:59:21.648688+00:00
3eb2021e440c8a018ece14e0637c56a9cb64fd901f6d420adae3e26fc4278b9e,2690,FFAA,COMANDO DE APOYO A LA FUERZA,111870,5831,ESCUELA DE IDIOMAS DEL EJÉRCITO - EIE,Metropolitana,https://transparenciachc.blob.core.windows.net/oc-da/Instituciones_compradoras.zip,2026-03-04T17:59:21.648688+00:00
7e0b2fd615cf0ce066255e9533db32a0d0b060a6a7548dc82a52e3cd1122649b,8005,FFAA,COMANDO DE APOYO A LA FUERZA,111870,838109,DIVISIÓN DE BIENESTAR - JEFATURA ZONAS BSOC,Metropolitana,https://transparenciachc.blob.core.windows.net/oc-da/Instituciones_compradoras.zip,2026-03-04T17:59:21.648688+00:00
f1fde5182cb586c66df914665e48eea7ce82ac60ec18894d64aefc668d818501,7501,FFAA,COMANDO DE APOYO A LA FUERZA,111870,901841,DIVEDUC JEFINST,Metropolitana,https://transparenciachc.blob.core.windows.net/oc-da/Instituciones_compradoras.zip,2026-03-04T17:59:21.648688+00:00
63484f0b8fd10fd51c483b2d9eb5a830fd7dc1515f5e207f0b144556df013061,6504,FFAA,COMANDO DE APOYO A LA FUERZA,111870,5926,CENTRO MÉDICO MILITAR ROSA O'HIGGINS,Metropolitana,https://transparenciachc.blob.core.windows.net/oc-da/Instituciones_compradoras.zip,2026-03-04T17:59:21.648688+00:00
4a77c25399d4114300fcd10d3884d311efd9b9b0513ca863deda16b1fb4ac59d,0009,FFAA,COMANDO DE APOYO A LA FUERZA,111870,5927,CENTRO MÉDICO MILITAR CORDILLERA,Metropolitana,https://transparenciachc.blob.core.windows.net/oc-da/Instituciones_compradoras.zip,2026-03-04T17:59:21.648688+00:00
f2ab1fbc44d874e10390190b023c21b5732eba7779131016c2419f4e6528b530,9000,FFAA,COMANDO DE APOYO A LA FUERZA,111870,5928,CENTRO CLÍNICO MILITAR SANTIAGO CENTRO,Metropolitana,https://transparenciachc.blob.core.windows.net/oc-da/Instituciones_compradoras.zip,2026-03-04T17:59:21.648688+00:00
651be50812416ae0a6c2f3943ffdccd50af7950574f84f35d02bc145319704f0,3002,FFAA,COMANDO DE APOYO A LA FUERZA,111870,5929,CENTRO MÉDICO MILITAR MAIPU,Metropolitana,https://transparenciachc.blob.core.windows.net/oc-da/Instituciones_compradoras.zip,2026-03-04T17:59:21.648688+00:00
458799036b115d3835c86bc91a0b86e0e5ed053fc18f7fc3827f2978b30d759b,6701,FFAA,COMANDO DE APOYO A LA FUERZA,111870,5930,CENTRO MÉDICO MILITAR SAN BERNARDO,Metropolitana,https://transparenciachc.blob.core.windows.net/oc-da/Instituciones_compradoras.zip,2026-03-04T17:59:21.648688+00:00
d8c60b9a426d3da7f405ee0f2b7bb65a1d799510ca3521aa3ea322c9a802b1bc,2001,FFAA,COMANDO DE APOYO A LA FUERZA,111870,5931,CENTRO ODONTOLÓGICO MILITAR - LA REINA,Metropolitana,https://transparenciachc.blob.core.windows.net/oc-da/Instituciones_compradoras.zip,2026-03-04T17:59:21.648688+00:00
cb6aa5ea04a7036e5af01415c6b9676db6e274e391fc60dde123db80dcc19e00,3002,FFAA,COMANDO DE APOYO A LA FUERZA,111870,5932,CENTRO CLÍNICO MILITAR COYHAIQUE - CCM COYHAIQUE,Aysén,https://transparenciachc.blob.core.windows.net/oc-da/Instituciones_compradoras.zip,2026-03-04T17:59:21.648688+00:00
a71286c21a024ede527898a136dd7fc14365219b3742e47c348ad7b52fe51e85,8309,FFAA,COMANDO DE APOYO A LA FUERZA,111870,5933,CENTRO CLÍNICO MILITAR PUNTA ARENAS - CCM PTA AREN,Magallanes y Antártica,https://transparenciachc.blob.core.windows.net/oc-da/Instituciones_compradoras.zip,2026-03-04T17:59:21.648688+00:00
a55ab381a3aeae5eff95f7331d19c55867e747ea47eed84b51e91b4f084afc4b,9108,FFAA,COMANDO DE APOYO A LA FUERZA,111870,5934,CENTRO REHABILITACIÓN INFANTIL - CRIE,Metropolitana,https://transparenciachc.blob.core.windows.net/oc-da/Instituciones_compradoras.zip,2026-03-04T17:59:21.648688+00:00
92b38382f79507deb762d867d8dffc298cb4de867aeb1008f883c8e6fed5786a,6801,FFAA,COMANDO DE APOYO A LA FUERZA,111870,6108,BRIGADA DE OPERACIONES ESPECIALES - BOE,Metropolitana,https://transparenciachc.blob.core.windows.net/oc-da/Instituciones_compradoras.zip,2026-03-04T17:59:21.648688+00:00
2f71a1210128eaa8bb8f2fb27ccf045d8b170304b7a971c1ac8cbeb8c33b9391,9909,FFAA,COMANDO DE APOYO A LA FUERZA,111870,618472,CENTRO DE ENTRENAMIENTO DE COMBATE ACORAZADO,Tarapacá,https://transparenciachc.blob.core.windows.net/oc-da/Instituciones_compradoras.zip,2026-03-04T17:59:21.648688+00:00
54821c11bfc4a45a87c7f57f1d00e322ce83f06095c8bfc818dacec482678a1b,5685,FFAA,COMANDO DE APOYO A LA FUERZA,111870,620304,DIVISIÓN DE ADQUISICIONES - FUNCIONAMIENTO,Metropolitana,https://transparenciachc.blob.core.windows.net/oc-da/Instituciones_compradoras.zip,2026-03-04T17:59:21.648688+00:00
a3473f43fb44293188f52197378d8c0868b2ef368fea7a934dc64ca6570988ae,9003,FFAA,COMANDO DE APOYO A LA FUERZA,111870,621921,JEFATURA DE COMUNICACIONES - JEFCOM,Metropolitana,https://transparenciachc.blob.core.windows.net/oc-da/Instituciones_compradoras.zip,2026-03-04T17:59:21.648688+00:00
51e8d42e4c8a7922c863cbc7bef27a2bdb3874b466bf199cd4af706e0b36741a,9456,FFAA,COMANDO DE APOYO A LA FUERZA,111870,621923,REGIMIENTO DE INTELIGENCIA DEL EJÉRCITO N2 LLAITÚN,Metropolitana,https://transparenciachc.blob.core.windows.net/oc-da/Instituciones_compradoras.zip,2026-03-04T17:59:21.648688+00:00
8f67a9ba93092ecefef1de7e091820f0b8102b467f5ab9c6d54e64db00478ac1,0435,FFAA,COMANDO DE APOYO A LA FUERZA,111870,621932,JEFATURA DE INFORMATICA Y COMPUTACION - JIC,Metropolitana,https://transparenciachc.blob.core.windows.net/oc-da/Instituciones_compradoras.zip,2026-03-04T17:59:21.648688+00:00
cc4fdfc554d4f408b621afaeb77d6b3b28c3e280d1c0d54510f1f2071f475f76,9208,FFAA,COMANDO DE APOYO A LA FUERZA,111870,622134,JAL - ESTADO MAYOR GENERAL DEL EJÉRCITO,Metropolitana,https://transparenciachc.blob.core.windows.net/oc-da/Instituciones_compradoras.zip,2026-03-04T17:59:21.648688+00:00
d72814b311f13fc33a8e806e81da9069407196ddee1762d902d0fd45cfd50521,0303,FFAA,COMANDO DE APOYO A LA FUERZA,111870,623339,ESCUELA DE EQUITACIÓN - EEQ,Valparaíso,https://transparenciachc.blob.core.windows.net/oc-da/Instituciones_compradoras.zip,2026-03-04T17:59:21.648688+00:00
8acf1985081b13c73320214c687126dffbeeacec0c229c0a529afdd876a5b4a0,5920,FFAA,COMANDO DE APOYO A LA FUERZA,111870,6249,CENTRO MÉDICO MILITAR RANCAGUA,Lib. Gral. Bdo. O'Higgins,https://transparenciachc.blob.core.windows.net/oc-da/Instituciones_compradoras.zip,2026-03-04T17:59:21.648688+00:00
2758d02486ec116db3ed75a5b4ee9058808f8c542f3b0988c000efc6af3b96f9,0400,FFAA,COMANDO DE APOYO A LA FUERZA,111870,626788,ESCUELA DE AVIACION DEL EJERCITO - ESCAVE,Lib. Gral. Bdo. O'Higgins,https://transparenciachc.blob.core.windows.net/oc-da/Instituciones_compradoras.zip,2026-03-04T17:59:21.648688+00:00
1a03747c96b30052a07ff2c3a37eb6b508e09c47507d74f4970e5b680f960712,1105,FFAA,COMANDO DE APOYO A LA FUERZA,111870,645372,COMANDO GENERAL DEL PERSONAL - CGP JEF ADM,Metropolitana,https://transparenciachc.blob.core.windows.net/oc-da/Instituciones_compradoras.zip,2026-03-04T17:59:21.648688+00:00
9ef7c64a67cb184950d59f61edfa3590f938fa568e04cbe6eee5adf408495c0a,1202,FFAA,COMANDO DE APOYO A LA FUERZA,111870,647694,DIVISIÓN DE PERSONAL - PASAJES Y FLETES,Metropolitana,https://transparenciachc.blob.core.windows.net/oc-da/Instituciones_compradoras.zip,2026-03-04T17:59:21.648688+00:00
023a098bd6d4ef5c502d721c92c9235f8ab82a6707270e693763f949b5634a56,0130,FFAA,COMANDO DE APOYO A LA FUERZA,111870,648752,JEFATURA DE SANIDAD MILITAR - JESAM,Metropolitana,https://transparenciachc.blob.core.windows.net/oc-da/Instituciones_compradoras.zip,2026-03-04T17:59:21.648688+00:00
9f16ffb8d5930eadbce432ebadf060809cc62db6f4c85439af467d775218bde8,1504,FFAA,COMANDO DE APOYO A LA FUERZA,111870,655348,"COMPANÍA ANDINA DIVISIONARIA N° 20 ""COCHRANE",Aysén,https://transparenciachc.blob.core.windows.net/oc-da/Instituciones_compradoras.zip,2026-03-04T17:59:21.648688+00:00
3dba611d33283df06c4519619ff2387b9b52d5201d98a6f028f8ac6093a54d61,7906,FFAA,COMANDO DE APOYO A LA FUERZA,111870,690514,DIVISIÓN DE MANTENIMIENTO,Metropolitana,https://transparenciachc.blob.core.windows.net/oc-da/Instituciones_compradoras.zip,2026-03-04T17:59:21.648688+00:00
79c5754c6669ac34385ba0e644a7d8ac3ab4b9d7a4ade2bcd219a9826d97e4dc,0915,FFAA,COMANDO DE APOYO A LA FUERZA,111870,702988,CUERPO MILIT SUBJEFATURA ZONAL PUNTA ARENAS (IGTF),Magallanes y Antártica,https://transparenciachc.blob.core.windows.net/oc-da/Instituciones_compradoras.zip,2026-03-04T17:59:21.648688+00:00
a6099419eda03d31a7514db59032a135ab98bd1ff45627f8d831b97d6bd92a93,1903,FFAA,COMANDO DE APOYO A LA FUERZA,111870,727865,"JEFATURA ADM. Y LOG. CAMPO MILITAR ""LA REINA",Metropolitana,https://transparenciachc.blob.core.windows.net/oc-da/Instituciones_compradoras.zip,2026-03-04T17:59:21.648688+00:00
a6914d85269778d840cb7b3dd578feec9a80960e2c13d068994df3a5ed2e9dcc,1909,FFAA,COMANDO DE APOYO A LA FUERZA,111870,778989,3RA BRIGADA ACORAZADA LA CONCEPCIÓN - 3RA BRIACO,Antofagasta,https://transparenciachc.blob.core.windows.net/oc-da/Instituciones_compradoras.zip,2026-03-04T17:59:21.648688+00:00
d4e0ad89541c7059895b95e4cb97311b5b58cf419b9d8bfc1bae81b2f08a97d4,0004,FFAA,COMANDO DE APOYO A LA FUERZA,111870,778992,"BRIGADA MOTORIZADA N° 1 ""CALAMA"" - BRIMOT N 1",Antofagasta,https://transparenciachc.blob.core.windows.net/oc-da/Instituciones_compradoras.zip,2026-03-04T17:59:21.648688+00:00
50ba9578fbb3d382013102c8f19ced11f0b7f461b04d4b5ead6752fcda6982da,1002,FFAA,COMANDO DE APOYO A LA FUERZA,111870,778993,"REGIMIENTO N° 23 ""COPIAPÓ",Atacama,https://transparenciachc.blob.core.windows.net/oc-da/Instituciones_compradoras.zip,2026-03-04T17:59:21.648688+00:00
f7b5014e9f66329ef8ffcc8eaca288eff8fa053e5093dce1f4e05032988963ca,8005,FFAA,COMANDO DE APOYO A LA FUERZA,111870,778998,"REGIMIENTO LOGÍSTICO N° 1 ""TOCOPILLA",Antofagasta,https://transparenciachc.blob.core.windows.net/oc-da/Instituciones_compradoras.zip,2026-03-04T17:59:21.648688+00:00
e47d90a451b6582b97c5de3e62a29eb780dab306472425c89d692c503d4e6b69,4007,FFAA,COMANDO DE APOYO A LA FUERZA,111870,840614,COMANDO IV DIVISIÓN DE EJÉRCITO,Aysén,https://transparenciachc.blob.core.windows.net/oc-da/Instituciones_compradoras.zip,2026-03-04T17:59:21.648688+00:00
2d62920175dee2c71f57a31d3128be60625b2e06bedced5f59768ee8fa78a49b,6009,FFAA,COMANDO DE APOYO A LA FUERZA,111870,859513,MUSEO HISTÓRICO Y MILITAR - MHM,Metropolitana,https://transparenciachc.blob.core.windows.net/oc-da/Instituciones_compradoras.zip,2026-03-04T17:59:21.648688+00:00
51685574e7bb0302ea2144464349ddc77d29a3d16ff72ef09d9af019cd6abcfe,4708,FFAA,COMANDO DE APOYO A LA FUERZA,111870,911089,ZONA DE BIENESTAR COYHAIQUE,Aysén,https://transparenciachc.blob.core.windows.net/oc-da/Instituciones_compradoras.zip,2026-03-04T17:59:21.648688+00:00
06ebbeffa1da0a6ce537e94949ec7780b88a52ccdd17c3ad0e11493cea2da43c,4448,FFAA,COMANDO DE APOYO A LA FUERZA,111870,917856,DIVBIE - JEF DE AHORRO PARA LA VIVIENDA EJÉRCITO,Metropolitana,https://transparenciachc.blob.core.windows.net/oc-da/Instituciones_compradoras.zip,2026-03-04T17:59:21.648688+00:00
a387a968c0483c02b4472c6a6ccae965f340c7ca0a37b07a6547968cf6167054,6957,FFAA,COMANDO DE APOYO A LA FUERZA,111870,920802,ZONA DE BIENESTAR PUNTA ARENAS,Magallanes y Antártica,https://transparenciachc.blob.core.windows.net/oc-da/Instituciones_compradoras.zip,2026-03-04T17:59:21.648688+00:00
4367de56bfe7ee5f6d11d0cf569cd769200f6e122cdd72843cba484741efb03d,7006,FFAA,COMANDO DE APOYO A LA FUERZA,111870,921831,ZONA DE BIENESTAR CONCEPCIÓN,Bío-Bío,https://transparenciachc.blob.core.windows.net/oc-da/Instituciones_compradoras.zip,2026-03-04T17:59:21.648688+00:00
8c606d72f9d217b9b2f591d3cbff7a8c8b1940fb1936b3c4d062c0ea2a6a1ef0,3655,FFAA,COMANDO DE APOYO A LA FUERZA,111870,922070,ZONA DE BIENESTAR ANTOFAGASTA,Antofagasta,https://transparenciachc.blob.core.windows.net/oc-da/Instituciones_compradoras.zip,2026-03-04T17:59:21.648688+00:00
dfa7f35118068cfdc9f29daa661000c8249f4d17e9764c8f94fd5d1ccd82af1f,5069,FFAA,COMANDO DE APOYO A LA FUERZA,111870,926853,ZONA DE BIENESTAR VALDIVIA,Los Ríos,https://transparenciachc.blob.core.windows.net/oc-da/Instituciones_compradoras.zip,2026-03-04T17:59:21.648688+00:00
bba87e89f7924425a8298f1d290493722a1a0516e67fd555966b3fcc17d6ffd0,7707,FFAA,COMANDO DE APOYO A LA FUERZA,111870,935934,ZONA DE BIENESTAR IQUIQUE,Tarapacá,https://transparenciachc.blob.core.windows.net/oc-da/Instituciones_compradoras.zip,2026-03-04T17:59:21.648688+00:00
4678efd9ac8c8ccf8a4588105e025064fbb38586cf58757d879f521cddc39b7f,8825,FFAA,COMANDO DE APOYO A LA FUERZA,111870,938614,ZONA DE BIENESTAR REGIÓN METROPOLITANA,Metropolitana,https://transparenciachc.blob.core.windows.net/oc-da/Instituciones_compradoras.zip,2026-03-04T17:59:21.648688+00:00
9a64ee213f18b68dd7b45ce28067158debcc2ec861072c99c0c13c08805549be,7901,FFAA,COMANDO DE APOYO A LA FUERZA,111870,945256,ZONA DE BIENESTAR VALPARAÍSO,Valparaíso,https://transparenciachc.blob.core.windows.net/oc-da/Instituciones_compradoras.zip,2026-03-04T17:59:21.648688+00:00
dca6ad75f567c5e77eab4e684429ee976e0a42ed4fc104f5609a323dc9a680fb,8401,FFAA,COMANDO DE APOYO A LA FUERZA,111870,951405,"JAL - GUARNICIÓN ""COYHAIQUE",Aysén,https://transparenciachc.blob.core.windows.net/oc-da/Instituciones_compradoras.zip,2026-03-04T17:59:21.648688+00:00
a9d58e25737cb2d2241109a1307523f65d6ea461073636b94b5a9a24e8305742,8236,FFAA,COMANDO DE APOYO A LA FUERZA,111870,952946,JEFATURA ADM Y LOG CAMPO MILITAR VALDIVIA,Los Ríos,https://transparenciachc.blob.core.windows.net/oc-da/Instituciones_compradoras.zip,2026-03-04T17:59:21.648688+00:00
a4e1b86d40e087c50a50d76c87aec2b7d0829910fc5bdbef7b624255a787fc00,0501,FFAA,COMANDO DE APOYO A LA FUERZA,111870,959257,"MACRO ZONA DE SALUD ""ARICA",Arica y Parinacota,https://transparenciachc.blob.core.windows.net/oc-da/Instituciones_compradoras.zip,2026-03-04T17:59:21.648688+00:00
284f9f866437571933dbcdef6c750a5f9ed617d5123140495ad21145c42359ad,8509,FFAA,COMANDO DE APOYO A LA FUERZA,111870,963423,ZONA DE BIENESTAR ARICA,Arica y Parinacota,https://transparenciachc.blob.core.windows.net/oc-da/Instituciones_compradoras.zip,2026-03-04T17:59:21.648688+00:00
da1e22df7b000846f4db61299292d13af5c363bd8219f5237bcab7250f06a7b2,1001,FFAA,COMANDO DE APOYO A LA FUERZA,111870,967384,"MACRO ZONA DE SALUD ""COYHAIQUE",Aysén,https://transparenciachc.blob.core.windows.net/oc-da/Instituciones_compradoras.zip,2026-03-04T17:59:21.648688+00:00
83e24af017ecb859ff3c040d4c208965eade075e6792a22aab8d61693c113f3c,0803,FFAA,COMANDO DE APOYO A LA FUERZA,111870,968682,"MACRO ZONA DE SALUD ""ANTOFAGASTA",Antofagasta,https://transparenciachc.blob.core.windows.net/oc-da/Instituciones_compradoras.zip,2026-03-04T17:59:21.648688+00:00
a355cfa61eb2dcdb577c6624a85d39b2159e76a8247c5c68da282838a18639bf,9009,FFAA,COMANDO DE APOYO A LA FUERZA,111870,968695,JEF. ADM. Y LOGÍSTICA - CAMPO MILITAR PEÑALOLÉN,Metropolitana,https://transparenciachc.blob.core.windows.net/oc-da/Instituciones_compradoras.zip,2026-03-04T17:59:21.648688+00:00
f7f45c5d93dba9e0c31a7d370edaa8926ce6c4e04017e4f3a16830b81485ccee,8908,FFAA,COMANDO DE APOYO A LA FUERZA,111870,970841,"MACRO ZONA DE SALUD ""SANTIAGO CENTRO PONIENTE",Metropolitana,https://transparenciachc.blob.core.windows.net/oc-da/Instituciones_compradoras.zip,2026-03-04T17:59:21.648688+00:00
a8e25493b50511c07832d853cee814eb97b00b3dd72666eb6130fa5eb7639f68,5662,FFAA,COMANDO DE APOYO A LA FUERZA,111870,972817,"MACRO ZONA DE SALUD ""RANCAGUA",Lib. Gral. Bdo. O'Higgins,https://transparenciachc.blob.core.windows.net/oc-da/Instituciones_compradoras.zip,2026-03-04T17:59:21.648688+00:00
4fb5ed0137d527ccbf264f80bf2ec0d366825e30edb62335fe06ceb527b12bd1,9259,FFAA,COMANDO DE APOYO A LA FUERZA,111870,974544,"MACRO ZONA DE SALUD ""SANTIAGO CENTRO SUR",Metropolitana,https://transparenciachc.blob.core.windows.net/oc-da/Instituciones_compradoras.zip,2026-03-04T17:59:21.648688+00:00
716209603ee89d7206e066e12584347f531f2b62576351d433c3c6bef70d3ab9,1303,FFAA,COMANDO DE APOYO A LA FUERZA,111870,974550,"MACRO ZONA DE SALUD ""SANTIAGO CENTRO NORTE",Metropolitana,https://transparenciachc.blob.core.windows.net/oc-da/Instituciones_compradoras.zip,2026-03-04T17:59:21.648688+00:00
c8a25eed817ecbd0a12a47f8650a8040441b6e2f002556a646d77a72e692d3d5,8800,FFAA,COMANDO DE APOYO A LA FUERZA,111870,974556,"MACRO ZONA DE SALUD ""SANTIAGO CENTRO ORIENTE",Metropolitana,https://transparenciachc.blob.core.windows.net/oc-da/Instituciones_compradoras.zip,2026-03-04T17:59:21.648688+00:00
8156802e530391a66b519e9d3658c35077e97969f35a4a67f84eb27d45ce9510,1907,FFAA,COMANDO DE APOYO A LA FUERZA,111870,977274,"MACRO ZONA DE SALUD ""CONCEPCIÓN",Bío-Bío,https://transparenciachc.blob.core.windows.net/oc-da/Instituciones_compradoras.zip,2026-03-04T17:59:21.648688+00:00
fd0fb439ec9621f9ee4077f7ff212bcf467be466b1a309e5fb36faa35e70e116,1605,FFAA,COMANDO DE APOYO A LA FUERZA,111870,978146,"MACRO ZONA DE SALUD ""IQUIQUE",Tarapacá,https://transparenciachc.blob.core.windows.net/oc-da/Instituciones_compradoras.zip,2026-03-04T17:59:21.648688+00:00
26303f96ac3eef0e60dfc56c8c783ec4121c3f11383106d700e1ce3fb10f0d96,2796,FFAA,COMANDO DE APOYO A LA FUERZA,111870,983344,"MACRO ZONA DE SALUD ""VALDIVIA",Los Ríos,https://transparenciachc.blob.core.windows.net/oc-da/Instituciones_compradoras.zip,2026-03-04T17:59:21.648688+00:00
8e11599fa16b93e6ca424c87182b70eebbe8114682e78aa6369051e4e74f9857,6392,FFAA,COMANDO DE APOYO A LA FUERZA,111870,985448,"MACRO ZONA DE SALUD ""PUNTA ARENAS",Magallanes y Antártica,https://transparenciachc.blob.core.windows.net/oc-da/Instituciones_compradoras.zip,2026-03-04T17:59:21.648688+00:00
b6f03d1ba8b2af8c99e083881a61ff91137754c4aa9fc161c3ed5ddad02fc2b4,0163,FFAA,DIRECCION DE ABASTECIMIENTO DE LA ARMADA,111875,4078,DIRECCION DE SANIDAD DE LA ARMADA,Valparaíso,https://transparenciachc.blob.core.windows.net/oc-da/Instituciones_compradoras.zip,2026-03-04T17:59:21.648688+00:00
8de0276424ebd865936e7e0da52afb54e97d050b452c6ec8adc67699a4bd0fa8,8400,FFAA,DIRECCION DE ABASTECIMIENTO DE LA ARMADA,111875,1138108,FFG CAPITAN PRAT,Valparaíso,https://transparenciachc.blob.core.windows.net/oc-da/Instituciones_compradoras.zip,2026-03-04T17:59:21.648688+00:00
dfbad4f30f427db976f0123f2b07897007451a5cd4bb276aa150353f18153f0b,8508,FFAA,DIRECCION DE ABASTECIMIENTO DE LA ARMADA,111875,1138111,FFG ALMIRANTE LATORRE,Coquimbo,https://transparenciachc.blob.core.windows.net/oc-da/Instituciones_compradoras.zip,2026-03-04T17:59:21.648688+00:00
cc57cbb114aeb35bc87b558708fb4d0f81681493c745703a8f7c0ee2e77c87ce,5357,FFAA,DIRECCION DE ABASTECIMIENTO DE LA ARMADA,111875,1174300,ATF 65 JANEQUEO,Valparaíso,https://transparenciachc.blob.core.windows.net/oc-da/Instituciones_compradoras.zip,2026-03-04T17:59:21.648688+00:00
8c94a1b884ddf9f6af067964dfb026d5e16c255feb585cef67d4c0c8ffea557b,7307,FFAA,DIRECCION DE ABASTECIMIENTO DE LA ARMADA,111875,1178407,ESTADO MAYOR GENERAL DE LA ARMADA,Valparaíso,https://transparenciachc.blob.core.windows.net/oc-da/Instituciones_compradoras.zip,2026-03-04T17:59:21.648688+00:00
2b6d41ee83a1a582e333b86fc497b48f25a8735c3e021534fbd43b24849b348d,4815,FFAA,DIRECCION DE ABASTECIMIENTO DE LA ARMADA,111875,1260453,SUBCENTRO DE TELECOMUNICACIONES NAVALES PM,Los Lagos,https://transparenciachc.blob.core.windows.net/oc-da/Instituciones_compradoras.zip,2026-03-04T17:59:21.648688+00:00
543bd21832aa7b386d521698de3b9af4e50fd7ca369c784aea1eeb8eecbb4bf8,0082,FFAA,DIRECCION DE ABASTECIMIENTO DE LA ARMADA,111875,529318,DEPARTAMENTO DE HABITABILIDAD (V),Valparaíso,https://transparenciachc.blob.core.windows.net/oc-da/Instituciones_compradoras.zip,2026-03-04T17:59:21.648688+00:00
836728f488bc10531c999a4b418afa4a9c2c030606743ddc7a4ecff2cb2d7e57,1800,FFAA,DIRECCION DE ABASTECIMIENTO DE LA ARMADA,111875,304305,PZM PILOTO PARDO,Bío-Bío,https://transparenciachc.blob.core.windows.net/oc-da/Instituciones_compradoras.zip,2026-03-04T17:59:21.648688+00:00
05d8641e6802cd02c19fe1cae9d000a3120e8c23d95da7474f7003c8cba0dc56,0767,FFAA,DIRECCION DE ABASTECIMIENTO DE LA ARMADA,111875,304867,SUBCENTRO DE TELECOMUNICACIONES NAVALES (V),Valparaíso,https://transparenciachc.blob.core.windows.net/oc-da/Instituciones_compradoras.zip,2026-03-04T17:59:21.648688+00:00
7a606c5ca8175ffc36e8f35c1847d579dea8a57a63a991a8999d44e8325802c8,2004,FFAA,DIRECCION DE ABASTECIMIENTO DE LA ARMADA,111875,613296,ADQUISICIONES CONJUNTAS,Valparaíso,https://transparenciachc.blob.core.windows.net/oc-da/Instituciones_compradoras.zip,2026-03-04T17:59:21.648688+00:00
103a2cf906c5900a5848c585f8a5721ad09a6e9398e3525d514e196557fd4681,0511,FFAA,DIRECCION DE ABASTECIMIENTO DE LA ARMADA,111875,3932,COMANDANCIA EN JEFE DE LA IVA ZONA NAVAL,Tarapacá,https://transparenciachc.blob.core.windows.net/oc-da/Instituciones_compradoras.zip,2026-03-04T17:59:21.648688+00:00
aa9d728c025e5427e14bef21db7cfb8e39fb41df8d73aa9ae324f376d7b40918,0104,FFAA,DIRECCION DE ABASTECIMIENTO DE LA ARMADA,111875,3933,"ESCUELA NAVAL ""ARTURO PRAT",Valparaíso,https://transparenciachc.blob.core.windows.net/oc-da/Instituciones_compradoras.zip,2026-03-04T17:59:21.648688+00:00
22b7573307fd646a7bfd92c757b16f2acc569391511be48ab2004434f128e3b5,1445,FFAA,DIRECCION DE ABASTECIMIENTO DE LA ARMADA,111875,3934,ATF GALVARINO,Valparaíso,https://transparenciachc.blob.core.windows.net/oc-da/Instituciones_compradoras.zip,2026-03-04T17:59:21.648688+00:00
0c6cd6979322ba4d7c449d85a298eb8f87177454e74b5d3bca9b3cb63a6ad502,0740,FFAA,DIRECCION DE ABASTECIMIENTO DE LA ARMADA,111875,3935,ARSENAL NAVAL TALCAHUANO,Bío-Bío,https://transparenciachc.blob.core.windows.net/oc-da/Instituciones_compradoras.zip,2026-03-04T17:59:21.648688+00:00
eb825f0444c3bc37a2a59cd048db35452bfe5c8b7a7c2a29a87df8581150326f,0112,FFAA,DIRECCION DE ABASTECIMIENTO DE LA ARMADA,111875,3937,COMANDANCIA GENERAL DEL CUERPO I.M.,Valparaíso,https://transparenciachc.blob.core.windows.net/oc-da/Instituciones_compradoras.zip,2026-03-04T17:59:21.648688+00:00
347679ec94fd9023ebc6d994310be83cc826bfb7a41b23af1b7429b2d19db2af,1005,FFAA,DIRECCION DE ABASTECIMIENTO DE LA ARMADA,111875,3991,ACADEMIA POLITECNICA NAVAL,Valparaíso,https://transparenciachc.blob.core.windows.net/oc-da/Instituciones_compradoras.zip,2026-03-04T17:59:21.648688+00:00
2e2b3f8039a717b5bc859518fc1fd5e72229f989b25b3008ea1fed198afa724c,0929,FFAA,DIRECCION DE ABASTECIMIENTO DE LA ARMADA,111875,3992,CENTRO TELECOMUNICACIONES NAVALES ANTOFAGASTA,Antofagasta,https://transparenciachc.blob.core.windows.net/oc-da/Instituciones_compradoras.zip,2026-03-04T17:59:21.648688+00:00
ab65327c5126bf0ccb97b385d6b459240e8dc6f6d5a9f438143d3e6c6de3ec35,1267,FFAA,DIRECCION DE ABASTECIMIENTO DE LA ARMADA,111875,3997,LST CHACABUCO,Bío-Bío,https://transparenciachc.blob.core.windows.net/oc-da/Instituciones_compradoras.zip,2026-03-04T17:59:21.648688+00:00
9e1378ee2524f8e50c1ac6dbe22629ec7a5593654cabfa6402107c279881aaa5,0791,FFAA,DIRECCION DE ABASTECIMIENTO DE LA ARMADA,111875,3999,CONTRALORIA DE LA ARMADA,Valparaíso,https://transparenciachc.blob.core.windows.net/oc-da/Instituciones_compradoras.zip,2026-03-04T17:59:21.648688+00:00
5a959110bda2af85a55157b1a7681614382e81015b99b83bff3a4a6a8285029e,4009,FFAA,DIRECCION DE ABASTECIMIENTO DE LA ARMADA,111875,4001,COMANDANCIA BASE NAVAL IQUIQUE,Tarapacá,https://transparenciachc.blob.core.windows.net/oc-da/Instituciones_compradoras.zip,2026-03-04T17:59:21.648688+00:00
ae91904a8ec858f5801ae1ccdc14a24687c471c7692d3a022cbf1c21670aa187,1001,FFAA,DIRECCION DE ABASTECIMIENTO DE LA ARMADA,111875,4003,CENTRO DE INFORMATICA Y COMPUTACION DE LA ARMADA,Valparaíso,https://transparenciachc.blob.core.windows.net/oc-da/Instituciones_compradoras.zip,2026-03-04T17:59:21.648688+00:00
55436aea709492506fd7ef56f756d23c91724a63650b55f4ea993570369ff6d7,0120,FFAA,DIRECCION DE ABASTECIMIENTO DE LA ARMADA,111875,4004,COMANDANCIA AVIACION NAVAL,Valparaíso,https://transparenciachc.blob.core.windows.net/oc-da/Instituciones_compradoras.zip,2026-03-04T17:59:21.648688+00:00
3394953829199a24c5d1bda7b56798c3ebec865f084c48d46e7129dca83ade44,4004,FFAA,DIRECCION DE ABASTECIMIENTO DE LA ARMADA,111875,4005,COMANDO OPERACIONES NAVALES,Valparaíso,https://transparenciachc.blob.core.windows.net/oc-da/Instituciones_compradoras.zip,2026-03-04T17:59:21.648688+00:00
fd88b872aa5a22202e2cfffedec91f0583a1ea28005ba7edf4e196affb5655da,1478,FFAA,DIRECCION DE ABASTECIMIENTO DE LA ARMADA,111875,4006,AP AQUILES,Valparaíso,https://transparenciachc.blob.core.windows.net/oc-da/Instituciones_compradoras.zip,2026-03-04T17:59:21.648688+00:00
42c4c516dff22c1913c4e49b0764efbff6e84f5527d84b2a08d0b01c590ab31d,9003,FFAA,DIRECCION DE ABASTECIMIENTO DE LA ARMADA,111875,519209,CENTRO DE ABASTECIMIENTO AVIACION NAVAL DEPTO. AB,Valparaíso,https://transparenciachc.blob.core.windows.net/oc-da/Instituciones_compradoras.zip,2026-03-04T17:59:21.648688+00:00
5c8e073a99179869040866e87c0923f7dafd8ba127c20e37917afd3d8218533d,8007,FFAA,DIRECCION DE ABASTECIMIENTO DE LA ARMADA,111875,4008,ACADEMIA DE GUERRA NAVAL,Valparaíso,https://transparenciachc.blob.core.windows.net/oc-da/Instituciones_compradoras.zip,2026-03-04T17:59:21.648688+00:00
1d9ac103f7723cb288ca57fc920458651640e70a01e8afe86053883990ebf81b,0155,FFAA,DIRECCION DE ABASTECIMIENTO DE LA ARMADA,111875,4009,SERVICIO HIDROGRAFICO Y OCEANOGRAFICO,Valparaíso,https://transparenciachc.blob.core.windows.net/oc-da/Instituciones_compradoras.zip,2026-03-04T17:59:21.648688+00:00
ba79af22a6bc35c6abeecb71972c40663b9a6c490577427d020df7fe8f2143db,0228,FFAA,DIRECCION DE ABASTECIMIENTO DE LA ARMADA,111875,5775,CENTRO DE ABASTECIMIENTO (T) DEPTO. AB.,Bío-Bío,https://transparenciachc.blob.core.windows.net/oc-da/Instituciones_compradoras.zip,2026-03-04T17:59:21.648688+00:00
17dc6267155a0056f520fc2712c817e5c96bad98942a10b8ee43fc0d672b46a5,2150,FFAA,DIRECCION DE ABASTECIMIENTO DE LA ARMADA,111875,4011,BASE DE SUBMARINOS,Bío-Bío,https://transparenciachc.blob.core.windows.net/oc-da/Instituciones_compradoras.zip,2026-03-04T17:59:21.648688+00:00
c3a84cdebbe85f69187d6e2f9c3e09bacaf9c031b40a1ddc3176cf05b2c7837d,7005,FFAA,DIRECCION DE ABASTECIMIENTO DE LA ARMADA,111875,4014,DIRECCIÓN DE TELECOMUNICACIONES E INFORMÁTICA DE LA ARMADA,Valparaíso,https://transparenciachc.blob.core.windows.net/oc-da/Instituciones_compradoras.zip,2026-03-04T17:59:21.648688+00:00
31760e1735e34c552c7ebafc3f6678335dbf631242cad8af8f792a3bcc497b73,0236,FFAA,DIRECCION DE ABASTECIMIENTO DE LA ARMADA,111875,4015,DEPTO. DE BIENESTAR SOCIAL (T),Bío-Bío,https://transparenciachc.blob.core.windows.net/oc-da/Instituciones_compradoras.zip,2026-03-04T17:59:21.648688+00:00
dd61408fffa50116abdb94af0da7f9a1d0d027c2f6ea20f6c15de6c2e3e72dba,0058,FFAA,DIRECCION DE ABASTECIMIENTO DE LA ARMADA,111875,4043,CENTRO DE ABASTECIMIENTO (V) DEPTO. AB.,Valparaíso,https://transparenciachc.blob.core.windows.net/oc-da/Instituciones_compradoras.zip,2026-03-04T17:59:21.648688+00:00
ad1d9a5b3af1cd228ddcc4effbbb0371e53d97787fe6f32cf8d10c40e4438b7c,0325,FFAA,DIRECCION DE ABASTECIMIENTO DE LA ARMADA,111875,4019,DELEGACION DE BIENESTAR SOCIAL (S),Metropolitana,https://transparenciachc.blob.core.windows.net/oc-da/Instituciones_compradoras.zip,2026-03-04T17:59:21.648688+00:00
91e3221f2aa46e111fb5f83519b653977acd2606f54d1c2bc42e89732216bdd9,0678,FFAA,DIRECCION DE ABASTECIMIENTO DE LA ARMADA,111875,4020,CENTRAL ODONTOLOGICA IIA. ZONA NAVAL,Bío-Bío,https://transparenciachc.blob.core.windows.net/oc-da/Instituciones_compradoras.zip,2026-03-04T17:59:21.648688+00:00
e8f0345a69e08bc00dd3e92d24ef88843826bb014342e9bac3adc604e0cf8c71,6750,FFAA,DIRECCION DE ABASTECIMIENTO DE LA ARMADA,111875,4025,DEPTO DE BIENESTAR SOCIAL PUERTO MONTT,Los Lagos,https://transparenciachc.blob.core.windows.net/oc-da/Instituciones_compradoras.zip,2026-03-04T17:59:21.648688+00:00
d2f011e1fbe53dbf15e261e6c2afc2e6cdba9bcf617adb0235ed0e378f1c53aa,0023,FFAA,DIRECCION DE ABASTECIMIENTO DE LA ARMADA,111875,4027,DESTACAMENTO IM N° 1 LYNCH,Tarapacá,https://transparenciachc.blob.core.windows.net/oc-da/Instituciones_compradoras.zip,2026-03-04T17:59:21.648688+00:00
69bd047d49a73ed60c449196d29d214f0d08a6b358a3542ffd20c5c94c497c95,0562,FFAA,DIRECCION DE ABASTECIMIENTO DE LA ARMADA,111875,4028,DESTACAMENTO IM N° 4 COCHRANE,Magallanes y Antártica,https://transparenciachc.blob.core.windows.net/oc-da/Instituciones_compradoras.zip,2026-03-04T17:59:21.648688+00:00
0a2a6042150a1112c8dd895f7b9b01491a2eab8fd98708f0ce0364b317edefb3,6700,FFAA,DIRECCION DE ABASTECIMIENTO DE LA ARMADA,111875,4029,DIRECCION DE CONTABILIDAD DE LA ARMADA,Valparaíso,https://transparenciachc.blob.core.windows.net/oc-da/Instituciones_compradoras.zip,2026-03-04T17:59:21.648688+00:00
7408c5004a2646141261478194b0c402b54c22fe8c6dd5bf07836dc8c18ce170,1003,FFAA,DIRECCION DE ABASTECIMIENTO DE LA ARMADA,111875,4030,"DIRECCION DE PROG., INVESTIGACION Y DESARROLLO DE LA ARMADA",Valparaíso,https://transparenciachc.blob.core.windows.net/oc-da/Instituciones_compradoras.zip,2026-03-04T17:59:21.648688+00:00
b751084e304f0a5be70ade189b755668b1308070c67ea5e1bf9e611552ac1404,0139,FFAA,DIRECCION DE ABASTECIMIENTO DE LA ARMADA,111875,4209,DIRECCION GENERAL DEL PERSONAL (REMUNERACIONES),Valparaíso,https://transparenciachc.blob.core.windows.net/oc-da/Instituciones_compradoras.zip,2026-03-04T17:59:21.648688+00:00
f99708de37890061888a288517d90e883c35dfcb80bf07e36e092b7e70f4cd1e,0333,FFAA,DIRECCION DE ABASTECIMIENTO DE LA ARMADA,111875,4032,DIRECCION DE BIENESTAR SOCIAL DE LA ARMADA,Valparaíso,https://transparenciachc.blob.core.windows.net/oc-da/Instituciones_compradoras.zip,2026-03-04T17:59:21.648688+00:00
60852b89534f108932985c71e434d299d0c3c987d73957125903f4b066d3b749,6003,FFAA,DIRECCION DE ABASTECIMIENTO DE LA ARMADA,111875,4033,DIRECCION GENERAL DE FINANZAS DE LA ARMADA,Valparaíso,https://transparenciachc.blob.core.windows.net/oc-da/Instituciones_compradoras.zip,2026-03-04T17:59:21.648688+00:00
0fc1f38e81b94b81e5d2d8ebc6725c9035868ae1183d859c4a1f0f9a19baa1cb,4000,FFAA,DIRECCION DE ABASTECIMIENTO DE LA ARMADA,111875,4034,DIRECCION DE PRESUPUESTO DE LA ARMADA,Valparaíso,https://transparenciachc.blob.core.windows.net/oc-da/Instituciones_compradoras.zip,2026-03-04T17:59:21.648688+00:00
550db988999522342a01eac2b8994e95b42339d6a8e4cd04cb5b8ccb60801a46,5008,FFAA,DIRECCION DE ABASTECIMIENTO DE LA ARMADA,111875,4042,DIRECCION DE RECUPERACION DE UNIDADES (V),Valparaíso,https://transparenciachc.blob.core.windows.net/oc-da/Instituciones_compradoras.zip,2026-03-04T17:59:21.648688+00:00
64dba1131d4887c66e67fcf424dcd4c7b8c1833d4a10c0b80fd0e891fd35df73,1194,FFAA,DIRECCION DE ABASTECIMIENTO DE LA ARMADA,111875,4036,BUQUE ESCUELA ESMERALDA,Valparaíso,https://transparenciachc.blob.core.windows.net/oc-da/Instituciones_compradoras.zip,2026-03-04T17:59:21.648688+00:00
18452534e590fd4e2a3bcdae0bc24c0088b89ffcabc031b0c7055f4959abe6d6,1275,FFAA,DIRECCION DE ABASTECIMIENTO DE LA ARMADA,111875,4037,CENTRO DE INSTRUCCION Y CAPACITACION MARITIMA,Valparaíso,https://transparenciachc.blob.core.windows.net/oc-da/Instituciones_compradoras.zip,2026-03-04T17:59:21.648688+00:00
0a4f15701acc797fe3a76a6b8e034b0e40626623c9c3eaf3f794b56b8ae3ba0e,0066,FFAA,DIRECCION DE ABASTECIMIENTO DE LA ARMADA,111875,4038,DEPTO. DE BIENESTAR SOCIAL (V),Valparaíso,https://transparenciachc.blob.core.windows.net/oc-da/Instituciones_compradoras.zip,2026-03-04T17:59:21.648688+00:00
a0948be4dc95529a38e5a0cf31c3447de71a63883476c936f11e3d5bad425b95,1054,FFAA,DIRECCION DE ABASTECIMIENTO DE LA ARMADA,111875,4046,"ESCUELA DE SUBMARINOS ""ALMTE. ALLARD",Bío-Bío,https://transparenciachc.blob.core.windows.net/oc-da/Instituciones_compradoras.zip,2026-03-04T17:59:21.648688+00:00
bdbb54765fdf59d45b3b539bc9b87cc44272669f7c6c2d3745725dca9a25ca8d,0200,FFAA,DIRECCION DE ABASTECIMIENTO DE LA ARMADA,111875,4050,DIRECCION DE INTELIGENCIA DE LA ARMADA,Valparaíso,https://transparenciachc.blob.core.windows.net/oc-da/Instituciones_compradoras.zip,2026-03-04T17:59:21.648688+00:00
5477250a136dcfa6257700a8add2f5c99247737a8e6a7509b3e392f060bd7472,0295,FFAA,DIRECCION DE ABASTECIMIENTO DE LA ARMADA,111875,4051,HOSPITAL DE LAS FF.AA. CIRUJANO GUZMAN,Magallanes y Antártica,https://transparenciachc.blob.core.windows.net/oc-da/Instituciones_compradoras.zip,2026-03-04T17:59:21.648688+00:00
e34fa5a0616bb477756ba45b8c6679e2846cb0944a48d316ed2dca08015e6067,0708,FFAA,DIRECCION DE ABASTECIMIENTO DE LA ARMADA,111875,4052,ESTACION NAVAL METROPOLITANA,Metropolitana,https://transparenciachc.blob.core.windows.net/oc-da/Instituciones_compradoras.zip,2026-03-04T17:59:21.648688+00:00
25cbb1853e961bde04a2bfe370f12a0aa8a0eb0a7b4dedf54584687a1960e7d5,8009,FFAA,DIRECCION DE ABASTECIMIENTO DE LA ARMADA,111875,4053,DIRECCION DE SEGURIDAD Y OPERACIONES MARITIMAS,Valparaíso,https://transparenciachc.blob.core.windows.net/oc-da/Instituciones_compradoras.zip,2026-03-04T17:59:21.648688+00:00
79e9fae9da0f6c57286dcd8449c5ab75f9c7c1fcbd73dd30c2a228590c628723,0147,FFAA,DIRECCION DE ABASTECIMIENTO DE LA ARMADA,111875,958433,DIRECCION GENERAL DEL TERRITORIO MARIT YMM (LITA),Valparaíso,https://transparenciachc.blob.core.windows.net/oc-da/Instituciones_compradoras.zip,2026-03-04T17:59:21.648688+00:00
a8abc8d090444130614369cc8e5972e3528a666d8c125ef792bef535f971644d,1542,FFAA,DIRECCION DE ABASTECIMIENTO DE LA ARMADA,111875,4057,DEPTO. DE OBRAS Y CONSTRUCCIONES DE LA IVA Z.N.,Tarapacá,https://transparenciachc.blob.core.windows.net/oc-da/Instituciones_compradoras.zip,2026-03-04T17:59:21.648688+00:00
63ed752303198b269d9727588e803398368aa01c387d501de99440bb0a2a24ff,1000,FFAA,DIRECCION DE ABASTECIMIENTO DE LA ARMADA,111875,4059,DIRECCION DE INGENIERIA DE SISTEMAS NAVALES,Valparaíso,https://transparenciachc.blob.core.windows.net/oc-da/Instituciones_compradoras.zip,2026-03-04T17:59:21.648688+00:00
3c979ce2097bf99ca0138d3964c80715f29a0c22ebfc153bb5eddf53b4e509c0,0406,FFAA,DIRECCION DE ABASTECIMIENTO DE LA ARMADA,111875,4075,DISTRITO NAVAL BEAGLE,Magallanes y Antártica,https://transparenciachc.blob.core.windows.net/oc-da/Instituciones_compradoras.zip,2026-03-04T17:59:21.648688+00:00
91d9467b9798ff4ce5c689249397cf4ed11731f2c39cb6d693fa1db8bb0311cc,0090,FFAA,DIRECCION DE ABASTECIMIENTO DE LA ARMADA,111875,4076,COMANDANCIA EN JEFE DE LA ESCUADRA,Valparaíso,https://transparenciachc.blob.core.windows.net/oc-da/Instituciones_compradoras.zip,2026-03-04T17:59:21.648688+00:00
3c961911a36bfb5a05cf7ed463b1735a814ef00ef303b9ab4b3ebc38428b01b4,0244,FFAA,DIRECCION DE ABASTECIMIENTO DE LA ARMADA,111875,4077,ESCUELA DE GRUMETES,Bío-Bío,https://transparenciachc.blob.core.windows.net/oc-da/Instituciones_compradoras.zip,2026-03-04T17:59:21.648688+00:00
6bfc5fe84e9f7d48d7507be6e8e1f55f778d72ab5cd57add8bc35d3bd4b5b371,1046,FFAA,DIRECCION DE ABASTECIMIENTO DE LA ARMADA,111875,4079,ESTACION NAVAL DE ISLA DAWSON,Magallanes y Antártica,https://transparenciachc.blob.core.windows.net/oc-da/Instituciones_compradoras.zip,2026-03-04T17:59:21.648688+00:00
e525164ed9f2b0528011cd5d1398fca4203fa9cad8b2a45e9fd72b1d2ef5fc8f,0384,FFAA,DIRECCION DE ABASTECIMIENTO DE LA ARMADA,111875,4080,DEPTO. DE BIENESTAR SOCIAL (I),Tarapacá,https://transparenciachc.blob.core.windows.net/oc-da/Instituciones_compradoras.zip,2026-03-04T17:59:21.648688+00:00
de5b8329b504dd7520b0525d7fc73dd76fa94d006d110436c0910bc05d45cb1c,0031,FFAA,DIRECCION DE ABASTECIMIENTO DE LA ARMADA,111875,4081,DIRECCION GENERAL DE LOS SERVICIOS DE LA ARMADA (AB),Valparaíso,https://transparenciachc.blob.core.windows.net/oc-da/Instituciones_compradoras.zip,2026-03-04T17:59:21.648688+00:00
da90a146113e743b52d3238574eac4b6ff9c2fe3fdf62628c14545dc0b2896d4,0279,FFAA,DIRECCION DE ABASTECIMIENTO DE LA ARMADA,111875,4087,CENTRO DE ABASTECIMIENTO (M) (ADQ),Magallanes y Antártica,https://transparenciachc.blob.core.windows.net/oc-da/Instituciones_compradoras.zip,2026-03-04T17:59:21.648688+00:00
858318a47b435a8048b7aaee7b0b1539d3e3372c70d20ec5092fc647ee51ec69,0009,FFAA,DIRECCION DE ABASTECIMIENTO DE LA ARMADA,111875,4088,IMPRENTA DE LA ARMADA,Valparaíso,https://transparenciachc.blob.core.windows.net/oc-da/Instituciones_compradoras.zip,2026-03-04T17:59:21.648688+00:00
7b5091a5644a759ca7b10c78684725709f3adae9fa8b8c831e348f12514c66ce,3008,FFAA,DIRECCION DE ABASTECIMIENTO DE LA ARMADA,111875,4091,CENTRO DE ABASTECIMIENTO IQUIQUE,Tarapacá,https://transparenciachc.blob.core.windows.net/oc-da/Instituciones_compradoras.zip,2026-03-04T17:59:21.648688+00:00
c513f929722a1fa369ab174e4c2bc37c67fd03736cff980a9be65108ad142dd5,0945,FFAA,DIRECCION DE ABASTECIMIENTO DE LA ARMADA,111875,4092,GOBERNACION MARITIMA DE AYSEN,Aysén,https://transparenciachc.blob.core.windows.net/oc-da/Instituciones_compradoras.zip,2026-03-04T17:59:21.648688+00:00
bb66dec9c4269c1031e502022649996744d1ba25d8c902b49c804ee7a4a0a86e,0457,FFAA,DIRECCION DE ABASTECIMIENTO DE LA ARMADA,111875,4095,GOBERNACION MARITIMA DE ANTOFAGASTA,Antofagasta,https://transparenciachc.blob.core.windows.net/oc-da/Instituciones_compradoras.zip,2026-03-04T17:59:21.648688+00:00
6b71b5e38104a0878ebec6edb22682da9cbc73ccfc72ff95fca85d8021ce8539,1437,FFAA,DIRECCION DE ABASTECIMIENTO DE LA ARMADA,111875,4096,GOBERNACION MARITIMA DE CALDERA,Atacama,https://transparenciachc.blob.core.windows.net/oc-da/Instituciones_compradoras.zip,2026-03-04T17:59:21.648688+00:00
a59cf3f1a66756c74fa85b62b6f77f933aff1a1175c7aeab75d04f981fe12470,0252,FFAA,DIRECCION DE ABASTECIMIENTO DE LA ARMADA,111875,4099,HOSPITAL NAVAL ALMIRANTE ADRIAZOLA,Bío-Bío,https://transparenciachc.blob.core.windows.net/oc-da/Instituciones_compradoras.zip,2026-03-04T17:59:21.648688+00:00
866fe1fceeff697e373acea0b9f588ddbbb8faf12b208efc5e4518def3386768,0732,FFAA,DIRECCION DE ABASTECIMIENTO DE LA ARMADA,111875,4103,GOBERNACION MARITIMA DE COQUIMBO,Coquimbo,https://transparenciachc.blob.core.windows.net/oc-da/Instituciones_compradoras.zip,2026-03-04T17:59:21.648688+00:00
25ac5881b880a790fe0f1cb00704367ba77e17b44c613de7049bf94a1dcf9d68,1461,FFAA,DIRECCION DE ABASTECIMIENTO DE LA ARMADA,111875,4105,GOBERNACION MARITIMA DE HANGA ROA,Valparaíso,https://transparenciachc.blob.core.windows.net/oc-da/Instituciones_compradoras.zip,2026-03-04T17:59:21.648688+00:00
f06839f50e615e7db294dd8af56efa348aab82d6556d334d9b8e59fcc0863a8d,0015,FFAA,DIRECCION DE ABASTECIMIENTO DE LA ARMADA,111875,4106,GOBERNACION MARITIMA DE ARICA,Arica y Parinacota,https://transparenciachc.blob.core.windows.net/oc-da/Instituciones_compradoras.zip,2026-03-04T17:59:21.648688+00:00
3c1ae7d9973204d0acbf2907d2d0be8493c7a35f6348d7bbd9b30f9266ee8597,6009,FFAA,DIRECCION DE ABASTECIMIENTO DE LA ARMADA,111875,4107,HOSPITAL NAVAL PUERTO WILLIAMS,Magallanes y Antártica,https://transparenciachc.blob.core.windows.net/oc-da/Instituciones_compradoras.zip,2026-03-04T17:59:21.648688+00:00
7472bb93ce978c1e4343cc6e7daa5ebd9d0e51444eaef3c84c86f120892a0931,0414,FFAA,DIRECCION DE ABASTECIMIENTO DE LA ARMADA,111875,4108,GOBERNACION MARITIMA DE PUNTA ARENAS,Magallanes y Antártica,https://transparenciachc.blob.core.windows.net/oc-da/Instituciones_compradoras.zip,2026-03-04T17:59:21.648688+00:00
b9dc73c58a81524eedb00226ad9df0ea0463e906d1c256f51ac5773b72d29c61,1062,FFAA,DIRECCION DE ABASTECIMIENTO DE LA ARMADA,111875,4111,GOBERNACION MARITIMA DE SAN ANTONIO,Valparaíso,https://transparenciachc.blob.core.windows.net/oc-da/Instituciones_compradoras.zip,2026-03-04T17:59:21.648688+00:00
a33818828013c8291e14252087497566333c07447765bf19e8990399acdd3385,0171,FFAA,DIRECCION DE ABASTECIMIENTO DE LA ARMADA,111875,4112,HOSPITAL NAVAL ALMIRANTE NEF,Valparaíso,https://transparenciachc.blob.core.windows.net/oc-da/Instituciones_compradoras.zip,2026-03-04T17:59:21.648688+00:00
c8b3c099a31dd486fa79dfe486076bb6334a1fbc1e9f865ac9447c41dc58fc45,0902,FFAA,DIRECCION DE ABASTECIMIENTO DE LA ARMADA,111875,4113,COMANDANCIA EN JEFE DE LA FUERZA DE SUBMARINOS,Bío-Bío,https://transparenciachc.blob.core.windows.net/oc-da/Instituciones_compradoras.zip,2026-03-04T17:59:21.648688+00:00
d99bb78fc19533b0ba7f0601e264d4f31752a3ca69f24e5cb290171af63f4430,2102,FFAA,DIRECCION DE ABASTECIMIENTO DE LA ARMADA,111875,4114,GOBERNACION MARITIMA DE TALCAHUANO,Bío-Bío,https://transparenciachc.blob.core.windows.net/oc-da/Instituciones_compradoras.zip,2026-03-04T17:59:21.648688+00:00
3417baba88eab873e3261d6d94809874c6792d726627af8f3d9c6a41e0cebab8,0473,FFAA,DIRECCION DE ABASTECIMIENTO DE LA ARMADA,111875,4117,GOBERNACION MARITIMA DE VALDIVIA,Los Ríos,https://transparenciachc.blob.core.windows.net/oc-da/Instituciones_compradoras.zip,2026-03-04T17:59:21.648688+00:00
6b7b7c44531a7ca289aea18b32a251bc4447507103c8a67f15dd76745dea0252,6001,FFAA,DIRECCION DE ABASTECIMIENTO DE LA ARMADA,111875,4118,GOBERNACION MARITIMA DE PUERTO WILLIAMS,Magallanes y Antártica,https://transparenciachc.blob.core.windows.net/oc-da/Instituciones_compradoras.zip,2026-03-04T17:59:21.648688+00:00
2a52faed072afdcaeda3ad6e3d9565a64b511ea415b1a63d258a57b0b7411414,1208,FFAA,DIRECCION DE ABASTECIMIENTO DE LA ARMADA,111875,4123,GOBERNACION MARITIMA DE CASTRO,Los Lagos,https://transparenciachc.blob.core.windows.net/oc-da/Instituciones_compradoras.zip,2026-03-04T17:59:21.648688+00:00
7a5a77b232839b521dd51f6fd0cec0e2835cdb2166cac8a2bd82db533f2114c5,9004,FFAA,DIRECCION DE ABASTECIMIENTO DE LA ARMADA,111875,4126,INSPECTORIA DIRECCCION INGENIERIA SISTEMAS NAVALES (T),Bío-Bío,https://transparenciachc.blob.core.windows.net/oc-da/Instituciones_compradoras.zip,2026-03-04T17:59:21.648688+00:00
a91bd563295763cd3a4bef4acf40fc6744fa5fbcf809ed0277eb9e0b45b865de,2083,FFAA,DIRECCION DE ABASTECIMIENTO DE LA ARMADA,111875,4129,GOBERNACION MARITIMA DE IQUIQUE,Tarapacá,https://transparenciachc.blob.core.windows.net/oc-da/Instituciones_compradoras.zip,2026-03-04T17:59:21.648688+00:00
b17288721af24f109810553746d2b851babc97533576e0d4eadb1018c0dffc7b,2021,FFAA,DIRECCION DE ABASTECIMIENTO DE LA ARMADA,111875,4141,INSIGNIA COMANDANCIA EN JEFE DE LA IIA ZONA NAVAL,Bío-Bío,https://transparenciachc.blob.core.windows.net/oc-da/Instituciones_compradoras.zip,2026-03-04T17:59:21.648688+00:00
4005b6cc86d3f61f2ff6a9c04fe8391afeec9ef5a29ca1b2b0b205114a150340,0694,FFAA,DIRECCION DE ABASTECIMIENTO DE LA ARMADA,111875,4142,LST RANCAGUA,Bío-Bío,https://transparenciachc.blob.core.windows.net/oc-da/Instituciones_compradoras.zip,2026-03-04T17:59:21.648688+00:00
10acadd1b79ac9cf1feb50b9e53ec822969b4305a73a38524adf2e3a34941f33,2006,FFAA,DIRECCION DE ABASTECIMIENTO DE LA ARMADA,111875,4143,SERVICIO MEDICO DENTAL SANTIAGO,Metropolitana,https://transparenciachc.blob.core.windows.net/oc-da/Instituciones_compradoras.zip,2026-03-04T17:59:21.648688+00:00
603d440dc40cf3f84e9bb49e2a5cbab62693948fc4b13f64187aab126d13a165,0198,FFAA,DIRECCION DE ABASTECIMIENTO DE LA ARMADA,111875,4144,COMANDANCIA EN JEFE DE LA ARMADA,Valparaíso,https://transparenciachc.blob.core.windows.net/oc-da/Instituciones_compradoras.zip,2026-03-04T17:59:21.648688+00:00
7083e516e875ad74dd70383f612dc5a0e78683a5b0dd4848445ebe339acfcf64,0643,FFAA,DIRECCION DE ABASTECIMIENTO DE LA ARMADA,111875,4146,CENTRO TELECOMUNICACIONES NAVALES (M),Magallanes y Antártica,https://transparenciachc.blob.core.windows.net/oc-da/Instituciones_compradoras.zip,2026-03-04T17:59:21.648688+00:00
f41c2fff89c02aaf05d3c0f48f2f99cfeb839b5da5d498e3fdab1cf8176d88a5,1410,FFAA,DIRECCION DE ABASTECIMIENTO DE LA ARMADA,111875,4147,SECRETARIA GENERAL DE LA ARMADA,Metropolitana,https://transparenciachc.blob.core.windows.net/oc-da/Instituciones_compradoras.zip,2026-03-04T17:59:21.648688+00:00
0981b6e301bc64b15d3ab65d6c71933b1c2f90cc286ff60b8aaa9cf807560b39,0074,FFAA,DIRECCION DE ABASTECIMIENTO DE LA ARMADA,111875,4149,SERVICIO DE OBRAS Y CONSTRUCCIONES DE LA ARMADA,Valparaíso,https://transparenciachc.blob.core.windows.net/oc-da/Instituciones_compradoras.zip,2026-03-04T17:59:21.648688+00:00
c8aa160dfef27a349b8459a0734ecdbf6943fd91628b3f04efa078044182c1c9,0260,FFAA,DIRECCION DE ABASTECIMIENTO DE LA ARMADA,111875,4154,INSIGNIA COMANDANCIA EN JEFE DE LA IIIA ZONA NAVAL,Magallanes y Antártica,https://transparenciachc.blob.core.windows.net/oc-da/Instituciones_compradoras.zip,2026-03-04T17:59:21.648688+00:00
c4e109d55d519637184521d14fa7a46b37fa305f1c862c877be39060309123e4,9001,FFAA,DIRECCION DE ABASTECIMIENTO DE LA ARMADA,111875,4151,SERV. DE INF. Y ADM. DE MANTENIMIENTO DE LA ARMADA,Valparaíso,https://transparenciachc.blob.core.windows.net/oc-da/Instituciones_compradoras.zip,2026-03-04T17:59:21.648688+00:00
dc4c6ece43a0a54ea21d45cfbbc154a13924e2387e07a10fa2b48430f4ec5894,0899,FFAA,DIRECCION DE ABASTECIMIENTO DE LA ARMADA,111875,4156,POLICLINICO MEDICO DENTAL IQUIQUE,Tarapacá,https://transparenciachc.blob.core.windows.net/oc-da/Instituciones_compradoras.zip,2026-03-04T17:59:21.648688+00:00
00e4b74b6c89cf25ee21b2d64dd3fa0d27366de4adef3897222beb94c2593b6d,3007,FFAA,DIRECCION DE ABASTECIMIENTO DE LA ARMADA,111875,4157,FF ALMIRANTE WILLIAMS,Valparaíso,https://transparenciachc.blob.core.windows.net/oc-da/Instituciones_compradoras.zip,2026-03-04T17:59:21.648688+00:00
485b599dcb045528dfc26d6f103cba268d37fd5533dcb0e18115bc2e1e07fec6,6006,FFAA,DIRECCION DE ABASTECIMIENTO DE LA ARMADA,111875,4159,DIRECCION DE INTERESES MARITIMOS Y MEDIO AMBIENTE ACUATICO,Valparaíso,https://transparenciachc.blob.core.windows.net/oc-da/Instituciones_compradoras.zip,2026-03-04T17:59:21.648688+00:00
63a8278906b74b97a84752a851dc4ff4eb6361ccadfdeeeef80f81c17880b3fb,2007,FFAA,DIRECCION DE ABASTECIMIENTO DE LA ARMADA,111875,4160,ESTACION AERONAVAL IQUIQUE,Tarapacá,https://transparenciachc.blob.core.windows.net/oc-da/Instituciones_compradoras.zip,2026-03-04T17:59:21.648688+00:00
a8ba0e2f6652a143e4aba8b7b100b5a9158be50e0f7513bd1ec87babe557d21c,6201,FFAA,DIRECCION DE ABASTECIMIENTO DE LA ARMADA,111875,4161,CENTRAL ODONTOLOGICA IA. ZONA NAVAL,Valparaíso,https://transparenciachc.blob.core.windows.net/oc-da/Instituciones_compradoras.zip,2026-03-04T17:59:21.648688+00:00
1d317723f196bb2b7995958d0991b2fb76bce4d305493838d7dec2200a5ea542,0287,FFAA,DIRECCION DE ABASTECIMIENTO DE LA ARMADA,111875,4162,DEPTO. DE BIENESTAR SOCIAL (M),Magallanes y Antártica,https://transparenciachc.blob.core.windows.net/oc-da/Instituciones_compradoras.zip,2026-03-04T17:59:21.648688+00:00
24892c3875118a22272015fa560757c16af67ef6995e1a826b1b60c8fd50efac,1283,FFAA,DIRECCION DE ABASTECIMIENTO DE LA ARMADA,111875,4169,SUBMARINO THOMSON,Bío-Bío,https://transparenciachc.blob.core.windows.net/oc-da/Instituciones_compradoras.zip,2026-03-04T17:59:21.648688+00:00
c93d09f7714d1ee2b476e917c5ec4fa808832beb91610b48e1272b9a9ca69742,2049,FFAA,DIRECCION DE ABASTECIMIENTO DE LA ARMADA,111875,4170,BASE AERONAVAL CONCON,Valparaíso,https://transparenciachc.blob.core.windows.net/oc-da/Instituciones_compradoras.zip,2026-03-04T17:59:21.648688+00:00
627a2515c21c603de5a7488c612c49dcdf4555d0194489af64ce07b0489228d5,0465,FFAA,DIRECCION DE ABASTECIMIENTO DE LA ARMADA,111875,4171,GOBERNACION MARITIMA DE PUERTO MONTT,Los Lagos,https://transparenciachc.blob.core.windows.net/oc-da/Instituciones_compradoras.zip,2026-03-04T17:59:21.648688+00:00
18e9184319cd4463b5ba9c101ea8172f9d702fbdcdc02c07ee47ede0463469bc,0686,FFAA,DIRECCION DE ABASTECIMIENTO DE LA ARMADA,111875,4177,DEPTO. DE OBRAS Y CONSTRUCCIONES DE LA IIA Z.N.,Bío-Bío,https://transparenciachc.blob.core.windows.net/oc-da/Instituciones_compradoras.zip,2026-03-04T17:59:21.648688+00:00
8e68745642e733caf172951a13601a0a1d1dc6684a64c57cbdd6eba6604e1159,9006,FFAA,DIRECCION DE ABASTECIMIENTO DE LA ARMADA,111875,4183,SUBCENTRO DE TELECOMUNICACIONES NAVALES (T),Bío-Bío,https://transparenciachc.blob.core.windows.net/oc-da/Instituciones_compradoras.zip,2026-03-04T17:59:21.648688+00:00
0862508fa2143032d37aba05bccb6e77ea8c5025aa9358c7777acc8b936801b8,3006,FFAA,DIRECCION DE ABASTECIMIENTO DE LA ARMADA,111875,4184,CENTRAL ODONTOLOGICA IIIA. ZONA NAVAL,Magallanes y Antártica,https://transparenciachc.blob.core.windows.net/oc-da/Instituciones_compradoras.zip,2026-03-04T17:59:21.648688+00:00
3d309774002ba6be64fb4e12fd39c64685841504664274daf6271fa4a437c58b,0368,FFAA,DIRECCION DE ABASTECIMIENTO DE LA ARMADA,111875,4185,DEPTO. DE OBRAS Y CONSTRUCCIONES DE LA IIIA Z.N.,Magallanes y Antártica,https://transparenciachc.blob.core.windows.net/oc-da/Instituciones_compradoras.zip,2026-03-04T17:59:21.648688+00:00
5fd2e9e668c242b9c10f93cf9c2dff11a5aa090c481aa7201ef55ad06a48e972,0317,FFAA,DIRECCION DE ABASTECIMIENTO DE LA ARMADA,111875,4201,GOBERNACION MARITIMA DE VALPARAISO,Valparaíso,https://transparenciachc.blob.core.windows.net/oc-da/Instituciones_compradoras.zip,2026-03-04T17:59:21.648688+00:00
79666cc3e76ba1ea0ecf29da1bbefef14269ba9901e8abaf791d3cee4c56b3fe,1372,FFAA,DIRECCION DE ABASTECIMIENTO DE LA ARMADA,111875,4313,DELEGACION DE BIENESTAR PUERTO WILLIAMS,Magallanes y Antártica,https://transparenciachc.blob.core.windows.net/oc-da/Instituciones_compradoras.zip,2026-03-04T17:59:21.648688+00:00
45d85c66622003162e418f8f49f479da2a8342497aaa29da22e7ece6099dea20,1305,FFAA,DIRECCION DE ABASTECIMIENTO DE LA ARMADA,111875,4743,SUBMARINO SIMPSON,Bío-Bío,https://transparenciachc.blob.core.windows.net/oc-da/Instituciones_compradoras.zip,2026-03-04T17:59:21.648688+00:00
50fd31b57a1c8436374e0672fe17006f1d52de3fb4060e306d967317c96ec5e4,1005,FFAA,DIRECCION DE ABASTECIMIENTO DE LA ARMADA,111875,5004,SUBCENTRO DE ENTRENAMIENTO TALCAHUANO,Bío-Bío,https://transparenciachc.blob.core.windows.net/oc-da/Instituciones_compradoras.zip,2026-03-04T17:59:21.648688+00:00
f63548a8425bbb7fe0e9d4c0eb052741e20cf54e8fc36b9d60ba52dcebdddf6e,7009,FFAA,DIRECCION DE ABASTECIMIENTO DE LA ARMADA,111875,5021,CENTRO DE ENTRENAMIENTO DE LA ARMADA,Valparaíso,https://transparenciachc.blob.core.windows.net/oc-da/Instituciones_compradoras.zip,2026-03-04T17:59:21.648688+00:00
6e7dcc7ee007268fe1ccc785a5349fc221aabf2f629f865d090281fa5198e9ef,2203,FFAA,DIRECCION DE ABASTECIMIENTO DE LA ARMADA,111875,512684,FF ALMIRANTE CONDELL,Valparaíso,https://transparenciachc.blob.core.windows.net/oc-da/Instituciones_compradoras.zip,2026-03-04T17:59:21.648688+00:00
6a20b41d9c5c98535fd776a0501678f789aad5db547fe653f69a5d0109eb4c78,8508,FFAA,DIRECCION DE ABASTECIMIENTO DE LA ARMADA,111875,517873,DEPTO. DE OBRAS Y CONSTRUCCIONES DE LA IA Z.N.,Valparaíso,https://transparenciachc.blob.core.windows.net/oc-da/Instituciones_compradoras.zip,2026-03-04T17:59:21.648688+00:00
b3401d6b3af243eca996711e81b788c40ec6321010c534d6fc79a6119defec58,9480,FFAA,DIRECCION DE ABASTECIMIENTO DE LA ARMADA,111875,539778,COMANDANCIA BASE NAVAL PUNTA ARENAS,Magallanes y Antártica,https://transparenciachc.blob.core.windows.net/oc-da/Instituciones_compradoras.zip,2026-03-04T17:59:21.648688+00:00
82f50e40c5b72c7b333cba80f133d88c908f09bfc3a38001b2cc01ebde748122,6004,FFAA,DIRECCION DE ABASTECIMIENTO DE LA ARMADA,111875,564845,OPV 82 COMANDANTE TORO,Valparaíso,https://transparenciachc.blob.core.windows.net/oc-da/Instituciones_compradoras.zip,2026-03-04T17:59:21.648688+00:00
55ae3bcd723ca49142cfd1c14e7841d1bdd0f1a38d34407996424821e5d7d9de,7604,FFAA,DIRECCION DE ABASTECIMIENTO DE LA ARMADA,111875,576181,BASE INFANTERIA DE MARINA CONCON,Valparaíso,https://transparenciachc.blob.core.windows.net/oc-da/Instituciones_compradoras.zip,2026-03-04T17:59:21.648688+00:00
ee7d65edb011ace3db27d15ef62c4e2da506c6177c2734550b032a0f050dde78,4804,FFAA,DIRECCION DE ABASTECIMIENTO DE LA ARMADA,111875,5776,SUBMARINO O´HIGGINS,Bío-Bío,https://transparenciachc.blob.core.windows.net/oc-da/Instituciones_compradoras.zip,2026-03-04T17:59:21.648688+00:00
26cd0074dcf180b05ae79c2ed7fb30fde636ebe1ab94e056b8c0e3d4d57e91eb,4502,FFAA,DIRECCION DE ABASTECIMIENTO DE LA ARMADA,111875,5781,COMANDO FUERZAS ESPECIALES,Valparaíso,https://transparenciachc.blob.core.windows.net/oc-da/Instituciones_compradoras.zip,2026-03-04T17:59:21.648688+00:00
b6c9adfd2730caab330bd62522da83ccdd5bf985003ab1b01348c254f8280725,7302,FFAA,DIRECCION DE ABASTECIMIENTO DE LA ARMADA,111875,584385,COMANDANCIA EN JEFE DE LA VA ZONA NAVAL,Los Lagos,https://transparenciachc.blob.core.windows.net/oc-da/Instituciones_compradoras.zip,2026-03-04T17:59:21.648688+00:00
24d3bf5a5abbf56ffa1df3ca1c05bfd17796a8962632c1f0f563ba7cba6b829d,5207,FFAA,DIRECCION DE ABASTECIMIENTO DE LA ARMADA,111875,5860,FF ALMIRANTE BLANCO ENCALADA,Valparaíso,https://transparenciachc.blob.core.windows.net/oc-da/Instituciones_compradoras.zip,2026-03-04T17:59:21.648688+00:00
67edf61574c25c386a8c68c9f2e9a1c481af058c2bbd04a13b93c0d258b8c42a,4002,FFAA,DIRECCION DE ABASTECIMIENTO DE LA ARMADA,111875,5919,MUSEO,Valparaíso,https://transparenciachc.blob.core.windows.net/oc-da/Instituciones_compradoras.zip,2026-03-04T17:59:21.648688+00:00
79c50c6e88e999bf0f219a39c423f32d339cd1f7681af940e1443037942e9a02,8600,FFAA,DIRECCION DE ABASTECIMIENTO DE LA ARMADA,111875,592884,COMANDO ANFIBIO Y TRANSPORTES NAVALES,Valparaíso,https://transparenciachc.blob.core.windows.net/oc-da/Instituciones_compradoras.zip,2026-03-04T17:59:21.648688+00:00
2cb49da73250d8865af44b1aede97de756a97c7c9a41ad8f6af5745c1509cb78,6705,FFAA,DIRECCION DE ABASTECIMIENTO DE LA ARMADA,111875,594807,AO ALMIRANTE MONTT,Valparaíso,https://transparenciachc.blob.core.windows.net/oc-da/Instituciones_compradoras.zip,2026-03-04T17:59:21.648688+00:00
3b82e915b1cae0ecb33692dbaa04a341bc34c154da7b260351ee29fb58a36404,6408,FFAA,DIRECCION DE ABASTECIMIENTO DE LA ARMADA,111875,6137,SUBMARINO CARRERA,Bío-Bío,https://transparenciachc.blob.core.windows.net/oc-da/Instituciones_compradoras.zip,2026-03-04T17:59:21.648688+00:00
e4c8a90eb6aa23ca9711c54df0373b434e74e1a5c2868d38b0c86eab8966daa7,1380,FFAA,DIRECCION DE ABASTECIMIENTO DE LA ARMADA,111875,6138,DEPTO. DE BIENESTAR SOCIAL (V) AREA COMERCIAL,Valparaíso,https://transparenciachc.blob.core.windows.net/oc-da/Instituciones_compradoras.zip,2026-03-04T17:59:21.648688+00:00
94aa65d288690f57dc44efd90020a70a1a43ecc2717910fe1e65d21991834b45,0109,FFAA,DIRECCION DE ABASTECIMIENTO DE LA ARMADA,111875,620279,BASE NAVAL PUERTO MONTT,Los Lagos,https://transparenciachc.blob.core.windows.net/oc-da/Instituciones_compradoras.zip,2026-03-04T17:59:21.648688+00:00
299fc6e820a5771ab38a2a034995b5672198e47809d769f94dc4593c93e20e3a,1569,FFAA,DIRECCION DE ABASTECIMIENTO DE LA ARMADA,111875,6210,PREDIOS FISCALES IIA. ZONA NAVAL,Bío-Bío,https://transparenciachc.blob.core.windows.net/oc-da/Instituciones_compradoras.zip,2026-03-04T17:59:21.648688+00:00
91efab174e3340789870e0ef6d909fdcabafd7613967141e5f9cf43cb001e8c9,9801,FFAA,DIRECCION DE ABASTECIMIENTO DE LA ARMADA,111875,622838,AO 53 ARAUCANO,Valparaíso,https://transparenciachc.blob.core.windows.net/oc-da/Instituciones_compradoras.zip,2026-03-04T17:59:21.648688+00:00
b8a8ce7e164ebf7115b5a6f228e2ee6973333aa759a3d94242edd972cfeb2e8c,9008,FFAA,DIRECCION DE ABASTECIMIENTO DE LA ARMADA,111875,6230,ESCUELA DE AVIACION NAVAL,Valparaíso,https://transparenciachc.blob.core.windows.net/oc-da/Instituciones_compradoras.zip,2026-03-04T17:59:21.648688+00:00
3e167e0724f7e8c76dd331af5fa9a47ef160fa204388db173f70a64f18d47e64,0570,FFAA,DIRECCION DE ABASTECIMIENTO DE LA ARMADA,111875,627025,DIRECCION DE EDUCACION DE LA ARMADA,Valparaíso,https://transparenciachc.blob.core.windows.net/oc-da/Instituciones_compradoras.zip,2026-03-04T17:59:21.648688+00:00
f6fa3dabf6da2c458cfe6231beaa1c67362c49b95af395b0a3c02c5238ecf6bc,8303,FFAA,DIRECCION DE ABASTECIMIENTO DE LA ARMADA,111875,6327,FF ALMIRANTE LYNCH,Valparaíso,https://transparenciachc.blob.core.windows.net/oc-da/Instituciones_compradoras.zip,2026-03-04T17:59:21.648688+00:00
edbd6bcbb3f2299f300cccf6a7180004c77bd987de0c2d01f91a351961b3bcff,8400,FFAA,DIRECCION DE ABASTECIMIENTO DE LA ARMADA,111875,6370,FF ALMIRANTE RIVEROS,Valparaíso,https://transparenciachc.blob.core.windows.net/oc-da/Instituciones_compradoras.zip,2026-03-04T17:59:21.648688+00:00
7006b9df6412eff8e60a7c0cf4218b28cd51825a2f53eeb7af8d040fa895ea63,1402,FFAA,DIRECCION DE ABASTECIMIENTO DE LA ARMADA,111875,6402,GRUPO AERONAVAL SUR,Magallanes y Antártica,https://transparenciachc.blob.core.windows.net/oc-da/Instituciones_compradoras.zip,2026-03-04T17:59:21.648688+00:00
e45f0f25d32669afd5495efdb336f4d83c3e33efa1a49955f37608ae1f9243e4,9806,FFAA,DIRECCION DE ABASTECIMIENTO DE LA ARMADA,111875,6476,FF ALMIRANTE COCHRANE,Valparaíso,https://transparenciachc.blob.core.windows.net/oc-da/Instituciones_compradoras.zip,2026-03-04T17:59:21.648688+00:00
25187e273a4a579f2958624c944ae5ceb6e44dce188ea3cde1e6edf7d858e840,2004,FFAA,DIRECCION DE ABASTECIMIENTO DE LA ARMADA,111875,685103,LSDH 91 SARGENTO ALDEA,Bío-Bío,https://transparenciachc.blob.core.windows.net/oc-da/Instituciones_compradoras.zip,2026-03-04T17:59:21.648688+00:00
175b4c557e46c651d34eda35a8fa56dd646b319344813562ce5ed80b0b7454bf,2101,FFAA,DIRECCION DE ABASTECIMIENTO DE LA ARMADA,111875,691232,ADM. FINANCIERO DEL SISTEMA DE SALUD DE LA ARMADA,Valparaíso,https://transparenciachc.blob.core.windows.net/oc-da/Instituciones_compradoras.zip,2026-03-04T17:59:21.648688+00:00
9d70916771d8aa7f002a2572d1f86e1acaa494bc14b635d947883fe9782dfbd3,2705,FFAA,DIRECCION DE ABASTECIMIENTO DE LA ARMADA,111875,742246,AGS 61 CABO DE HORNOS,Valparaíso,https://transparenciachc.blob.core.windows.net/oc-da/Instituciones_compradoras.zip,2026-03-04T17:59:21.648688+00:00
eba93d42101dd187fd93bcd5ee58c75006c4d69234f83c22c0f49521662b9a87,3000,FFAA,DIRECCION DE ABASTECIMIENTO DE LA ARMADA,111875,763003,BASE INFANTERIA DE MARINA TUMBES,Bío-Bío,https://transparenciachc.blob.core.windows.net/oc-da/Instituciones_compradoras.zip,2026-03-04T17:59:21.648688+00:00
c5516c01af76594094f50fd1af8e13eeb3db56905b8529b3df1b1ae47beb6bcd,2227,FFAA,DIRECCION DE ABASTECIMIENTO DE LA ARMADA,111875,798018,DIRECCION DE COMUNICACIONES DE LA ARMADA,Metropolitana,https://transparenciachc.blob.core.windows.net/oc-da/Instituciones_compradoras.zip,2026-03-04T17:59:21.648688+00:00
1183fbcbcf4f1bd89b3a3da552f225a138d4d1c3bd9f328ba10e89209d5df590,8665,FFAA,DIRECCION DE ABASTECIMIENTO DE LA ARMADA,111875,803845,COMPAÑÍA COMANDO DE BRIGADA I.M.,Valparaíso,https://transparenciachc.blob.core.windows.net/oc-da/Instituciones_compradoras.zip,2026-03-04T17:59:21.648688+00:00
48a0eb286783de7fc6201da17907fbcd572eb2eb3f3ee696dc5a91684e6926af,4201,FFAA,DIRECCION DE ABASTECIMIENTO DE LA ARMADA,111875,838794,CENTRAL DE ATENCION PRIMARIA DE SALUD DE LA ARMADA,Valparaíso,https://transparenciachc.blob.core.windows.net/oc-da/Instituciones_compradoras.zip,2026-03-04T17:59:21.648688+00:00
5724f751e201f6337bf040033a188bb31b9e039414b49af520e37302e863f0c1,4104,FFAA,DIRECCION DE ABASTECIMIENTO DE LA ARMADA,111875,842082,OPV MARINERO FUENTEALBA,Magallanes y Antártica,https://transparenciachc.blob.core.windows.net/oc-da/Instituciones_compradoras.zip,2026-03-04T17:59:21.648688+00:00
0030f1b8dd3a21c96cf83d9f2b8ac69dc97f7ee6b4e3a8014f1eb7bede857be2,8510,FFAA,DIRECCION DE ABASTECIMIENTO DE LA ARMADA,111875,873233,POLÍCLINICO MÉDICO - DENTAL DE PUERTO MONTT,Los Lagos,https://transparenciachc.blob.core.windows.net/oc-da/Instituciones_compradoras.zip,2026-03-04T17:59:21.648688+00:00
0cdd920fc90e45f9c57cc4207bd9b7c40b7617768bb6d619f73d544f073cc988,7103,FFAA,DIRECCION DE ABASTECIMIENTO DE LA ARMADA,111875,947621,CENTRO DE ABASTECIMIENTO PM,Los Lagos,https://transparenciachc.blob.core.windows.net/oc-da/Instituciones_compradoras.zip,2026-03-04T17:59:21.648688+00:00
a2229a48c385fbd3fb25f51f92787916ae4297840b14c7dd8fafcda5b26dc111,2709,FFAA,DIRECCION DE ABASTECIMIENTO DE LA ARMADA,111875,990973,CABO ODGER,Valparaíso,https://transparenciachc.blob.core.windows.net/oc-da/Instituciones_compradoras.zip,2026-03-04T17:59:21.648688+00:00
0f975c0e8dc83a2697c43b1731617c56935fd9892753a6f266c6643800a057d5,0005,FFAA,POLICIA DE INVESTIGACIONES DE CHILE,111880,891361,DEPARTAMENTO DE GRANDES COMPRAS,Metropolitana,https://transparenciachc.blob.core.windows.net/oc-da/Instituciones_compradoras.zip,2026-03-04T17:59:21.648688+00:00
12554ddbe2ea95662eed44f3113372a97b98ece5d1c6472b786bde261d92f6bc,0129,FFAA,POLICIA DE INVESTIGACIONES DE CHILE,111880,1080936,FONDOS EXTRAPRESUPUESTARIOS ESCIPOL,Metropolitana,https://transparenciachc.blob.core.windows.net/oc-da/Instituciones_compradoras.zip,2026-03-04T17:59:21.648688+00:00
6e3a8b861e122f341ad43068d695c3e4a5f2b4cbeba95b3ae8fad0c5fd1468a1,0110,FFAA,POLICIA DE INVESTIGACIONES DE CHILE,111880,6103,JENABIEN,Metropolitana,https://transparenciachc.blob.core.windows.net/oc-da/Instituciones_compradoras.zip,2026-03-04T17:59:21.648688+00:00
76e6aebd15e208b7cb669be04ef1e82f3a68e37b11884de4f39e36a2a58fea8f,2002,MUNICIPALIDADES,I MUNICIPALIDAD DE SAN PABLO,111960,3929,PROYECTOS,Los Lagos,https://transparenciachc.blob.core.windows.net/oc-da/Instituciones_compradoras.zip,2026-03-04T17:59:21.648688+00:00
4d5592a2e6d657579a5cf825ac4ddb2e12477ae5f17afa6a5ed351735f2e573b,2010,MUNICIPALIDADES,I MUNICIPALIDAD DE SAN PABLO,111960,3926,EDUCACIÓN,Los Lagos,https://transparenciachc.blob.core.windows.net/oc-da/Instituciones_compradoras.zip,2026-03-04T17:59:21.648688+00:00
190a7a6b6fad863a9bb243e6565d67afd2dbfce6bca6ea2307c15e939d3361f7,2029,MUNICIPALIDADES,I MUNICIPALIDAD DE SAN PABLO,111960,3928,SALUD,Los Lagos,https://transparenciachc.blob.core.windows.net/oc-da/Instituciones_compradoras.zip,2026-03-04T17:59:21.648688+00:00
b1b4a1cebfe5db5b2580123bf2bd6781817d33bca02edfe853956ffb10095a01,4006,MUNICIPALIDADES,I MUNICIPALIDAD DE LA GRANJA,112097,6128,ADQUISICIONES SALUD,Metropolitana,https://transparenciachc.blob.core.windows.net/oc-da/Instituciones_compradoras.zip,2026-03-04T17:59:21.648688+00:00
92edbdbb65cdce999551ed956da491921081c6b39c7e1c4f11b6b6f0cae8ba25,0005,MUNICIPALIDADES,CORPORACIÓN DE EDUCACIÓN Y SALUD DE LAS CONDES,1122214,565626,378 MINICONSULTA TONGOY,Metropolitana,https://transparenciachc.blob.core.windows.net/oc-da/Instituciones_compradoras.zip,2026-03-04T17:59:21.648688+00:00
46a23abe028a700d528b8aeb03cc9b51a515205ec6dc4ed3f930b3c63a2e48b9,3002,MUNICIPALIDADES,CORPORACION MUNICIPAL VINA DEL MAR PARA EL DESARROLLO SOCIAL,1128653,568658,CORPORACION MUNICIPAL VINA DEL MAR PARA EL DESARRO,Valparaíso,https://transparenciachc.blob.core.windows.net/oc-da/Instituciones_compradoras.zip,2026-03-04T17:59:21.648688+00:00
94aa198259efecb7ca9e74b147909f8005954410fba1f628a13bc5285d857214,6101,"GOB. CENTRAL, UNIVERSIDADES",COMISION DEL SISTEMA NACIONAL DE CERTIFICACION DE COMPETENCIAS LABORALES,1129189,568963,CSNCCL,Metropolitana,https://transparenciachc.blob.core.windows.net/oc-da/Instituciones_compradoras.zip,2026-03-04T17:59:21.648688+00:00
b5bac9afa6629805b30bebced6ae021f1ceff98741a59a26027da110b177f31a,6007,MUNICIPALIDADES,I MUNICIPALIDAD DE QUEILEN,112919,3958,DPTO. DESARROLLO COMUNITARIO,Los Lagos,https://transparenciachc.blob.core.windows.net/oc-da/Instituciones_compradoras.zip,2026-03-04T17:59:21.648688+00:00
e7e988a9774aaf2a347b9628b615fb103bd0b3ab844a19a1030990f5f6e9955c,8007,MUNICIPALIDADES,I MUNICIPALIDAD DE MONTEPATRIA,112924,3963,DIRECCIÓN  ADM. Y  FINANZAS,Coquimbo,https://transparenciachc.blob.core.windows.net/oc-da/Instituciones_compradoras.zip,2026-03-04T17:59:21.648688+00:00
a9c072032705cd9aa28f75fe9134fe22b4ddd4070cbb30160272cc4931834de7,8006,MUNICIPALIDADES,ILUSTRE MUNICIPALIDAD DE RETIRO,113252,5427,SECPLA,Maule,https://transparenciachc.blob.core.windows.net/oc-da/Instituciones_compradoras.zip,2026-03-04T17:59:21.648688+00:00
7d2b55ab11ec0951da754c02519ce9b3abb75f26c2e18ee3724be20e89bbeb62,6008,MUNICIPALIDADES,I MUNICIPALIDAD DE COINCO,113254,5603,I. MUNICIPALIDAD DE COINCO,Lib. Gral. Bdo. O'Higgins,https://transparenciachc.blob.core.windows.net/oc-da/Instituciones_compradoras.zip,2026-03-04T17:59:21.648688+00:00
3dc5c68848f86a0d9b69496f63f146a23a2260ab7f90f5db0a203e09e69b9215,2008,MUNICIPALIDADES,I MUNICIPALIDAD DE LA CRUZ,113255,6325,JARDIN INFANTIL Y SALA CUNA,Valparaíso,https://transparenciachc.blob.core.windows.net/oc-da/Instituciones_compradoras.zip,2026-03-04T17:59:21.648688+00:00
eef2020270456efe9c670ac2bec7098f6e2296f736414abf5b2c611312a33e6b,5000,MUNICIPALIDADES,I MUNICIPALIDAD DE LOLOL,113258,918275,VTF JUNJI,Lib. Gral. Bdo. O'Higgins,https://transparenciachc.blob.core.windows.net/oc-da/Instituciones_compradoras.zip,2026-03-04T17:59:21.648688+00:00
1cd3393003f1ce9c96a0e7c49e24d232c07c1e1875e35d19dad2b7aebf28b942,3009,MUNICIPALIDADES,I MUNICIPALIDAD DE LOTA,113259,3973,DEPARTAMENTO SECPLAN,Bío-Bío,https://transparenciachc.blob.core.windows.net/oc-da/Instituciones_compradoras.zip,2026-03-04T17:59:21.648688+00:00
447100b6af02d5aaf8a9dbed312f7777a8cb1fa509b9e0c0af3ee146b2c8a588,9004,MUNICIPALIDADES,I MUNICIPALIDAD DE LOTA,113259,3972,DEPARTAMENTO DE SALUD,Bío-Bío,https://transparenciachc.blob.core.windows.net/oc-da/Instituciones_compradoras.zip,2026-03-04T17:59:21.648688+00:00
55c1599ef6b479f7df43ba218ade8a2b949b139631402d8321c31495b6731e80,3017,MUNICIPALIDADES,I MUNICIPALIDAD DE LOTA,113259,3974,DEPARTAMENTO DEM,Bío-Bío,https://transparenciachc.blob.core.windows.net/oc-da/Instituciones_compradoras.zip,2026-03-04T17:59:21.648688+00:00
70027dd0141847ec8663768cb9da3e7e3ee22ba2bf25e4cb00c6d291d8a2c17a,5000,MUNICIPALIDADES,I MUNICIPALIDAD DE SAN PEDRO DE ATACAMA,113428,947750,SECPLA,Antofagasta,https://transparenciachc.blob.core.windows.net/oc-da/Instituciones_compradoras.zip,2026-03-04T17:59:21.648688+00:00
0e2d904f270b392705b86ab20f8f2f22a30a8d4e97043f13af593f63387f8cbe,4006,MUNICIPALIDADES,I MUNICIPALIDAD DE CASABLANCA,113614,769395,ASESORIA JURIDICA,Valparaíso,https://transparenciachc.blob.core.windows.net/oc-da/Instituciones_compradoras.zip,2026-03-04T17:59:21.648688+00:00
410acd280884a4d0dd10437409facf424f93f029daf8b2a31160ce5b79b8de47,8001,MUNICIPALIDADES,I MUNICIPALIDAD DE PANQUEHUE,113618,592823,ALCALDIA,Valparaíso,https://transparenciachc.blob.core.windows.net/oc-da/Instituciones_compradoras.zip,2026-03-04T17:59:21.648688+00:00
0097d8f264dca2b8d4632f85f99fe15330da016bd660d667dea1f0faf19e1228,1007,MUNICIPALIDADES,I MUNICIPALIDAD DE LAGO RANCO,113735,630424,ADQUISICIONES DAEM II,Los Ríos,https://transparenciachc.blob.core.windows.net/oc-da/Instituciones_compradoras.zip,2026-03-04T17:59:21.648688+00:00
9fd51c799f28dc6db2f90e742fe9bc369180fd932033a047aa2720d411ee63cc,6002,MUNICIPALIDADES,I MUNICIPALIDAD DE MARIA ELENA,113738,4070,DEPARTAMENTO ADMINISTRACIÓN Y FINANZAS I.M.M.E.,Antofagasta,https://transparenciachc.blob.core.windows.net/oc-da/Instituciones_compradoras.zip,2026-03-04T17:59:21.648688+00:00
db07d94b6b06c2a0a2e3e1d9c78225fd8e81610289425f209e8999f57aa48d94,5000,FFAA,DIRECCION DE LOGISTICA DE CARABINEROS,113812,967490,ESCUELA NACIONAL DE ESPECIALIDADES CARABINEROS,Metropolitana,https://transparenciachc.blob.core.windows.net/oc-da/Instituciones_compradoras.zip,2026-03-04T17:59:21.648688+00:00
d6c1da01b0a34e31535ae2ab7ebe0ac996b57782c924dd03256b8a380fc51326,5222,FFAA,DIRECCION DE LOGISTICA DE CARABINEROS,113812,4355,ESCUELA DE FORMACIÓN CARABINEROS GRUPO TEMUCO,Araucanía,https://transparenciachc.blob.core.windows.net/oc-da/Instituciones_compradoras.zip,2026-03-04T17:59:21.648688+00:00
fa756221f85c70a454bdb16adc34a8ae4c7ac5077ce522f73d9461d057d8655a,6288,FFAA,DIRECCION DE LOGISTICA DE CARABINEROS,113812,1079445,SECC COM ZONA CARAB MAGALLANES Y ANTARTICA CHILENA,Magallanes y Antártica,https://transparenciachc.blob.core.windows.net/oc-da/Instituciones_compradoras.zip,2026-03-04T17:59:21.648688+00:00
6e0f7869c5927388bc2152bd4780f17cdbccf6a93b7254ebfb2e6d918112b246,6602,FFAA,DIRECCION DE LOGISTICA DE CARABINEROS,113812,1080164,ESCUELA DE SUBOFICIALES GRUPO ANTOFAGASTA,Antofagasta,https://transparenciachc.blob.core.windows.net/oc-da/Instituciones_compradoras.zip,2026-03-04T17:59:21.648688+00:00
36930ddf477e0445fa8e3ba8a3563b19c47546a3de607df24f1405f9ca4dc2c3,1057,FFAA,DIRECCION DE LOGISTICA DE CARABINEROS,113812,1079486,SECCIÓN COMPRAS ZONA DE CARABINEROS ATACAMA,Atacama,https://transparenciachc.blob.core.windows.net/oc-da/Instituciones_compradoras.zip,2026-03-04T17:59:21.648688+00:00
e2f70f72fc9af6de9cc60cf6489b3a4b1d41beb85b13a23010fce169450b0979,2061,FFAA,DIRECCION DE LOGISTICA DE CARABINEROS,113812,627786,ESCUELA FORMACIÓN CARABINEROS GRUPO OVALLE,Coquimbo,https://transparenciachc.blob.core.windows.net/oc-da/Instituciones_compradoras.zip,2026-03-04T17:59:21.648688+00:00
7a821665784a4e59102819a3b2191d72afbfd941b3d1f3b688e38fc2c831a9c0,3609,FFAA,DIRECCION DE LOGISTICA DE CARABINEROS,113812,4997,ESCUELA FORMACIÓN CARABINEROS GRUPO VIÑA DEL MAR,Valparaíso,https://transparenciachc.blob.core.windows.net/oc-da/Instituciones_compradoras.zip,2026-03-04T17:59:21.648688+00:00
54a9dd8e0fb4edfecbeff6a45ec15a0a358c6aed34e1708ef8454537bb087483,6807,FFAA,DIRECCION DE LOGISTICA DE CARABINEROS,113812,1079563,SECC COMPRAS ZONA DE CARAB LIB BERNARDO OHIGGINS,Lib. Gral. Bdo. O'Higgins,https://transparenciachc.blob.core.windows.net/oc-da/Instituciones_compradoras.zip,2026-03-04T17:59:21.648688+00:00
0133f20f914d81c383ca30a86d1477ec17c07e951aa8777b10cf7617affcb67a,3706,FFAA,DIRECCION DE LOGISTICA DE CARABINEROS,113812,1079566,SECCIÓN COMPRAS ZONA DE CARABINEROS MAULE,Maule,https://transparenciachc.blob.core.windows.net/oc-da/Instituciones_compradoras.zip,2026-03-04T17:59:21.648688+00:00
a010112576138ae8938f5c63174031f697c31344126eba7feb2914dff9ec9b5d,4005,FFAA,DIRECCION DE LOGISTICA DE CARABINEROS,113812,995118,"ESCUELA DE SUBOFICIALES""GRUPO CONCEPCIÓN",Bío-Bío,https://transparenciachc.blob.core.windows.net/oc-da/Instituciones_compradoras.zip,2026-03-04T17:59:21.648688+00:00
3024dd38c726a78a6649d24459172e2e008e985ffca337750ffad862b5d52cea,5207,FFAA,DIRECCION DE LOGISTICA DE CARABINEROS,113812,1079580,SECCIÓN COMPRAS ZONA DE CARABINEROS ÑUBLE,Ñuble,https://transparenciachc.blob.core.windows.net/oc-da/Instituciones_compradoras.zip,2026-03-04T17:59:21.648688+00:00
a9613848948495140aaa003354aa07a54b6f9d4cba94302d6926da40cd94e013,1014,FFAA,DIRECCION DE LOGISTICA DE CARABINEROS,113812,5151,ESCUELA DE FORMACIÓN CARABINEROS GRUPO ARICA,Arica y Parinacota,https://transparenciachc.blob.core.windows.net/oc-da/Instituciones_compradoras.zip,2026-03-04T17:59:21.648688+00:00
fb35eb472f6655302427fc78adc409bfb2e40b2b16c9ce315deada4f3196a65a,3005,FFAA,DIRECCION DE LOGISTICA DE CARABINEROS,113812,5099,ESCUELA FORMACIÓN CARABINEROS GRUPO PUERTO MONTT,Los Lagos,https://transparenciachc.blob.core.windows.net/oc-da/Instituciones_compradoras.zip,2026-03-04T17:59:21.648688+00:00
34de5691c7b970c61225e81f5e3449349181949b5b2f19dafc38545fe0a60147,8606,FFAA,DIRECCION DE LOGISTICA DE CARABINEROS,113812,1079659,SECCIÓN COMPRAS ZONA CARAB ARAUCANÍA CONT ORD PUBL,Araucanía,https://transparenciachc.blob.core.windows.net/oc-da/Instituciones_compradoras.zip,2026-03-04T17:59:21.648688+00:00
ea4cb35ca788542fc61c2c920108ea181580ebf3f3b9702e0987cf713f0bf230,5627,FFAA,DIRECCION DE LOGISTICA DE CARABINEROS,113812,1079689,SECCIÓN COMPRA ZONA DE CARABINEROS AYSÉN,Aysén,https://transparenciachc.blob.core.windows.net/oc-da/Instituciones_compradoras.zip,2026-03-04T17:59:21.648688+00:00
592ffbfaca43a62c83b4e5d57aa41bbfd0f46fc7f5926878ebb4d560ce8ab339,5230,FFAA,DIRECCION DE LOGISTICA DE CARABINEROS,113812,5149,ESCUELA DE FORMACIÓN CARABINEROS GRUPO VALDIVIA,Los Ríos,https://transparenciachc.blob.core.windows.net/oc-da/Instituciones_compradoras.zip,2026-03-04T17:59:21.648688+00:00
b443a94092d1da410342d4f47605a1e2efda00689ea11721459b82b4d7796fcf,6043,FFAA,DIRECCION DE LOGISTICA DE CARABINEROS,113812,1079713,SECCIÓN COMPRAS ZONA SANTIAGO ESTE,Metropolitana,https://transparenciachc.blob.core.windows.net/oc-da/Instituciones_compradoras.zip,2026-03-04T17:59:21.648688+00:00
6b4bbbb577db2a38f070e10cbcf0beaaf1c5acfae9d1ddd589a37597165fde9b,9777,FFAA,DIRECCION DE LOGISTICA DE CARABINEROS,113812,1079866,SECCIÓN COMPRAS ZONA SANTIAGO OESTE,Metropolitana,https://transparenciachc.blob.core.windows.net/oc-da/Instituciones_compradoras.zip,2026-03-04T17:59:21.648688+00:00
9071f5d7a06030a396f4a17957aefc2426083b87de221165a0647d75aa92e131,1022,FFAA,DIRECCION DE LOGISTICA DE CARABINEROS,113812,1079967,SECCIÓN COMPRAS ZONA DE CARABINEROS TARAPACA,Tarapacá,https://transparenciachc.blob.core.windows.net/oc-da/Instituciones_compradoras.zip,2026-03-04T17:59:21.648688+00:00
3f10d0cdda675b930c5373918d8c11ecc35e9801842fdb464aa33c0f2c4b45e5,8006,FFAA,DIRECCION DE LOGISTICA DE CARABINEROS,113812,1079969,SECCIÓN COMPRAS ZONA SEG PRIV CONTROL ARMAS Y EXPL,Metropolitana,https://transparenciachc.blob.core.windows.net/oc-da/Instituciones_compradoras.zip,2026-03-04T17:59:21.648688+00:00
fb1fd265595cb34ac010cdda166e2c4c4e1ab5f28b797c9fa621a24691de2a9e,7005,FFAA,DIRECCION DE LOGISTICA DE CARABINEROS,113812,1080286,SECCIÓN COMPRAS ZONA METROPOLITANA,Metropolitana,https://transparenciachc.blob.core.windows.net/oc-da/Instituciones_compradoras.zip,2026-03-04T17:59:21.648688+00:00
7058f76772a692515fc73ff055be56f5fde922aa451760373d00131b2b3cd183,5004,FFAA,DIRECCION DE LOGISTICA DE CARABINEROS,113812,904280,DEPARTAMENTO BIENES RAÍCES L.6,Metropolitana,https://transparenciachc.blob.core.windows.net/oc-da/Instituciones_compradoras.zip,2026-03-04T17:59:21.648688+00:00
c0b25cbaba054d1e270c959beea4ccbc10cb75b78a81c24711ed75802d8970ad,9607,FFAA,DIRECCION DE LOGISTICA DE CARABINEROS,113812,784642,CENTRO NACIONAL  PERFECCIONAMIENTO Y CAPACITACIÓN,Metropolitana,https://transparenciachc.blob.core.windows.net/oc-da/Instituciones_compradoras.zip,2026-03-04T17:59:21.648688+00:00
4d9f963c9fd38c19cafd54534d2d3d529ca448dacbec3b1a88e21880afcfbdac,7233,FFAA,DIRECCION DE LOGISTICA DE CARABINEROS,113812,904222,CUENTA INTERNA HOSCAR,Metropolitana,https://transparenciachc.blob.core.windows.net/oc-da/Instituciones_compradoras.zip,2026-03-04T17:59:21.648688+00:00
52dfb34ff3f650f7928010ac701bd2ef82d8bef530c71038ef50ce570af665f9,7330,FFAA,DIRECCION DE LOGISTICA DE CARABINEROS,113812,4996,PREFECTURA AÉREA,Metropolitana,https://transparenciachc.blob.core.windows.net/oc-da/Instituciones_compradoras.zip,2026-03-04T17:59:21.648688+00:00
b110eccd33556b485a18ce0192cee838f0b95fe91cf84870c794ec2e3544aa9a,7209,FFAA,DIRECCION DE LOGISTICA DE CARABINEROS,113812,539119,SECCIÓN DE ABASTECIMIENTO Y PROYECTOS,Metropolitana,https://transparenciachc.blob.core.windows.net/oc-da/Instituciones_compradoras.zip,2026-03-04T17:59:21.648688+00:00
cc3fc9dcd6753ca18d2cb3a067ddb5f78b56fe8caac4eedf3db097c72d9b66c3,5002,FFAA,DIRECCION DE LOGISTICA DE CARABINEROS,113812,904228,CUENTA FISCAL,Metropolitana,https://transparenciachc.blob.core.windows.net/oc-da/Instituciones_compradoras.zip,2026-03-04T17:59:21.648688+00:00
94665af16097676eaaa91d2f8aa3f76f1f19e7cb0266bd93e337b05ac75a8e96,0009,FFAA,DIRECCION DE LOGISTICA DE CARABINEROS,113812,5557,FONDOS HOSPITALES,Metropolitana,https://transparenciachc.blob.core.windows.net/oc-da/Instituciones_compradoras.zip,2026-03-04T17:59:21.648688+00:00
2c61f6c82382042f89e1f7f4f8c26bb8d7a4fc03bc7185c356dffb95785614b3,1004,MUNICIPALIDADES,I MUNICIPALIDAD DE LONCOCHE,113851,4124,ADMINISTRACIÓN Y FINANZAS,Araucanía,https://transparenciachc.blob.core.windows.net/oc-da/Instituciones_compradoras.zip,2026-03-04T17:59:21.648688+00:00
21d92e4ae092e94744123fccf3f2e21ec4a00bd0c87268e2feffe45e3f91065a,2007,MUNICIPALIDADES,ILUSTRE MUNICIPALIDAD DE MACHALI,113852,900894,"DIRECCIÓN DE MEDIO AMBIENTE, ASEO Y ORNATO",Lib. Gral. Bdo. O'Higgins,https://transparenciachc.blob.core.windows.net/oc-da/Instituciones_compradoras.zip,2026-03-04T17:59:21.648688+00:00
1ed9d51969dca1d8853403e893fecc94d777f4e6e225e01b67f10b61730f7fdc,0500,MUNICIPALIDADES,I MUNICIPALIDAD DE COLLIPULLI,113853,969221,ESCUELA EL AMANECER,Araucanía,https://transparenciachc.blob.core.windows.net/oc-da/Instituciones_compradoras.zip,2026-03-04T17:59:21.648688+00:00
89b2b0bfe1c3a3e734bac0e2f0dd2f3c38cfa38a2404b9103ec49ddcabb55476,5006,MUNICIPALIDADES,I MUNICIPALIDAD DE SAN RAFAEL,113913,880489,"COMITE DE BIENESTAR , CENTRO DE SALUD FAMILIAR",Maule,https://transparenciachc.blob.core.windows.net/oc-da/Instituciones_compradoras.zip,2026-03-04T17:59:21.648688+00:00
24e863501304eb430c7b283129ccf2e8dc5079fa3ed1b2dd45db0dc55d301fe5,7003,MUNICIPALIDADES,I MUNICIPALIDAD DE PELLUHUE,113978,4175,DEPARTAMENTO DE OBRAS,Maule,https://transparenciachc.blob.core.windows.net/oc-da/Instituciones_compradoras.zip,2026-03-04T17:59:21.648688+00:00
3edc5166085289d87d3c15c4c0bf7a470347d9543bc6836d1ce43fa97f4684ed,5008,MUNICIPALIDADES,I MUNICIPALIDAD DE SANTO DOMINGO,113981,4166,DEPARTAMENTO DE SALUD,Valparaíso,https://transparenciachc.blob.core.windows.net/oc-da/Instituciones_compradoras.zip,2026-03-04T17:59:21.648688+00:00
bf7be848ba9bfdfd87d32ec3926858e243f3af0a2e8e134dd9b1129b0241518a,0001,MUNICIPALIDADES,I MUNICIPALIDAD DE RIO HURTADO,114075,771555,OFICINA DE PROYECTOS,Coquimbo,https://transparenciachc.blob.core.windows.net/oc-da/Instituciones_compradoras.zip,2026-03-04T17:59:21.648688+00:00
fd5690aa15d42dcb24eaefb4e37413610385629c5c184d52d1e350d0eb594b65,1000,MUNICIPALIDADES,I MUNICIPALIDAD DE CHAITEN,114392,5853,DEPARTAMENTO DE EDUCACION MUNICIPAL,Los Lagos,https://transparenciachc.blob.core.windows.net/oc-da/Instituciones_compradoras.zip,2026-03-04T17:59:21.648688+00:00
54d3f4bd78a0ed611c87dc8aa59e611c3cdecd1ae6ba5428c87637593e56a280,0004,MUNICIPALIDADES,I MUNICIPALIDAD DE CURACO DE VELEZ,114393,4217,SECPLAN,Los Lagos,https://transparenciachc.blob.core.windows.net/oc-da/Instituciones_compradoras.zip,2026-03-04T17:59:21.648688+00:00
05eadffabf7d237231e0bf765b7573deb25f20d15327d7941ae7289f80752959,8006,MUNICIPALIDADES,I MUNICIPALIDAD DE TUCAPEL,114395,5566,SERVICIO DE BIENESTAR,Bío-Bío,https://transparenciachc.blob.core.windows.net/oc-da/Instituciones_compradoras.zip,2026-03-04T17:59:21.648688+00:00
52b50db90949dbdb1e9d1c42b243a951e9da37d0b6b526d92060c2bca0cf19be,8014,MUNICIPALIDADES,I MUNICIPALIDAD DE TUCAPEL,114395,4226,DEPARTAMENTO COMUNAL DE EDUCACIÓN,Bío-Bío,https://transparenciachc.blob.core.windows.net/oc-da/Instituciones_compradoras.zip,2026-03-04T17:59:21.648688+00:00
ecd09a3ab3ba4f4e2655d3a4f786f097252307514a9c2d20cdadfd421dc79878,8022,MUNICIPALIDADES,I MUNICIPALIDAD DE TUCAPEL,114395,4230,DEPARTAMENTO COMUNAL DE SALUD,Bío-Bío,https://transparenciachc.blob.core.windows.net/oc-da/Instituciones_compradoras.zip,2026-03-04T17:59:21.648688+00:00
728a7601ff8896c34beaf64e426fb2a1cc87749b77e328c750f147b636a117ff,5003,MUNICIPALIDADES,I MUNICIPALIDAD DE LICANTEN,114398,712830,ELEAM SENAMA LICANTEN,Maule,https://transparenciachc.blob.core.windows.net/oc-da/Instituciones_compradoras.zip,2026-03-04T17:59:21.648688+00:00
8194da3ac1c082866ba1f9bedaba011803259f7e117d12c99ba6ff7cfb05723a,2009,MUNICIPALIDADES,CORP MUNICIPAL DE ISLA DE MAIPO PARA L,1145766,578459,CORPORACIÓN MUNICIPAL ISLA DE MAIPO,Metropolitana,https://transparenciachc.blob.core.windows.net/oc-da/Instituciones_compradoras.zip,2026-03-04T17:59:21.648688+00:00
dde85cb3ca77b91419a4a5d05d72f945a39c05b2110df2d0991a38b0e122f445,2003,MUNICIPALIDADES,I MUNICIPALIDAD DE OLMUE,114724,6150,"I.MUNICIPALIDAD DE OLMUE, ESCUELA BASICA F-389 GRANIZO",Valparaíso,https://transparenciachc.blob.core.windows.net/oc-da/Instituciones_compradoras.zip,2026-03-04T17:59:21.648688+00:00
109f4cf0880a924ed69b9545133064ca441083a65eb08b3f52adc2dd9550bea7,6001,MUNICIPALIDADES,I MUNICIPALIDAD DE OLMUE,114724,4265,LICEO DE OLMUÉ,Valparaíso,https://transparenciachc.blob.core.windows.net/oc-da/Instituciones_compradoras.zip,2026-03-04T17:59:21.648688+00:00
8dd2289988ce2541658078e52c00dcbb696e2af2fb2c8834086d04644073fff4,6709,MUNICIPALIDADES,I MUNICIPALIDAD DE OLMUE,114724,5630,"I-MUNICIPALIDAD DE OLMUE,ESCUELA BASICA LO NARVAEZ",Valparaíso,https://transparenciachc.blob.core.windows.net/oc-da/Instituciones_compradoras.zip,2026-03-04T17:59:21.648688+00:00
34e9a71c1edc204a79581f97803cb1cb301f4fce628c314821c28ca94e2eba45,8006,MUNICIPALIDADES,I MUNICIPALIDAD DE LA UNION,114725,5692,DIRECCIÓN DE ADM. Y FINANZAS,Los Ríos,https://transparenciachc.blob.core.windows.net/oc-da/Instituciones_compradoras.zip,2026-03-04T17:59:21.648688+00:00
cecc202fde64af10bbf54b95ebc1d333867f9e50930307e1cb52a13b6751018e,7006,MUNICIPALIDADES,I MUNICIPALIDAD DE VICHUQUEN,114914,906973,SECPLAC,Maule,https://transparenciachc.blob.core.windows.net/oc-da/Instituciones_compradoras.zip,2026-03-04T17:59:21.648688+00:00
4c9daff62d6182d5e47e580a224314788566b45f9990e44f006370d90ed0771c,5001,MUNICIPALIDADES,I MUNICIPALIDAD DE PURRANQUE,114916,6023,DEPARTAMENTO DE EDUCACION MUNICIPAL,Los Lagos,https://transparenciachc.blob.core.windows.net/oc-da/Instituciones_compradoras.zip,2026-03-04T17:59:21.648688+00:00
c3c8756e4861fcd31b43538bac3e8c50ac98bc82dc11cc98b2f1a81a410e117d,3005,MUNICIPALIDADES,I MUNICIPALIDAD DE RINCONADA,114918,4414,DEPARTAMENTO DE EDUCACIÓN,Valparaíso,https://transparenciachc.blob.core.windows.net/oc-da/Instituciones_compradoras.zip,2026-03-04T17:59:21.648688+00:00
7744aee9125a4c39b425f27d952ed8d8650e761b179f3b939b7e1cc54327295a,1006,MUNICIPALIDADES,MUNICIPALIDAD DE ALTO HOSPICIO,114923,4368,DIRECCION DE ADMINISTRACION Y FINANZAS,Tarapacá,https://transparenciachc.blob.core.windows.net/oc-da/Instituciones_compradoras.zip,2026-03-04T17:59:21.648688+00:00
1d76f9faf2adfe2e0877fff711747461b1de0ceecd76c2d061e92442f475e137,4008,MUNICIPALIDADES,I MUNICIPALIDAD DE NUEVA IMPERIAL,114924,4411,UNIDAD DE ADMINISTRACION,Araucanía,https://transparenciachc.blob.core.windows.net/oc-da/Instituciones_compradoras.zip,2026-03-04T17:59:21.648688+00:00
69f10b9215617fffeff9090c89ef72956aa78ee842f98ca89f7dafea53dc8cd2,4005,MUNICIPALIDADES,I MUNICIPALIDAD DE COBQUECURA,114925,6078,DOM,Ñuble,https://transparenciachc.blob.core.windows.net/oc-da/Instituciones_compradoras.zip,2026-03-04T17:59:21.648688+00:00
6715d5bb7f90be7b30432c719a8738d78e47598f9587d2121c1a1873e1ff12d3,8003,MUNICIPALIDADES,I MUNICIPALIDAD DE VILCUN,115009,4416,DEPARTAMENTO SALUD,Araucanía,https://transparenciachc.blob.core.windows.net/oc-da/Instituciones_compradoras.zip,2026-03-04T17:59:21.648688+00:00
e1d1df00cf4c53a7315fcccffe8849f247595be54293a5d1f7121ea814ad3529,7004,MUNICIPALIDADES,I MUNICIPALIDAD DE QUINTA DE TILCOCO,115010,5759,PRODESAL,Lib. Gral. Bdo. O'Higgins,https://transparenciachc.blob.core.windows.net/oc-da/Instituciones_compradoras.zip,2026-03-04T17:59:21.648688+00:00
03a22fd6037572ed172ea99eb4ef91636334f00bd1c93675c1a0123c5b55b4bd,6002,MUNICIPALIDADES,I MUNICIPALIDAD DE CALBUCO,115011,4400,MUNICIPALIDAD DE CALBUCO,Los Lagos,https://transparenciachc.blob.core.windows.net/oc-da/Instituciones_compradoras.zip,2026-03-04T17:59:21.648688+00:00
f78dc40cff09c284de4acad3784ec9f3be8a7b75278b1784704f45a0ca669574,8907,MUNICIPALIDADES,I MUNICIPALIDAD DE CALBUCO,115011,4428,DEPARTAMENTO DE SALUD,Los Lagos,https://transparenciachc.blob.core.windows.net/oc-da/Instituciones_compradoras.zip,2026-03-04T17:59:21.648688+00:00
eaf704d26845922b0816d78d9f4bb232b05221c31dde2129ab69eb163c6b4bee,6010,MUNICIPALIDADES,I MUNICIPALIDAD DE CALBUCO,115011,4431,DEPARTAMENTO DE EDUCACION,Los Lagos,https://transparenciachc.blob.core.windows.net/oc-da/Instituciones_compradoras.zip,2026-03-04T17:59:21.648688+00:00
6ee5c7173f529f9db86852cd34a6aa77b4b1e6b3a3bc8f2cdbcfebebaa5407ca,7002,MUNICIPALIDADES,MUNICIPALIDAD DE TRAIGUEN,115163,4439,EDUCACION,Araucanía,https://transparenciachc.blob.core.windows.net/oc-da/Instituciones_compradoras.zip,2026-03-04T17:59:21.648688+00:00
81223546a3e79bf63bfc673f1e1fae5af836f0a8c8a216602cb1a000495ae6f2,2004,MUNICIPALIDADES,I MUNICIPALIDAD DE ILLAPEL,115164,4434,SECRETARIA COMUNAL DE PLANIFICACION,Coquimbo,https://transparenciachc.blob.core.windows.net/oc-da/Instituciones_compradoras.zip,2026-03-04T17:59:21.648688+00:00
9c102622febad278c4bb1b42bda68e4fe45411e46c50bdea8e9b8c64a068779c,3008,MUNICIPALIDADES,I MUNICIPALIDAD DE DALCAHUE,115165,744273,JUZGADO POLICIA LOCAL,Los Lagos,https://transparenciachc.blob.core.windows.net/oc-da/Instituciones_compradoras.zip,2026-03-04T17:59:21.648688+00:00
c3e96f7ef55187b64746acb5a4eeecbaa2a2fd60a07b97c9c8931e2dc27a0fa3,8007,MUNICIPALIDADES,I MUNICIPALIDAD DE PENCAHUE,115166,5408,EDUCACION,Maule,https://transparenciachc.blob.core.windows.net/oc-da/Instituciones_compradoras.zip,2026-03-04T17:59:21.648688+00:00
e6a5e7836bb84ed1101bc1432fb689e9fb5eefa9cea90254b8bc87af96f7f9a5,1003,MUNICIPALIDADES,I MUNICIPALIDAD DE TOCOPILLA,115167,4476,SECPLAC,Antofagasta,https://transparenciachc.blob.core.windows.net/oc-da/Instituciones_compradoras.zip,2026-03-04T17:59:21.648688+00:00
ef039616b09d7243a6175bfde42561d38209719f4811c545af252e67d26c7bb3,5000,MUNICIPALIDADES,I MUNICIPALIDAD DE CHONCHI,115168,690268,DIRECCIÓN DE DESARROLLO ECONÓMICO LOCAL,Los Lagos,https://transparenciachc.blob.core.windows.net/oc-da/Instituciones_compradoras.zip,2026-03-04T17:59:21.648688+00:00
89bab305298b81d802247928f53a222c37ea49419218334b6b50bf035df73a46,3004,MUNICIPALIDADES,I MUNICIPALIDAD DE LA CALERA,115185,4482,SECRETARIA DE PLANIFICACION,Valparaíso,https://transparenciachc.blob.core.windows.net/oc-da/Instituciones_compradoras.zip,2026-03-04T17:59:21.648688+00:00
dde6675d3cccf0417d8016055a3b784cc3b0cba921d5f96d852db51e579cb111,5004,MUNICIPALIDADES,I MUNICIPALIDAD DE CARAHUE,115186,4507,DEPARTAMENTO DE SALUD MUNICIPAL CARAHUE,Araucanía,https://transparenciachc.blob.core.windows.net/oc-da/Instituciones_compradoras.zip,2026-03-04T17:59:21.648688+00:00
fe4e2091ecdf5692bc9d66dc2360e3c51eb9ff773868316719ce51358d50a891,1005,MUNICIPALIDADES,ILUSTRE MUNICIPALIDAD TEODORO SCHMIDT,115280,4485,MUNICIPALIDAD,Araucanía,https://transparenciachc.blob.core.windows.net/oc-da/Instituciones_compradoras.zip,2026-03-04T17:59:21.648688+00:00
76f54bf2f8c806c4c0d7288f1da94d3e6ce106b387f0566a342d00fcb75d2e32,2003,MUNICIPALIDADES,I MUNICIPALIDAD DE PANGUIPULLI,115284,5897,PRODESAL,Los Ríos,https://transparenciachc.blob.core.windows.net/oc-da/Instituciones_compradoras.zip,2026-03-04T17:59:21.648688+00:00
040cae687af825157575173baf519c2745b47768a0fbc482437ce26750735981,7009,MUNICIPALIDADES,I MUNICIPALIDAD DE FLORIDA,115285,4487,ILUSTRE MUNICIPALIDAD DE FLORIDA,Metropolitana,https://transparenciachc.blob.core.windows.net/oc-da/Instituciones_compradoras.zip,2026-03-04T17:59:21.648688+00:00
acde1aab4cdf669c035c4096a92eeec7a2b82b17543169807576b12aac17d18e,7017,MUNICIPALIDADES,I MUNICIPALIDAD DE FLORIDA,115285,4495,DIRECCION EDUCACION MUNICIPAL FLORIDA,Metropolitana,https://transparenciachc.blob.core.windows.net/oc-da/Instituciones_compradoras.zip,2026-03-04T17:59:21.648688+00:00
10f645eb84dae8bd509cde62007db20610a6e9982ad8e1a0f600ebc872852d4f,9100,MUNICIPALIDADES,I MUNICIPALIDAD DE FLORIDA,115285,4497,DIRECCION ADMIN. SALUD MUNICIPAL FLORIDA,Metropolitana,https://transparenciachc.blob.core.windows.net/oc-da/Instituciones_compradoras.zip,2026-03-04T17:59:21.648688+00:00
55e4dcd190adc0301d2218da3124b8c4bd8f4d1aa713bc0e0c2c5e3162c96719,5007,MUNICIPALIDADES,I MUNICIPALIDAD DE YUNGAY,115294,4511,DEPARTAMENTO CEMENTERIOS,Ñuble,https://transparenciachc.blob.core.windows.net/oc-da/Instituciones_compradoras.zip,2026-03-04T17:59:21.648688+00:00
56cd47013ab452fc75ecb1769ae35bc4edd3abb9857e54cb54d1e47f2b43b7af,1008,MUNICIPALIDADES,ILUSTRE MINICIPALIDAD DE COMBARBALA,115297,527481,OFICINA SECPLAC,Coquimbo,https://transparenciachc.blob.core.windows.net/oc-da/Instituciones_compradoras.zip,2026-03-04T17:59:21.648688+00:00
033e251eb20e828aca407dc48ddb3c4455f8f6aa9720b5d1350f0ede8490a63e,2002,MUNICIPALIDADES,I MUNICIPALIDAD DE PORTEZUELO,115299,4514,MUNICIPALIDAD DE PORTEZUELO,Ñuble,https://transparenciachc.blob.core.windows.net/oc-da/Instituciones_compradoras.zip,2026-03-04T17:59:21.648688+00:00
4c1abcb83b7bc526050993c7c1df58c9e82b335c32413dc88c432dc28fabaeb8,2029,MUNICIPALIDADES,I MUNICIPALIDAD DE PORTEZUELO,115299,4519,DEPARTAMENTO DE ADMINISTRACIÓN DE EDUCACIÓN,Ñuble,https://transparenciachc.blob.core.windows.net/oc-da/Instituciones_compradoras.zip,2026-03-04T17:59:21.648688+00:00
ebeeea205957d5e06e966e50caa06332aa71d4433c6f48783500f6588613a2f8,2010,MUNICIPALIDADES,I MUNICIPALIDAD DE PORTEZUELO,115299,4520,DEPARTAMENTO DE SALUD,Ñuble,https://transparenciachc.blob.core.windows.net/oc-da/Instituciones_compradoras.zip,2026-03-04T17:59:21.648688+00:00
d32fabb4382222adaf5ac80cd960897efdf4c304b19c7db2537183161446771c,4009,MUNICIPALIDADES,ILUSTRE MUNICIPALIDAD DE RIO VERDE,115301,4515,ILUSTRE MUNICIPALIDAD DE RIO VERDE,Magallanes y Antártica,https://transparenciachc.blob.core.windows.net/oc-da/Instituciones_compradoras.zip,2026-03-04T17:59:21.648688+00:00
89615eccf8bcfd0beb4b63d34cd0fc1196ab5bc29f127731deabf1685293fcce,0300,MUNICIPALIDADES,I MUNICIPALIDAD DE PAPUDO,115302,4522,MUNICIPALIDAD DE PAPUDO - SALUD,Valparaíso,https://transparenciachc.blob.core.windows.net/oc-da/Instituciones_compradoras.zip,2026-03-04T17:59:21.648688+00:00
fe19b0d2b0fcbc7a9bd266103bd2a2d91a6f30cbd30d7952a719012070070b3d,5008,MUNICIPALIDADES,I MUNICIPALIDAD DE VICUNA,115303,727202,SECPLAN,Coquimbo,https://transparenciachc.blob.core.windows.net/oc-da/Instituciones_compradoras.zip,2026-03-04T17:59:21.648688+00:00
b0a00d09a64e687c1e875bbbc3844e8be96b688016f9b51ef0c01eaf6db9d6f0,3003,MUNICIPALIDADES,I MUNICIPALIDAD DE MARCHIGUE,115304,966539,SECRETARÍA COMUNAL DE PLANIFICACIÓN,Lib. Gral. Bdo. O'Higgins,https://transparenciachc.blob.core.windows.net/oc-da/Instituciones_compradoras.zip,2026-03-04T17:59:21.648688+00:00
a281de7233440641c9eb1c8150cb4e11403683ec8f96a43b0c6c4b0ae381771d,5005,MUNICIPALIDADES,I MUNICIPALIDAD DE MULCHEN,115311,4527,SECRETARIA DE PLANIFICACION,Bío-Bío,https://transparenciachc.blob.core.windows.net/oc-da/Instituciones_compradoras.zip,2026-03-04T17:59:21.648688+00:00
b0653cda3d651bf079a4dd7f97241a061c211e0a29515a125c99c05676639f2a,5013,MUNICIPALIDADES,I MUNICIPALIDAD DE MULCHEN,115311,4524,EDUCACION,Bío-Bío,https://transparenciachc.blob.core.windows.net/oc-da/Instituciones_compradoras.zip,2026-03-04T17:59:21.648688+00:00
537a08ea01e8a4e13722bce89e7c43836462ebb15781e008120711c697c0ad65,4006,MUNICIPALIDADES,I MUNICIPALIDAD DE MULCHEN,115311,4526,SALUD,Bío-Bío,https://transparenciachc.blob.core.windows.net/oc-da/Instituciones_compradoras.zip,2026-03-04T17:59:21.648688+00:00
249b2d233f1e97cf75b5585b339001b3ec842abef3e807040b3a210dd3b4d081,6000,MUNICIPALIDADES,I MUNICIPALIDAD DE SAAVEDRA,115313,685916,MUNICIPALIDAD DE SAAVEDRA-ADMINISTRACION,Araucanía,https://transparenciachc.blob.core.windows.net/oc-da/Instituciones_compradoras.zip,2026-03-04T17:59:21.648688+00:00
f7b76dbeba564d90731d99aff5e3308b713d31694dfe8795dcca2413482b2264,2300,MUNICIPALIDADES,I MUNICIPALIDAD DE SAN JOSE DE MAIPO,115457,4545,SECRETARIA COMUNAL DE PLANIFICACIÓN,Metropolitana,https://transparenciachc.blob.core.windows.net/oc-da/Instituciones_compradoras.zip,2026-03-04T17:59:21.648688+00:00
d4b47c6efe959b06ea8ef9ce06c0d196df34fa3ca69cb170d094cd525dd27327,2003,MUNICIPALIDADES,I MUNICIPALIDAD DE CABILDO,115459,5503,I.MUNICIPALIDAD DE CABILDO ADQUISICIONES-SALUD,Valparaíso,https://transparenciachc.blob.core.windows.net/oc-da/Instituciones_compradoras.zip,2026-03-04T17:59:21.648688+00:00
8a765292d96060a095b9ae2bf9916d4a7d7666566481a4035413150531a9fadd,5006,MUNICIPALIDADES,I MUNICIPALIDAD DE O HIGGINS,115463,4542,ADMINISTRACION Y FINANZAS,Aysén,https://transparenciachc.blob.core.windows.net/oc-da/Instituciones_compradoras.zip,2026-03-04T17:59:21.648688+00:00
28862de0277ad53e4cc2e5924a629919aa0065b604ad8bc3692855b332139f02,5007,MUNICIPALIDADES,I MUNICIPALIDAD DE MAFIL,115464,611290,DEPARTAMENTO DE EDUCACIÓN - JUNJI,Los Ríos,https://transparenciachc.blob.core.windows.net/oc-da/Instituciones_compradoras.zip,2026-03-04T17:59:21.648688+00:00
d3b946f101d346a8118e7f6a06111a077bc9c6c67b763900a66cde9cd4b06e78,6003,MUNICIPALIDADES,I MUNICIPALIDAD DE NOGALES,115468,4553,MUNICIPALIDAD DE NOGALES EDUCACION,Valparaíso,https://transparenciachc.blob.core.windows.net/oc-da/Instituciones_compradoras.zip,2026-03-04T17:59:21.648688+00:00
83b942aabcfcbd22804606cd0913e43b4e238203d8a966162de29a4f0c119de8,8309,"GOB. CENTRAL, UNIVERSIDADES",SUBSECRETARIA DE ENERGIA,1155673,584105,P01,Metropolitana,https://transparenciachc.blob.core.windows.net/oc-da/Instituciones_compradoras.zip,2026-03-04T17:59:21.648688+00:00
247fa1cf57003332aa2cf77c1dca595551a6d3745cd3ede2c07478bf22d08653,5001,MUNICIPALIDADES,I MUNICIPALIDAD DE MALLOA,115609,6247,ILUSTRE MUNICIPALIDAD DE MALLOA,Lib. Gral. Bdo. O'Higgins,https://transparenciachc.blob.core.windows.net/oc-da/Instituciones_compradoras.zip,2026-03-04T17:59:21.648688+00:00
e3d8e78ec8dd239d8b782a21547415f318377c8ed7b9530718d2584d76a84527,5005,MUNICIPALIDADES,ILUSTRE MUNICIPALIDAD DE SAN GREGORIO,115795,614032,MUNICIPALIDAD DE SAN GREGORIO - SERVICIO BIENESTAR,Magallanes y Antártica,https://transparenciachc.blob.core.windows.net/oc-da/Instituciones_compradoras.zip,2026-03-04T17:59:21.648688+00:00
0dc67a856f89ee5726463be897f13c47e7c706c6e0a43d08936ba5215d632558,3007,MUNICIPALIDADES,I.MUNICIPALIDAD DE PORVENIR,115798,6195,SECRETARIA DE PLANIFICACIÓN COMUNAL,Magallanes y Antártica,https://transparenciachc.blob.core.windows.net/oc-da/Instituciones_compradoras.zip,2026-03-04T17:59:21.648688+00:00
8758a3a6499ed7111601685a181de92a5cfe24ddbc74be9cba05bbbb319fa0b2,4009,MUNICIPALIDADES,I MUNICIPALIDAD DE QUILLECO,115979,4572,SECPLAN  QUILLECO,Bío-Bío,https://transparenciachc.blob.core.windows.net/oc-da/Instituciones_compradoras.zip,2026-03-04T17:59:21.648688+00:00
3840a739ad39080a6a3266c0ce00eeafba5eeeefc714897792814388ef29bfc3,4017,MUNICIPALIDADES,I MUNICIPALIDAD DE QUILLECO,115979,4570,DAEM   QUILLECO,Bío-Bío,https://transparenciachc.blob.core.windows.net/oc-da/Instituciones_compradoras.zip,2026-03-04T17:59:21.648688+00:00
5b454827aaa7e07f5e89bb3c84d15f82006558c2a153c685c5dc79572c56ee83,4025,MUNICIPALIDADES,I MUNICIPALIDAD DE QUILLECO,115979,4571,DEPARTAMENTO SALUD  QUILLECO,Bío-Bío,https://transparenciachc.blob.core.windows.net/oc-da/Instituciones_compradoras.zip,2026-03-04T17:59:21.648688+00:00
6b4259d17526f062415854a9a54b7dc6cef26db9a501974c26e25da046cf3202,3009,MUNICIPALIDADES,I MUNICIPALIDAD DE REQUINOA,116215,524634,DIDECO-SOCIAL,Lib. Gral. Bdo. O'Higgins,https://transparenciachc.blob.core.windows.net/oc-da/Instituciones_compradoras.zip,2026-03-04T17:59:21.648688+00:00
c3f8bc705ca354878ea9d60aa51918082d3e509ce04d0429081e1152300cd05e,6003,MUNICIPALIDADES,I MUNICIPALIDAD DE TIL TIL,116218,4586,SECRETARIA COMUNAL PLANIFICACION,Metropolitana,https://transparenciachc.blob.core.windows.net/oc-da/Instituciones_compradoras.zip,2026-03-04T17:59:21.648688+00:00
82867f537f88553c3fae067789f1a065cc9bd1ee0126a7fe55cc99e3620cbac2,8001,MUNICIPALIDADES,I MUNICIPALIDAD DE CALERA DE TANGO,116219,4589,DIRECCION DE ADMINISTRACION Y FINANZAS,Metropolitana,https://transparenciachc.blob.core.windows.net/oc-da/Instituciones_compradoras.zip,2026-03-04T17:59:21.648688+00:00
e11d52830a80073ff1127dcbe67b04a8dbb4b3c30d1760d8e3a1ef065174d3f6,5007,MUNICIPALIDADES,ILUSTRE MUNICIPALIDAD DE CHILLAN VIEJO,116221,4594,SALUD,Ñuble,https://transparenciachc.blob.core.windows.net/oc-da/Instituciones_compradoras.zip,2026-03-04T17:59:21.648688+00:00
63b63b5bb99281fbe1e7c8328d0f7dfc787f6ead88800b6e725a0bc03c89c26e,5002,MUNICIPALIDADES,I MUNICIPALIDAD DE PETORCA,116223,4598,ADQUISICIONES,Valparaíso,https://transparenciachc.blob.core.windows.net/oc-da/Instituciones_compradoras.zip,2026-03-04T17:59:21.648688+00:00
67b2aa9d7ee4dcae440976fe7fff491f38367e319f8635c7f045e0c36acb5173,4001,MUNICIPALIDADES,I MUNICIPALIDAD DE SAN ESTEBAN,116226,4601,SECPLAC,Valparaíso,https://transparenciachc.blob.core.windows.net/oc-da/Instituciones_compradoras.zip,2026-03-04T17:59:21.648688+00:00
d7b29e694a42ec81e8bf96a115e61b0520f9ba5219419116fc10e4f6cd4b547d,4007,MUNICIPALIDADES,I MUNICIPALIDAD DE SALAMANCA,116295,929238,DIRECCIÓN DE SERVICIOS COMUNITARIOS Y PAISAJISMO,Coquimbo,https://transparenciachc.blob.core.windows.net/oc-da/Instituciones_compradoras.zip,2026-03-04T17:59:21.648688+00:00
8867495be764244e78325b0727ec21cac66531b2931f45e803c4c028c0220576,8005,MUNICIPALIDADES,I MUNICIPALIDAD DE LAS CABRAS,116296,998782,ADMINISTRACION MUNICIPAL,Lib. Gral. Bdo. O'Higgins,https://transparenciachc.blob.core.windows.net/oc-da/Instituciones_compradoras.zip,2026-03-04T17:59:21.648688+00:00
d3cd3af8738f91197df8afd272fd286ecfd429718d5385d0a6190f5496aedbb0,7005,MUNICIPALIDADES,I MUNICIPALIDAD DE EL QUISCO,116298,892433,SERVICIOS BIENESTAR DEPARTAMENTO SALUD,Valparaíso,https://transparenciachc.blob.core.windows.net/oc-da/Instituciones_compradoras.zip,2026-03-04T17:59:21.648688+00:00
2a34924f5c0dd82904eef5fb0aed1c6cba31c21a24417f5c4fababa163985ede,3000,MUNICIPALIDADES,I MUNICIPALIDAD DE TENO,116299,872535,ADMINISTRACIÓN MUNICIPAL,Maule,https://transparenciachc.blob.core.windows.net/oc-da/Instituciones_compradoras.zip,2026-03-04T17:59:21.648688+00:00
b0d53872438d94c85b45915b63db1ad2be3e334a54930ee60fd559610886a721,8503,"GOB. CENTRAL, UNIVERSIDADES",DELEGACIÓN PRESIDENCIAL PROVINCIAL DE MARGA MARGA,1163597,991328,DPP MARGA MARGA ORASMI,Valparaíso,https://transparenciachc.blob.core.windows.net/oc-da/Instituciones_compradoras.zip,2026-03-04T17:59:21.648688+00:00
dff3383092ffb9ec07687f9beba9efbdeecec19ad7f8523f8836bfd7ceddfc11,8014,MUNICIPALIDADES,CORPORACION MUNIC DE EDUC SALUD ATENCION,1163882,588809,CORPORACIÓN MUNICIPAL DE EDUCACIÓN DE TALAGANTE,Metropolitana,https://transparenciachc.blob.core.windows.net/oc-da/Instituciones_compradoras.zip,2026-03-04T17:59:21.648688+00:00
51369bfe3a802edc50018d02bb51bfc5fec2f120fb87e503bb8f8acfa42688b7,9005,MUNICIPALIDADES,I MUNICIPALIDAD DE VICTORIA,116399,810581,COLEGIO IGNACIO CARRERA PINTO,Araucanía,https://transparenciachc.blob.core.windows.net/oc-da/Instituciones_compradoras.zip,2026-03-04T17:59:21.648688+00:00
283b82fb0e655a37c038ca5a611dbafcc2d2dd90c8eb3496b723e973e4cd561e,4246,MUNICIPALIDADES,I MUNICIPALIDAD DE VICTORIA,116399,986219,ESCUELA MONICA GEBERT,Araucanía,https://transparenciachc.blob.core.windows.net/oc-da/Instituciones_compradoras.zip,2026-03-04T17:59:21.648688+00:00
a456633d6f3cc9905d9ab7796d903cac2faa569767d5d3ca7a661158a50d92ec,5003,MUNICIPALIDADES,I MUNICIPALIDAD DE LOS VILOS,116401,5944,BIENESTAR MUNICIPAL,Coquimbo,https://transparenciachc.blob.core.windows.net/oc-da/Instituciones_compradoras.zip,2026-03-04T17:59:21.648688+00:00
a9e21d93b3e6d599d4e5e59583deac747d90c86c076a7573db0fba0d4cf7a98b,5842,MUNICIPALIDADES,I MUNICIPALIDAD DE PUMANQUE,116402,1195695,OTROS,Lib. Gral. Bdo. O'Higgins,https://transparenciachc.blob.core.windows.net/oc-da/Instituciones_compradoras.zip,2026-03-04T17:59:21.648688+00:00
a489d2d9d5ad4f2c0e4a9de67abae972367544292fa8eb376b765dccc917c389,0800,MUNICIPALIDADES,I MUNICIPALIDAD DE PUMANQUE,116402,4638,DEPARTAMENTO DE SALUD MUNICIPAL,Lib. Gral. Bdo. O'Higgins,https://transparenciachc.blob.core.windows.net/oc-da/Instituciones_compradoras.zip,2026-03-04T17:59:21.648688+00:00
59e24e38a7194fad328006a4edf43d8d623b1973504c29b5f9b153dedeb6c0e6,0800,MUNICIPALIDADES,I MUNICIPALIDAD DE PUQUELDON,116403,891974,INFORMATICA,Los Lagos,https://transparenciachc.blob.core.windows.net/oc-da/Instituciones_compradoras.zip,2026-03-04T17:59:21.648688+00:00
839280447a323502a6819de316c13a249a59a17905baf28ee17443ee1d639635,3008,MUNICIPALIDADES,I MUNICIPALIDAD DE CHIMBARONGO,116404,543401,DEPARTAMENTO EDUCACION,Lib. Gral. Bdo. O'Higgins,https://transparenciachc.blob.core.windows.net/oc-da/Instituciones_compradoras.zip,2026-03-04T17:59:21.648688+00:00
5fc8e9e3818bfb8095702ef2eb85c38269a629e4e2abe7869a8aa05f2b7f7132,3002,MUNICIPALIDADES,I MUNICIPALIDAD DE LAJA,116405,971364,DIRECCIÓN MEDIO AMBIENTE ASEO Y ORNATO,Bío-Bío,https://transparenciachc.blob.core.windows.net/oc-da/Instituciones_compradoras.zip,2026-03-04T17:59:21.648688+00:00
8564af3221002d396861baa221563ba9bcc18ac08387d8a82a024e3574c1a509,7006,MUNICIPALIDADES,I MUNICIPALIDAD DE HUASCO,116406,6521,DESARROLLO PRODUCTIVO,Atacama,https://transparenciachc.blob.core.windows.net/oc-da/Instituciones_compradoras.zip,2026-03-04T17:59:21.648688+00:00
983f40228a44262510054ca060fbca44f2edc8adaab057e5c5ecf4ff48643532,4005,MUNICIPALIDADES,ILUSTRE MUNICIPALIDAD DE CABO DE HORNOS,116407,578834,EDUCACION,Magallanes y Antártica,https://transparenciachc.blob.core.windows.net/oc-da/Instituciones_compradoras.zip,2026-03-04T17:59:21.648688+00:00
f154644ef1ef1dd3ab9716356fec43f65a07ab87ca5813f7bb1aa605ddfedb53,3007,MUNICIPALIDADES,I MUNICIPALIDAD DE LOS SAUCES,116408,4663,DEPARTAMENTO DE EDUCACION,Araucanía,https://transparenciachc.blob.core.windows.net/oc-da/Instituciones_compradoras.zip,2026-03-04T17:59:21.648688+00:00
d0592f37774df5141840f67367a6ac4028eb54d76fdfc5c88485cdd3b4e589f8,3004,MUNICIPALIDADES,I MUNICIPALIDAD DE SAN IGNACIO,116409,4667,SALUD,Ñuble,https://transparenciachc.blob.core.windows.net/oc-da/Instituciones_compradoras.zip,2026-03-04T17:59:21.648688+00:00
e5cb28fe3b8400e09ff7ecf894c14a6b2497d35f2ecd83233be386a00cdce013,2009,MUNICIPALIDADES,I MUNICIPALIDAD DE LA HIGUERA,116410,4670,SALUD,Coquimbo,https://transparenciachc.blob.core.windows.net/oc-da/Instituciones_compradoras.zip,2026-03-04T17:59:21.648688+00:00
4bd4af8dcbe26016e2e247ec66df3f77077f15bf0c13a38172c3c3036ed74e4a,3007,MUNICIPALIDADES,I MUNICIPALIDAD DE PITRUFQUEN,116411,5979,ADQUISICIONES PROYECTOS,Araucanía,https://transparenciachc.blob.core.windows.net/oc-da/Instituciones_compradoras.zip,2026-03-04T17:59:21.648688+00:00
92604a934e8ef06a1d98521a52d2ba2fc505293666da38cda2a4756b861f49ff,6004,MUNICIPALIDADES,I MUNICIPALIDAD DE PELARCO,116729,782278,SOCIAL,Maule,https://transparenciachc.blob.core.windows.net/oc-da/Instituciones_compradoras.zip,2026-03-04T17:59:21.648688+00:00
8ce507e1c5b499eea94952a419daaaebe7b3af48af89f043783f50ab54ca723c,9006,MUNICIPALIDADES,I MUNICIPALIDAD DE QUINCHAO,116731,559145,DIRECCION UNIDAD CONTROL,Los Lagos,https://transparenciachc.blob.core.windows.net/oc-da/Instituciones_compradoras.zip,2026-03-04T17:59:21.648688+00:00
261e6ace77a796cba0326e3d2188f9fd17738b2b139f2e7400dbe2964a981385,5007,MUNICIPALIDADES,I MUNICIPALIDAD DE HIJUELAS,116733,4698,DEPARTAMENTO DE SALUD MUNICIPAL,Valparaíso,https://transparenciachc.blob.core.windows.net/oc-da/Instituciones_compradoras.zip,2026-03-04T17:59:21.648688+00:00
4da16de9ce7ea50b051b3840e4476602cbbeff0f62f8a724b61d1f1365b73607,4000,MUNICIPALIDADES,ILUSTRE MUNICIPALIDAD DE YERBAS BUENAS,116738,4679,ILUSTRE MUNICIPALIDAD DE YERBAS BUENAS,Maule,https://transparenciachc.blob.core.windows.net/oc-da/Instituciones_compradoras.zip,2026-03-04T17:59:21.648688+00:00
c8e31aed506f78ed1a818fa3b7c83a68cdc39b7c52eb560df3ce5bde2efae691,4019,MUNICIPALIDADES,ILUSTRE MUNICIPALIDAD DE YERBAS BUENAS,116738,4699,DEPTO. EDUCACIÓN,Maule,https://transparenciachc.blob.core.windows.net/oc-da/Instituciones_compradoras.zip,2026-03-04T17:59:21.648688+00:00
684719635cc4d2500f2d8e99d6458940b3d8aa34b8fb93cdafebccd3c202df61,4027,MUNICIPALIDADES,ILUSTRE MUNICIPALIDAD DE YERBAS BUENAS,116738,4700,DEPTO. SALUD,Maule,https://transparenciachc.blob.core.windows.net/oc-da/Instituciones_compradoras.zip,2026-03-04T17:59:21.648688+00:00
1a9fc80d273855944f54f04dcdfaac6e9378c9516a1a0ff3dcd84bf3159d0b30,0006,MUNICIPALIDADES,I MUNICIPALIDAD DE EL MONTE,116741,733913,SECPLAN,Metropolitana,https://transparenciachc.blob.core.windows.net/oc-da/Instituciones_compradoras.zip,2026-03-04T17:59:21.648688+00:00
5ad5e17aa8d3cc6cab5f98d41178b99e64533f73685f1dcdda3806d78c97e323,2007,MUNICIPALIDADES,I MUNICIPALIDAD DE COELEMU,116742,531568,DIRECCION  DIDECO,Ñuble,https://transparenciachc.blob.core.windows.net/oc-da/Instituciones_compradoras.zip,2026-03-04T17:59:21.648688+00:00
0ea99123e3b793141c6a79474ddfbf5b4e8c49aa07043d3b6fc2c743d26aba41,3283,MUNICIPALIDADES,I MUNICIPALIDAD DE PAILLACO,116744,1287990,CORPORACIÓN CULTURAL MUNICIPAL DE PAILLACO,Sin información,https://transparenciachc.blob.core.windows.net/oc-da/Instituciones_compradoras.zip,2026-03-04T17:59:21.648688+00:00
132805174698dd6aa0f72c32dcf4a64c16475ddfb22b9f9265d7492abf5f5a50,9002,MUNICIPALIDADES,I MUNICIPALIDAD DE PAILLACO,116744,4709,DPTO. SALUD,Los Ríos,https://transparenciachc.blob.core.windows.net/oc-da/Instituciones_compradoras.zip,2026-03-04T17:59:21.648688+00:00
52d2f50a56d85a3cad57af02f4715a8139cc978a5c5fc23fb0c02f17b3bc01b6,2006,MUNICIPALIDADES,I MUNICIPALIDAD DE CISNES,116747,4711,FINANZAS,Aysén,https://transparenciachc.blob.core.windows.net/oc-da/Instituciones_compradoras.zip,2026-03-04T17:59:21.648688+00:00
f762ca2b8dbd8aedc6930c9876997804c15d6e53af095cf818156e1707bba6af,4004,MUNICIPALIDADES,I MUNICIPALIDAD DE NANCAGUA,116750,4713,SALUD,Lib. Gral. Bdo. O'Higgins,https://transparenciachc.blob.core.windows.net/oc-da/Instituciones_compradoras.zip,2026-03-04T17:59:21.648688+00:00
335d7fc8cf4309f75f46c523b9684b44e9a9c36d267e4e44230f5faf7f38ada4,2814,SALUD,SERVICIO NACIONAL DE SALUD HOSPITAL DE C,116754,4685,HOSPITAL DOCTOR  LEOPOLDO ORTEGA RODRÍGUEZ,Aysén,https://transparenciachc.blob.core.windows.net/oc-da/Instituciones_compradoras.zip,2026-03-04T17:59:21.648688+00:00
91f04fe4902d074d6ca1f5980e8451c9b94c4c2b461a718f429e5457a5021f9c,6002,MUNICIPALIDADES,I MUNICIPALIDAD DE QUILACO,116940,4723,SALUD,Bío-Bío,https://transparenciachc.blob.core.windows.net/oc-da/Instituciones_compradoras.zip,2026-03-04T17:59:21.648688+00:00
b241f3b843dc0bd52bfcb4dcd06048005164b28992cbc613762caf7d398cc131,5001,MUNICIPALIDADES,I MUNICIPALIDAD DE COCHRANE,116942,4724,DAEM,Aysén,https://transparenciachc.blob.core.windows.net/oc-da/Instituciones_compradoras.zip,2026-03-04T17:59:21.648688+00:00
bd30c58a6f5706cf53e3c72757b2440c46ab28ba582aca9fa6a850603f2ff40f,2003,MUNICIPALIDADES,I MUNICIPALIDAD DE EMPEDRADO,116944,4727,ADQUISICIONES MUNICIPALES,Maule,https://transparenciachc.blob.core.windows.net/oc-da/Instituciones_compradoras.zip,2026-03-04T17:59:21.648688+00:00
83a92df83c34b2a6bfb5b7cb55b7211eddf5053152874474e1c4a9e1c154eb28,2000,MUNICIPALIDADES,I MUNICIPALIDAD DE PUREN,116945,844519,ESCUELA PEDRO DE OÑA,Araucanía,https://transparenciachc.blob.core.windows.net/oc-da/Instituciones_compradoras.zip,2026-03-04T17:59:21.648688+00:00
4592e04078b791036558155277e1a22ca87b36f5d704f907e146f0c8d61abdda,2005,MUNICIPALIDADES,ILUSTRE MUNICIPALIDAD DE HUARA,116946,734808,AREA EDUCACION,Tarapacá,https://transparenciachc.blob.core.windows.net/oc-da/Instituciones_compradoras.zip,2026-03-04T17:59:21.648688+00:00
ff277b7ff10f2a57d070c7e6a77fb2d40f7557b74979e483cdedfebd62dae9e8,2007,MUNICIPALIDADES,ILUSTRE MUNICIPALIDAD DE PICHILEMU,117179,552757,DEPARTAMENTO DE SALUD MUNICIPAL,Lib. Gral. Bdo. O'Higgins,https://transparenciachc.blob.core.windows.net/oc-da/Instituciones_compradoras.zip,2026-03-04T17:59:21.648688+00:00
e0cbad4dcfbc53f91259e0f6a3351f88e408a9728931bb726bb2cad0a97d4fc3,2015,MUNICIPALIDADES,ILUSTRE MUNICIPALIDAD DE PICHILEMU,117179,4848,EDUCACIÓN MUNICIPAL,Lib. Gral. Bdo. O'Higgins,https://transparenciachc.blob.core.windows.net/oc-da/Instituciones_compradoras.zip,2026-03-04T17:59:21.648688+00:00
f7287d9e00d7d67ead2841429ae01adfa6d6bbc5e681ee078090ce153b38f03f,9002,MUNICIPALIDADES,I MUNICIPALIDAD DE ISLA DE MAIPO,117181,581716,CASONA DE ALISTE,Metropolitana,https://transparenciachc.blob.core.windows.net/oc-da/Instituciones_compradoras.zip,2026-03-04T17:59:21.648688+00:00
e09dd88bd7a14544e5ff2a195af009de0e3b203fbb76bf99c6e803978b8345f4,0006,MUNICIPALIDADES,I MUNICIPALIDAD DE SANTA MARIA,117210,4742,DEPARTAMENTO EDUCACION MUNICIPAL,Valparaíso,https://transparenciachc.blob.core.windows.net/oc-da/Instituciones_compradoras.zip,2026-03-04T17:59:21.648688+00:00
337d4352ddaa5ad25cc0060f4c31041fb53b1e22f2b0bd3b33a199aabcebab28,4003,MUNICIPALIDADES,I MUNICIPALIDAD DE PADRE HURTADO,117406,4747,DIRECCION DE SALUD,Metropolitana,https://transparenciachc.blob.core.windows.net/oc-da/Instituciones_compradoras.zip,2026-03-04T17:59:21.648688+00:00
19c8ebf47eae08e8154d3c558cadef371a0ec56e90f7340d04493d74be8792dd,0009,"GOB. CENTRAL, UNIVERSIDADES",INIA,1175633,595636,INIA- DIRECCIÓN NACIONAL,Metropolitana,https://transparenciachc.blob.core.windows.net/oc-da/Instituciones_compradoras.zip,2026-03-04T17:59:21.648688+00:00
2c3d22862499203301239ad4e2f10e1facd012c59d3f49b30588e8bccf57a0ae,2007,MUNICIPALIDADES,I MUNICIPALIDAD DE SIERRA GORDA,117579,5384,MUNICIPAL,Antofagasta,https://transparenciachc.blob.core.windows.net/oc-da/Instituciones_compradoras.zip,2026-03-04T17:59:21.648688+00:00
6fa7f62c8399e6fb3f8f485261e0bc171a4133512840a7759377d4d3bb914fe1,0000,MUNICIPALIDADES,I MUNICIPALIDAD DE RIO BUENO,117580,4774,CONSULTORIO,Los Ríos,https://transparenciachc.blob.core.windows.net/oc-da/Instituciones_compradoras.zip,2026-03-04T17:59:21.648688+00:00
d2415089faa2ed2caafdfbae092d0ae2b84778ec143543d8bc64f09d49e2d725,4002,MUNICIPALIDADES,I MUNICIPALIDAD DE MEJILLONES,117581,812799,SECOPLAC,Antofagasta,https://transparenciachc.blob.core.windows.net/oc-da/Instituciones_compradoras.zip,2026-03-04T17:59:21.648688+00:00
801fd8663ec369e05dd80d24633b669d7d59d21e7d5a1952856429e87a0ab2c4,4003,MUNICIPALIDADES,ILUSTRE MUNICIPALIDAD DE TOLTEN,117582,4782,DEPTO. EDUCACION,Araucanía,https://transparenciachc.blob.core.windows.net/oc-da/Instituciones_compradoras.zip,2026-03-04T17:59:21.648688+00:00
b0efdc332839335b3281f696a614515c308c67a9b8aa1722d9533b1a12a5113d,6007,MUNICIPALIDADES,I MUNICIPALIDAD DE SANTA CRUZ,117584,4784,SALUD MUNICIPAL,Lib. Gral. Bdo. O'Higgins,https://transparenciachc.blob.core.windows.net/oc-da/Instituciones_compradoras.zip,2026-03-04T17:59:21.648688+00:00
0643a8d76bb2c910d6a27ca8f228208f3769beb8b72b139629faf407464de0ee,3002,MUNICIPALIDADES,I MUNICIPALIDAD DE PRIMAVERA,117585,4787,EDUCACION,Magallanes y Antártica,https://transparenciachc.blob.core.windows.net/oc-da/Instituciones_compradoras.zip,2026-03-04T17:59:21.648688+00:00
87deb0614da154b68a31674b1a44e060b9606cd12b002ea7f3d3f0f811e36daa,2000,MUNICIPALIDADES,MUNICIPALIDAD DE GORBEA,117586,5024,DEPARTAMENTO DE EDUCACIÓN MUNICIPAL,Araucanía,https://transparenciachc.blob.core.windows.net/oc-da/Instituciones_compradoras.zip,2026-03-04T17:59:21.648688+00:00
8b2bb7d79d1887dcf8ab342b72ae0507e43d6cb1ebe4257ba84d815082548b56,6003,MUNICIPALIDADES,I MUNICIPALIDAD DE PEMUCO,117587,4761,I MUNICIPALIDAD DE PEMUCO,Ñuble,https://transparenciachc.blob.core.windows.net/oc-da/Instituciones_compradoras.zip,2026-03-04T17:59:21.648688+00:00
fac4371ba42f6f0057b93c5c1347531bb6f0fcf4b3632f3e845281dbaab98b10,6011,MUNICIPALIDADES,I MUNICIPALIDAD DE PEMUCO,117587,4790,EDUCACIÓN,Ñuble,https://transparenciachc.blob.core.windows.net/oc-da/Instituciones_compradoras.zip,2026-03-04T17:59:21.648688+00:00
ef1d742d9c14065732202793acf8901265e739490858b313a1259b83820fdeed,1000,MUNICIPALIDADES,I MUNICIPALIDAD DE PEMUCO,117587,4791,SALUD,Ñuble,https://transparenciachc.blob.core.windows.net/oc-da/Instituciones_compradoras.zip,2026-03-04T17:59:21.648688+00:00
62547656349c1351ee7616243f9bdbbfede3f0c8179ff0d9a42f59182137e031,9003,MUNICIPALIDADES,I MUNICIPALIDAD DE PUNITAQUI,117588,5165,DEPARTAMENTO DE ADQUISICIONES,Coquimbo,https://transparenciachc.blob.core.windows.net/oc-da/Instituciones_compradoras.zip,2026-03-04T17:59:21.648688+00:00
fb62340c6c91544c2f738753a4726b47ebfeef5c9fc52b41fe63ec2e88f0a489,4007,MUNICIPALIDADES,I MUNICIPALIDAD DE RAUCO,117589,4796,ADMINISTRACIÓN Y FINANZAS,Maule,https://transparenciachc.blob.core.windows.net/oc-da/Instituciones_compradoras.zip,2026-03-04T17:59:21.648688+00:00
3af3bb57bfa9e1a5eb57c09da9bb31af10eb2dd5e8af948ff81f090716b07603,4000,MUNICIPALIDADES,I MUNICIPALIDAD DE LAMPA,118067,4814,SECRETARIA DE PLANIFICACIÓN,Metropolitana,https://transparenciachc.blob.core.windows.net/oc-da/Instituciones_compradoras.zip,2026-03-04T17:59:21.648688+00:00
5ea0abe9486b4fe8d1d62d40c7adb2daf96920fb0fcd2210b01774c49824a551,2007,MUNICIPALIDADES,I MUNICIPALIDAD DE FUTALEUFU,118068,4819,OBRAS MUNICIPALES,Los Lagos,https://transparenciachc.blob.core.windows.net/oc-da/Instituciones_compradoras.zip,2026-03-04T17:59:21.648688+00:00
635a3b4c48ddda1767f541ff89a466b6aab9dd88a20dca15a1eb917d61f9f735,2008,MUNICIPALIDADES,I MUNICIPALIDAD DE BULNES,118069,5844,DIDECO,Ñuble,https://transparenciachc.blob.core.windows.net/oc-da/Instituciones_compradoras.zip,2026-03-04T17:59:21.648688+00:00
972e577826c7f5fe1adab7a2bd7f24d586ebc50c3bb8466cd7ea86ba0b24736f,9003,MUNICIPALIDADES,I MUNICIPALIDAD DE MAULE,118070,5605,DEPTO. SALUD COMUNAL,Maule,https://transparenciachc.blob.core.windows.net/oc-da/Instituciones_compradoras.zip,2026-03-04T17:59:21.648688+00:00
bf62ed22891dac5d6a520c06db51d5930bd776dcbcf43a15e90111f07d9a4a9b,0005,MUNICIPALIDADES,I MUNICIPALIDAD DE PINTO,118071,646578,DIRECCION DE DESARROLLO COMUNITARIO,Ñuble,https://transparenciachc.blob.core.windows.net/oc-da/Instituciones_compradoras.zip,2026-03-04T17:59:21.648688+00:00
15022dfb33b695150090298142ba9fa16cf2d347b1cbe0cec8a449ec46238ee3,5006,MUNICIPALIDADES,I MUNICIPALIDAD DE PINTO,118071,4825,SALUD MUNICIPAL,Ñuble,https://transparenciachc.blob.core.windows.net/oc-da/Instituciones_compradoras.zip,2026-03-04T17:59:21.648688+00:00
6b2b45af9c1692a5470e9da63872aa029c67ee2f004febba1fd140664d5a1e04,4000,MUNICIPALIDADES,I MUNICIPALIDAD DE LLAY LLAY,118072,5595,ESCUELA A EDWARDS,Valparaíso,https://transparenciachc.blob.core.windows.net/oc-da/Instituciones_compradoras.zip,2026-03-04T17:59:21.648688+00:00
456ed7a5f2ccfa337669ff66699c1ee9bdafa849e5d46b5023033e8f8253ac45,4003,MUNICIPALIDADES,I MUNICIPALIDAD DE RENAICO,118073,6311,ESC.NOBEL GABRIELA,Araucanía,https://transparenciachc.blob.core.windows.net/oc-da/Instituciones_compradoras.zip,2026-03-04T17:59:21.648688+00:00
b1d133a97680d0697beca1744e23e43e79ba42fe1a264fdfed50275a98351cb5,6004,MUNICIPALIDADES,I MUNICIPALIDAD PAIHUANO,118075,854905,SECRETARIA MUNICIPAL,Coquimbo,https://transparenciachc.blob.core.windows.net/oc-da/Instituciones_compradoras.zip,2026-03-04T17:59:21.648688+00:00
d33a2af4a16dda830f0c5c3b2e974db7e5c64cc62a9d30d5cfdaf60c589923ac,4008,MUNICIPALIDADES,I MUNICIPALIDAD DE PICA,118077,908366,DEPARTAMENTO EDUCACION,Tarapacá,https://transparenciachc.blob.core.windows.net/oc-da/Instituciones_compradoras.zip,2026-03-04T17:59:21.648688+00:00
069345c1f291769cd0146f2b76a8170444f54104e92756b405db37c0c5512e33,5009,MUNICIPALIDADES,I MUNICIPALIDAD DE TALTAL,118079,906816,SECPLAC,Antofagasta,https://transparenciachc.blob.core.windows.net/oc-da/Instituciones_compradoras.zip,2026-03-04T17:59:21.648688+00:00
5745f13820fdd4a359a67519537e3ad0bae9a0f7d8ff5ec125f0235da567900c,1500,MUNICIPALIDADES,I MUNICIPALIDAD DE VILLARRICA,118084,735949,PRODER,Araucanía,https://transparenciachc.blob.core.windows.net/oc-da/Instituciones_compradoras.zip,2026-03-04T17:59:21.648688+00:00
bbf6885074ed54e387ff839170297ae78add07fb8dd433f88a923048dfe3f407,8004,MUNICIPALIDADES,ILUSTRE MUNICIPALIDAD DE SAN JUAN DE LA COSTA,118085,4847,EDUCACION MUNICIPAL,Los Lagos,https://transparenciachc.blob.core.windows.net/oc-da/Instituciones_compradoras.zip,2026-03-04T17:59:21.648688+00:00
0bd039ccc8b8b3f58f76d1d9774d6acef60e4c343b4fd9dc3118d2986c918e30,2001,MUNICIPALIDADES,I MUNICIPALIDAD DE PLACILLA,118087,4852,SALUD MUNICIPAL,Lib. Gral. Bdo. O'Higgins,https://transparenciachc.blob.core.windows.net/oc-da/Instituciones_compradoras.zip,2026-03-04T17:59:21.648688+00:00
1c9e33150305ed2259910e93d2202e8c511e0da547b5cd3916f71adce7453056,0900,MUNICIPALIDADES,I MUNICIPALIDAD DE FREIRE,118089,4855,SECRETARIA DE PLANIFICACIÓN,Araucanía,https://transparenciachc.blob.core.windows.net/oc-da/Instituciones_compradoras.zip,2026-03-04T17:59:21.648688+00:00
695bcdacbd0ee7fba03544342b1c0cbece24ff6dc83aa784dcb6ab0bf3340e7e,4004,MUNICIPALIDADES,ILUSTRE MUNICIPALIDAD DE CURARREHUE,118093,4858,ADQUISICIONES,Araucanía,https://transparenciachc.blob.core.windows.net/oc-da/Instituciones_compradoras.zip,2026-03-04T17:59:21.648688+00:00
7248516e63eb8565f66fe557b9f065a1cda8c22698bd8259d8eb42252aeead4b,3008,MUNICIPALIDADES,I MUNICIPALIDAD DE LEBU,118096,5108,ADMINISTRACIÓN Y FINANZAS,Bío-Bío,https://transparenciachc.blob.core.windows.net/oc-da/Instituciones_compradoras.zip,2026-03-04T17:59:21.648688+00:00
362063c97eb57662686028f5a464137aa5ed68bae24311c7f8229f956a75b923,2510,MUNICIPALIDADES,I MUNICIPALIDAD DE LEBU,118096,5451,LICEO B-52,Bío-Bío,https://transparenciachc.blob.core.windows.net/oc-da/Instituciones_compradoras.zip,2026-03-04T17:59:21.648688+00:00
55fd2cc447a5fb1050bbe7c6bdbdae4f6fb5fbb024ea795113ecddc02d94a7b6,0467,MUNICIPALIDADES,I MUNICIPALIDAD DE LEBU,118096,5456,LICEO POLITECNICO B-54,Bío-Bío,https://transparenciachc.blob.core.windows.net/oc-da/Instituciones_compradoras.zip,2026-03-04T17:59:21.648688+00:00
eb505b13c898d6436b2427a52d457f20c8ddb611132079a14f706aa617e8a315,5006,MUNICIPALIDADES,I MUNICIPALIDAD DE PERALILLO,118619,960949,DIRECCIÓN DE DESARROLLO COMUNITARIO,Lib. Gral. Bdo. O'Higgins,https://transparenciachc.blob.core.windows.net/oc-da/Instituciones_compradoras.zip,2026-03-04T17:59:21.648688+00:00
b8f44e53760176efb7f2247788e46215ebfea7ce9b744a7980f1949bac4a037b,4004,MUNICIPALIDADES,I MUNICIPALIDAD DE LOS ALAMOS DEPTO COMUNAL,118620,847571,UNIDAD DE INTERVENCIÓN FAMILIAR,Bío-Bío,https://transparenciachc.blob.core.windows.net/oc-da/Instituciones_compradoras.zip,2026-03-04T17:59:21.648688+00:00
7306e49b78239a679d67f41f35a1efc339e66d45f5f66306f27afcae53331b3f,4020,MUNICIPALIDADES,I MUNICIPALIDAD DE LOS ALAMOS DEPTO COMUNAL,118620,5475,DEPTO. SALUD,Bío-Bío,https://transparenciachc.blob.core.windows.net/oc-da/Instituciones_compradoras.zip,2026-03-04T17:59:21.648688+00:00
4cc89dcbf0488f45fd56f2e803cc10c5b320fbfa3ddd850fbb0b2a013ccc5d88,4012,MUNICIPALIDADES,I MUNICIPALIDAD DE LOS ALAMOS DEPTO COMUNAL,118620,5476,DEPTO. EDUCACIÓN,Bío-Bío,https://transparenciachc.blob.core.windows.net/oc-da/Instituciones_compradoras.zip,2026-03-04T17:59:21.648688+00:00
16c09527b30dac16434a2af7d2fa12f7e9f0eb5d983dd1a5f4a43e0f94f11211,1006,MUNICIPALIDADES,I MUNICIPALIDAD DE PICHIDEGUA,118621,4866,ADMINISTRACIÓN Y FINANZAS,Lib. Gral. Bdo. O'Higgins,https://transparenciachc.blob.core.windows.net/oc-da/Instituciones_compradoras.zip,2026-03-04T17:59:21.648688+00:00
dcd6fc47ce066c28e8f0fde5c42a26caa6f23e8d73f9b9e33be6c3620e12220b,4008,MUNICIPALIDADES,I MUNICIPALIDAD DE SANTA JUANA,118623,1233022,ASOCIACION DE FUNCIONARIOS SANTA JUANA,Bío-Bío,https://transparenciachc.blob.core.windows.net/oc-da/Instituciones_compradoras.zip,2026-03-04T17:59:21.648688+00:00
cbcc8466082a44aaa08ca133e9bc586fb4644d15d8ed5b1ace03d66a0d579200,4005,MUNICIPALIDADES,I MUNICIPALIDAD DE SANTA JUANA,118623,4877,LICEO NUEVA ZELANDIA,Bío-Bío,https://transparenciachc.blob.core.windows.net/oc-da/Instituciones_compradoras.zip,2026-03-04T17:59:21.648688+00:00
f0fb104f46f7c54e51a042ea0860814e6707ff49d7b010da94569343cfec8515,8007,MUNICIPALIDADES,I MUNICIPALIDAD DE NAVIDAD,118625,801503,LICEO PABLO NERUDA,Lib. Gral. Bdo. O'Higgins,https://transparenciachc.blob.core.windows.net/oc-da/Instituciones_compradoras.zip,2026-03-04T17:59:21.648688+00:00
27ee9f5a452fa986addb057760f43bb8da4bdf716d53b4a430fc950dd7d6363b,4830,MUNICIPALIDADES,I MUNICIPALIDAD DE NAVIDAD,118625,5458,MUNICIPALIDAD DE NAVIDAD,Lib. Gral. Bdo. O'Higgins,https://transparenciachc.blob.core.windows.net/oc-da/Instituciones_compradoras.zip,2026-03-04T17:59:21.648688+00:00
a9b9fa7a06f02b67c79c421169372d1384a39c0e4188b49d04664015de3ac6bd,5000,SALUD,CONSULTORIO GENERAL URBANO DR ALEJANDRO GUTIERREZ,118627,4869,CESFAM DR. ALEJANDRO GUTIERREZ,Aysén,https://transparenciachc.blob.core.windows.net/oc-da/Instituciones_compradoras.zip,2026-03-04T17:59:21.648688+00:00
10a512aeb67a5efb1c0583d8d62c74b57f8e3239fbf6fbaf7940d1157f00412d,6007,SALUD,DIRECCION SALUD RURAL,118628,4870,DIRECCIÓN DE SALUD RURAL,Aysén,https://transparenciachc.blob.core.windows.net/oc-da/Instituciones_compradoras.zip,2026-03-04T17:59:21.648688+00:00
30cb0d4c0171ce3e1ebe4f32141c8583a2e0d3c00d5821b49aeccacf39276bac,7003,SALUD,CONSULTORIO GENERAL URBANO VICTOR DOMINGO SILVA,118630,4871,CONSULTORIO VICTOR DOMINGO SILVA,Aysén,https://transparenciachc.blob.core.windows.net/oc-da/Instituciones_compradoras.zip,2026-03-04T17:59:21.648688+00:00
5919f7a4433512bb6772ba27f90f79f5014a09de42ebf569e160a522a096ad7b,0600,MUNICIPALIDADES,I MUNICIPALIDAD DE HUALANE,118855,839186,SECRETARIA COMUNAL DE PLANIFICACIÓN,Maule,https://transparenciachc.blob.core.windows.net/oc-da/Instituciones_compradoras.zip,2026-03-04T17:59:21.648688+00:00
a76721f97d8b5198eeb762fa9be179a6e134244bbb50af2c8fd283c0f28b5dcc,7002,MUNICIPALIDADES,ILUSTRE MUNICIPALIDAD DE GENERAL LAGOS,118859,835727,ADMINISTRACION MUNICIPAL,Arica y Parinacota,https://transparenciachc.blob.core.windows.net/oc-da/Instituciones_compradoras.zip,2026-03-04T17:59:21.648688+00:00
97c7016487dc4b03a0ccd9b638179f356aed5ec49c719856db64e98328ce565c,2006,MUNICIPALIDADES,I MUNICIPALIDAD DE SANTA BARBARA,118860,4898,DIRECCION DE SECPLAN,Bío-Bío,https://transparenciachc.blob.core.windows.net/oc-da/Instituciones_compradoras.zip,2026-03-04T17:59:21.648688+00:00
6b593479afc872953fa4f031a22ab9d998285e06ef93975b6deffd9aeee62e71,2014,MUNICIPALIDADES,I MUNICIPALIDAD DE SANTA BARBARA,118860,4896,DEPARTAMENTO DE EDUCACION MUNICIPAL,Bío-Bío,https://transparenciachc.blob.core.windows.net/oc-da/Instituciones_compradoras.zip,2026-03-04T17:59:21.648688+00:00
e627dcf0ff498e454ac615d08e293532e1a75a5f1cbde64eb2a7643d98e0f37b,2022,MUNICIPALIDADES,I MUNICIPALIDAD DE SANTA BARBARA,118860,4897,DEPARTAMENTO DE SALUD MUNICIPAL,Bío-Bío,https://transparenciachc.blob.core.windows.net/oc-da/Instituciones_compradoras.zip,2026-03-04T17:59:21.648688+00:00
a483dda6f3db4a6dd00b6da5812e6d3ce64e62cc37bdbfe3c6eb9f083f724a22,9001,MUNICIPALIDADES,I MUNICIPALIDAD DE PEUMO,118861,5997,DIRECCION DE OBRAS,Lib. Gral. Bdo. O'Higgins,https://transparenciachc.blob.core.windows.net/oc-da/Instituciones_compradoras.zip,2026-03-04T17:59:21.648688+00:00
fb923cc6facbdc043f5d19c13f961c7710581ebeedf177e68454f1dd0796be0b,8707,"GOB. CENTRAL, UNIVERSIDADES",INSTITUTO NACIONAL DE DERECHOS HUMANOS,1189679,603663,UNIDAD DE ADMINISTRACION Y FINANZAS,Metropolitana,https://transparenciachc.blob.core.windows.net/oc-da/Instituciones_compradoras.zip,2026-03-04T17:59:21.648688+00:00
0345202dbf6f857d556772143a27526ac38f973ef3fafa3effb283672d307dea,9006,MUNICIPALIDADES,I MUNICIPALIDAD DE PAREDONES,118971,730736,ADQUISICIONES,Lib. Gral. Bdo. O'Higgins,https://transparenciachc.blob.core.windows.net/oc-da/Instituciones_compradoras.zip,2026-03-04T17:59:21.648688+00:00
6bc2b6bef6f744d74f7a9cefd70fb2dd65bdbf4b29455205622422fd7fcc8d75,2008,MUNICIPALIDADES,MUNICIPALIDAD DE CORRAL,119089,4908,EDUCACION,Los Ríos,https://transparenciachc.blob.core.windows.net/oc-da/Instituciones_compradoras.zip,2026-03-04T17:59:21.648688+00:00
f860b99a82f1d9f2a4106ff0c8287988fbd41abcbd8b3eaf314b2fd3ed18d6e9,8708,"GOB. CENTRAL, UNIVERSIDADES",SUBSECRETARIA DE DEFENSA,1191967,604944,SUBSECRETARÍA DE DEFENSA,Metropolitana,https://transparenciachc.blob.core.windows.net/oc-da/Instituciones_compradoras.zip,2026-03-04T17:59:21.648688+00:00
ca803f8819c397745d9486bc9b2c33bd6fa78da414fe10889a9726f18bf4bcf6,7009,MUNICIPALIDADES,I MUNICIPALIDAD DE COLTAUCO,119266,4925,DEPARTAMENTO DE RELACIONES PÚBLICAS,Lib. Gral. Bdo. O'Higgins,https://transparenciachc.blob.core.windows.net/oc-da/Instituciones_compradoras.zip,2026-03-04T17:59:21.648688+00:00
3b580927e85dc56d66a277e36327b707c3c029f3ea532f16df22bfd808af3300,8006,MUNICIPALIDADES,I MUNICIPALIDAD DE PUCHUNCAVI,119270,649911,ADMINISTRADOR MUNICIPAL,Valparaíso,https://transparenciachc.blob.core.windows.net/oc-da/Instituciones_compradoras.zip,2026-03-04T17:59:21.648688+00:00
6fe14429a25e219b8247d5a71343d6d7d63f0f861cd6d30c1b5f0eaf8c511636,4005,MUNICIPALIDADES,I MUNICIPALIDAD DE OLIVAR,119273,923000,DEPARTAMENTO DE EDUCACIÓN MUNICIPAL,Lib. Gral. Bdo. O'Higgins,https://transparenciachc.blob.core.windows.net/oc-da/Instituciones_compradoras.zip,2026-03-04T17:59:21.648688+00:00
8c3c02a6ba1bf2e51f77c127c378c97ce9a491fcc0131dd0103ea437e3723b5f,8009,MUNICIPALIDADES,ILUSTRE MUNICIPALIDAD DE PUTRE,119479,4943,SECOPLAC,Arica y Parinacota,https://transparenciachc.blob.core.windows.net/oc-da/Instituciones_compradoras.zip,2026-03-04T17:59:21.648688+00:00
aad45a60b86cfde545cc5fa3f24e60e9da2d5a777255e46dd894b53e81f620e8,9005,MUNICIPALIDADES,I MUNICIPALIDAD DE ANTUCO,119484,980313,UNIDAD DE COMPRAS,Bío-Bío,https://transparenciachc.blob.core.windows.net/oc-da/Instituciones_compradoras.zip,2026-03-04T17:59:21.648688+00:00
9cfda2cb8fdc7ae745777b64ad4e7a58354450b5884b41b44a5c07cb1210263e,8004,MUNICIPALIDADES,I MUNICIPALIDAD DE ANTUCO,119484,4945,DEPTO. SALUD,Bío-Bío,https://transparenciachc.blob.core.windows.net/oc-da/Instituciones_compradoras.zip,2026-03-04T17:59:21.648688+00:00
b800231931f4efb2adba52af58ca067786472de8fa6ba9945238435d1d844885,9013,MUNICIPALIDADES,I MUNICIPALIDAD DE ANTUCO,119484,4946,DEPTO. EDUCACION,Bío-Bío,https://transparenciachc.blob.core.windows.net/oc-da/Instituciones_compradoras.zip,2026-03-04T17:59:21.648688+00:00
c1f2adf5c3d7aa915cad4efe5a58a0fb370ab0eeb2b2aa857fd6d6eaea521581,1100,MUNICIPALIDADES,ILUSTRE MUNICIPALIDAD DE CAMINA,119487,4951,SECOPLAC,Tarapacá,https://transparenciachc.blob.core.windows.net/oc-da/Instituciones_compradoras.zip,2026-03-04T17:59:21.648688+00:00
a12a172a6d549cd8f144d05b575b84b7320d0ca3b1ba134c4899709ed65cd62a,5000,MUNICIPALIDADES,I MUNICIPALIDAD DE CANETE,119488,4955,SALUD,Bío-Bío,https://transparenciachc.blob.core.windows.net/oc-da/Instituciones_compradoras.zip,2026-03-04T17:59:21.648688+00:00
2ccb276f01d1347e27ae788a4b7c35bd60bc5e88d8981d279567ffbc61efee26,5019,MUNICIPALIDADES,I MUNICIPALIDAD DE CANETE,119488,4954,DAEM,Bío-Bío,https://transparenciachc.blob.core.windows.net/oc-da/Instituciones_compradoras.zip,2026-03-04T17:59:21.648688+00:00
bd8d47a65541a438967f41f969b813b27eb0fdc447348dae77e8441f3f9d0058,4001,MUNICIPALIDADES,I MUNICIPALIDAD DE ANDACOLLO,119639,673663,SECPLAN,Coquimbo,https://transparenciachc.blob.core.windows.net/oc-da/Instituciones_compradoras.zip,2026-03-04T17:59:21.648688+00:00
9ece9be4dac318fea92a16451bdb08e984036c73bef455296732f40e157332df,0400,MUNICIPALIDADES,I MUNICIPALIDAD DE FRESIA,119651,4957,DEPARTAMENTO DE ADQUISICIONES Y ABASTECIMIENTO,Los Lagos,https://transparenciachc.blob.core.windows.net/oc-da/Instituciones_compradoras.zip,2026-03-04T17:59:21.648688+00:00
10e5f4b1434c0decb182b12199593a0eed6c9e844034e7f00ae275f434c0d803,4026,MUNICIPALIDADES,I MUNICIPALIDAD DE FRESIA,119651,4962,DEPARTAMENTO DE SALUD MUNICIPAL,Los Lagos,https://transparenciachc.blob.core.windows.net/oc-da/Instituciones_compradoras.zip,2026-03-04T17:59:21.648688+00:00
41fff9e7498abc1b8297fe1a09b1e9c26829efe947cd2de90848ae167e790fb6,8001,MUNICIPALIDADES,I MUNICIPALIDAD DE ISLA DE PASCUA,119852,4967,DAEM,Valparaíso,https://transparenciachc.blob.core.windows.net/oc-da/Instituciones_compradoras.zip,2026-03-04T17:59:21.648688+00:00
1c1177d991d0b43512c6beb6d35a51d3064897004a7ac3ea41406596afc4e4a9,9305,"GOB. CENTRAL, UNIVERSIDADES",SUBSECRETARIA DEL MEDIO AMBIENTE,1198788,775900,PASAJES SUBSECRETARÍA DEL MEDIO AMBIENTE,Metropolitana,https://transparenciachc.blob.core.windows.net/oc-da/Instituciones_compradoras.zip,2026-03-04T17:59:21.648688+00:00
fb2627a58d427f34e172d15ec3cef0c568f9f9153451d74ecd22b3d0e108c8bd,1100,MUNICIPALIDADES,I MUNICIPALIDAD DE LONQUIMAY,119994,5818,PROGRAMA REINSERCIÓN LABORAL Y EMPLEO,Araucanía,https://transparenciachc.blob.core.windows.net/oc-da/Instituciones_compradoras.zip,2026-03-04T17:59:21.648688+00:00
f9ab0996c923cfa9fcc55708cd1973afba891a434df54929b6d2f8e64f339ae3,6007,MUNICIPALIDADES,I MUNICIPALIDAD DE OLLAGUE,119996,4971,MUNICIPALIDAD DE OLLAGÜE,Antofagasta,https://transparenciachc.blob.core.windows.net/oc-da/Instituciones_compradoras.zip,2026-03-04T17:59:21.648688+00:00
4ff36065c8676deafd7906aa631761a4322436f944e7329082e9583c49cc10f9,2006,MUNICIPALIDADES,I MUNICIPALIDAD DE LAGUNA BLANCA,119999,4980,I. MUNICIPALIDAD DE LAGUNA BLANCA - SALUD,Magallanes y Antártica,https://transparenciachc.blob.core.windows.net/oc-da/Instituciones_compradoras.zip,2026-03-04T17:59:21.648688+00:00
6011153816cddadbd7b4117b2ff26759575547550ae50acfd9f9ea3a55247eb6,4000,MUNICIPALIDADES,I MUNICIPALIDAD DE MARIQUINA,120001,599255,EDUCACION,Los Ríos,https://transparenciachc.blob.core.windows.net/oc-da/Instituciones_compradoras.zip,2026-03-04T17:59:21.648688+00:00
c58fc5e56a7e613f074d38d0b2e363dd55fa312e1edaf6b064e3fcf2c403759f,1000,MUNICIPALIDADES,I MUNICIPALIDAD RIO IBANEZ,120002,817607,BODEGA,Aysén,https://transparenciachc.blob.core.windows.net/oc-da/Instituciones_compradoras.zip,2026-03-04T17:59:21.648688+00:00
be804d838dad73b142673f121bbb465aecf5fc113a96c0e82658d72213a562d8,9001,MUNICIPALIDADES,I MUNICIPALIDAD DE YUMBEL,120004,4993,DOM,Bío-Bío,https://transparenciachc.blob.core.windows.net/oc-da/Instituciones_compradoras.zip,2026-03-04T17:59:21.648688+00:00
3b232fd6e455a2bdd8466e2d2c4f6a998960f4e097cc96d9131bc9d142d0ef64,9028,MUNICIPALIDADES,I MUNICIPALIDAD DE YUMBEL,120004,4994,DEPTO. EDUCACION,Bío-Bío,https://transparenciachc.blob.core.windows.net/oc-da/Instituciones_compradoras.zip,2026-03-04T17:59:21.648688+00:00
7f0f5de9a45e8bb23215b1247f673644839f63f3d442d8f954e254860e9e1438,0901,MUNICIPALIDADES,I MUNICIPALIDAD DE YUMBEL,120004,4995,I MUNICIPALIDAD DE YUMBEL DEPTO SALUD,Bío-Bío,https://transparenciachc.blob.core.windows.net/oc-da/Instituciones_compradoras.zip,2026-03-04T17:59:21.648688+00:00
0b2d1f25fd6aa8abba2ab15765fb5c0e2134799874977a70d22285cc7e779087,1000,MUNICIPALIDADES,I MUNICIPALIDAD DE CABRERO,120186,5000,SECRETARIA COMUNAL DE PLANIFICACION,Bío-Bío,https://transparenciachc.blob.core.windows.net/oc-da/Instituciones_compradoras.zip,2026-03-04T17:59:21.648688+00:00
8da1433929a7d549227ddde216b0b7b7f220f7b90e7de6d083d7cc8418c5a18a,0018,MUNICIPALIDADES,I MUNICIPALIDAD DE CABRERO,120186,5001,DEPARTAMENTO DE EDUCACION,Bío-Bío,https://transparenciachc.blob.core.windows.net/oc-da/Instituciones_compradoras.zip,2026-03-04T17:59:21.648688+00:00
f5f47f69f72306bfef4d61e794b8e321b4bb79f5d8d9807a25e0cf0d4c6a1266,4114,MUNICIPALIDADES,I MUNICIPALIDAD DE CABRERO,120186,5002,LICEO POLITECNICO A-71 MONTE AGUILA,Bío-Bío,https://transparenciachc.blob.core.windows.net/oc-da/Instituciones_compradoras.zip,2026-03-04T17:59:21.648688+00:00
a73469a817e6c8b76ffd11bd85ec2aaae3281060bdbc3a90a321e3c3f4dd322b,0026,MUNICIPALIDADES,I MUNICIPALIDAD DE CABRERO,120186,5003,DEPTO. DE SALUD,Bío-Bío,https://transparenciachc.blob.core.windows.net/oc-da/Instituciones_compradoras.zip,2026-03-04T17:59:21.648688+00:00
e16a7dbfaaa1566c6b96df2d6dfb5817b07d582065062b168352198df04e2753,9950,"GOB. CENTRAL, UNIVERSIDADES",SUPERINTENDENCIA DEL MEDIO AMBIENTE,1203668,846677,BIENESTAR,Metropolitana,https://transparenciachc.blob.core.windows.net/oc-da/Instituciones_compradoras.zip,2026-03-04T17:59:21.648688+00:00
0148a3dd637ebe5a79faca75db3a5ec58b00ff45c8811abc9053812dd53f1489,6011,MUNICIPALIDADES,I MUNICIPALIDAD DE LONGAVI,120788,1057299,ILUSTRE MUNICIPALIDAD DE LONGAVÍ- EDUCACIÓN,Maule,https://transparenciachc.blob.core.windows.net/oc-da/Instituciones_compradoras.zip,2026-03-04T17:59:21.648688+00:00
c0be36d3f138619eee72b551c5a0f5c559eee96e271f656424af386532b0cbed,6003,MUNICIPALIDADES,I MUNICIPALIDAD DE LONGAVI,120788,5008,DEPARTAMENTO DE EDUCACIÓN,Maule,https://transparenciachc.blob.core.windows.net/oc-da/Instituciones_compradoras.zip,2026-03-04T17:59:21.648688+00:00
30758bf1b5a329d361f0c432bec0809fc52fe28d5ec2cdd282e8476fb6863142,0602,MUNICIPALIDADES,I MUNICIPALIDAD DE LONGAVI,120788,5009,DEPARTAMENTO DE SALUD,Maule,https://transparenciachc.blob.core.windows.net/oc-da/Instituciones_compradoras.zip,2026-03-04T17:59:21.648688+00:00
58452341064cf2c306481318006204983b3ad64225d5c7ce57793e0c1d716c87,5006,MUNICIPALIDADES,I MUNICIPALIDAD DE MAULLIN,120791,5011,DEPARTAMENTO DE EDUCACIÓN,Los Lagos,https://transparenciachc.blob.core.windows.net/oc-da/Instituciones_compradoras.zip,2026-03-04T17:59:21.648688+00:00
b6886b44fb53ed013dde33fad8abfd3150398b943e0eb6e2829f49fcd0f8af6d,3005,MUNICIPALIDADES,I MUNICIPALIDAD DE MARIA PINTO,120798,6129,I.MUNICIPALIDAD DE MARIA PINTO,Metropolitana,https://transparenciachc.blob.core.windows.net/oc-da/Instituciones_compradoras.zip,2026-03-04T17:59:21.648688+00:00
ec6ee647cfb2562d57b52e7dc1b029cc338aaba2b6c61411511aac94cb3a9132,0366,SALUD,SERV NAC SALUD HOSPITAL DE LOS ANDES,1214332,617807,HOSPITAL SAN JUAN DE DIOS DE LOS ANDES,Valparaíso,https://transparenciachc.blob.core.windows.net/oc-da/Instituciones_compradoras.zip,2026-03-04T17:59:21.648688+00:00
0b42286bd55b6fe4a199d426487fd91a25cfaae8a2780b3de550481eed1d43d3,7036,SALUD,SERVICIO DE SALUD ACONCAGUA HOSPITAL DE PUTAENDO,1215262,1110071,ADMINISTRACIÓN DE FONDOS,Valparaíso,https://transparenciachc.blob.core.windows.net/oc-da/Instituciones_compradoras.zip,2026-03-04T17:59:21.648688+00:00
557f9b66ded5098271bcb826064a37ab69fba8dad3b75d955d3427fcf2bfd614,2009,MUNICIPALIDADES,I MUNICIPALIDAD DE CALLE LARGA,121539,5031,SALUD,Valparaíso,https://transparenciachc.blob.core.windows.net/oc-da/Instituciones_compradoras.zip,2026-03-04T17:59:21.648688+00:00
6f31923eef576490c9e77f3828c578791fe7ead7b4d1981c39ff2e295f609153,0003,MUNICIPALIDADES,I MUNICIPALIDAD DE CURACAUTIN,121613,736812,TURISMO,Araucanía,https://transparenciachc.blob.core.windows.net/oc-da/Instituciones_compradoras.zip,2026-03-04T17:59:21.648688+00:00
17a730022d536cbd61a249a5cbed761b51b0396459bb09a68df8bef9a4ce05fe,5009,MUNICIPALIDADES,ILUSTRE MUNICIPALIDAD MELIPEUCO,121617,5045,SALUD,Araucanía,https://transparenciachc.blob.core.windows.net/oc-da/Instituciones_compradoras.zip,2026-03-04T17:59:21.648688+00:00
608f6593a34b82db4573b0bb38909b1386361e46d7e2932df506c8d3c9735978,0420,SALUD,SERVICIO NACIONAL DE SALUD HOSPITAL DE LLAY LLAY,1216200,1057987,FÁRMARCOS,Valparaíso,https://transparenciachc.blob.core.windows.net/oc-da/Instituciones_compradoras.zip,2026-03-04T17:59:21.648688+00:00
11d0d4625a46f9017ce110e1b8424ff3b192aaa465db8c2f85cc828a745092f4,8605,"GOB. CENTRAL, UNIVERSIDADES",SUBSECRETARIA PARA LAS FUERZAS ARMADAS,1216382,1157285,SERVICIO BIENESTAR SSFFAA,Metropolitana,https://transparenciachc.blob.core.windows.net/oc-da/Instituciones_compradoras.zip,2026-03-04T17:59:21.648688+00:00
02e2d25ee5a40307143ff6a3f26d93844ca85f7b699f16a1f392725c54b85f3f,9704,"GOB. CENTRAL, UNIVERSIDADES",SUBSECRETARIA PARA LAS FUERZAS ARMADAS,1216382,618923,SUBSECRETARÍA PARA LAS FUERZAS ARMADAS,Metropolitana,https://transparenciachc.blob.core.windows.net/oc-da/Instituciones_compradoras.zip,2026-03-04T17:59:21.648688+00:00
9bd28b122b0ee2946e7ceeb34b20266af6ba30c97de9265787168b86439e4b30,2001,"GOB. CENTRAL, UNIVERSIDADES",SUBSECRETARIA PARA LAS FUERZAS ARMADAS,1216382,640252,OBISPADO CASTRENSE DE CHILE,Metropolitana,https://transparenciachc.blob.core.windows.net/oc-da/Instituciones_compradoras.zip,2026-03-04T17:59:21.648688+00:00
1a043600e5aae818d5db07cfb5b56e8622d63c905221a499d3463c3fcd29fe22,0404,SALUD,HOSPITAL PSIQUIATRICO DR. PHILIPPE PINEL PUTAENDO,1216633,1105434,ADMINISTRACION DE FONDOS,Valparaíso,https://transparenciachc.blob.core.windows.net/oc-da/Instituciones_compradoras.zip,2026-03-04T17:59:21.648688+00:00
cfdf5e5b10c07fc3836594736997e6e3fe5f5787bee68259eb84ec82e0a91b4e,0382,SALUD,SERVICIO SALUD SAN FELIPE LOS ANDES HOSP,1216718,619133,HOSPITAL SAN CAMILO DE SAN FELIPE,Valparaíso,https://transparenciachc.blob.core.windows.net/oc-da/Instituciones_compradoras.zip,2026-03-04T17:59:21.648688+00:00
6ff3195d83de8de86d15738febc43afe8dbc63b1fb5b47bdbd7db4159f825343,0206,"GOB. CENTRAL, UNIVERSIDADES",SUBSECRETARIA DE TURISMO,1220768,621451,SUBSECRETARÍA DE TURISMO,Metropolitana,https://transparenciachc.blob.core.windows.net/oc-da/Instituciones_compradoras.zip,2026-03-04T17:59:21.648688+00:00
88a268a910f6895ee3dca79546c80e7f2f70490221e0261ae74537a98df6271c,8484,"GOB. CENTRAL, UNIVERSIDADES",AGENCIA CHILENA DE EFICIENCIA ENERGETICA,1224636,623663,AGENCIA CHILENA DE EFICIENCIA ENERGÉTICA,Metropolitana,https://transparenciachc.blob.core.windows.net/oc-da/Instituciones_compradoras.zip,2026-03-04T17:59:21.648688+00:00
1dd68829eaacf2a7b375b5e921a2ee2a116fd146cd0aa5df67e98ead880e596b,1694,LEGISLATIVO Y JUDICIAL,CONSEJO RESOLUTIVO DE ASIGNACIONES PARLAMENTARIA,1230073,626802,CONSEJO RESOLUTIVO DE ASIGNACIONES PARLAMENTARIA,Metropolitana,https://transparenciachc.blob.core.windows.net/oc-da/Instituciones_compradoras.zip,2026-03-04T17:59:21.648688+00:00
a900325817838f5e15bf92cfdbcc889772aaaf3b8c29029c7513fe3dcb07cfd6,5004,MUNICIPALIDADES,CORP MUNICIPAL DE SAN MIGUEL,1232694,629373,CORPORACIÓN MUNICIPAL DE SAN MIGUEL,Valparaíso,https://transparenciachc.blob.core.windows.net/oc-da/Instituciones_compradoras.zip,2026-03-04T17:59:21.648688+00:00
6f469cd5c36a69e8499dfa2b18bffcdeb625869bb69a65ae74df69016e0c2c25,0004,MUNICIPALIDADES,I MUNICIPALIDAD DE PALMILLA,123526,757818,DIDECO,Lib. Gral. Bdo. O'Higgins,https://transparenciachc.blob.core.windows.net/oc-da/Instituciones_compradoras.zip,2026-03-04T17:59:21.648688+00:00
51a0e83c1f70e03e87258907e2b9c35821d1b6a849308fdd1ae941461932e4d5,0004,MUNICIPALIDADES,I MUNICIPALIDAD DE LAGO VERDE,123529,932163,SECPLAN,Aysén,https://transparenciachc.blob.core.windows.net/oc-da/Instituciones_compradoras.zip,2026-03-04T17:59:21.648688+00:00
f56ed991d12baf09a172daf1a4a81305b8842047c7bf773082735855278709b8,1700,MUNICIPALIDADES,ILUSTRE MUNICIPALIDAD DE EL CARMEN,123784,6528,ILUSTRE MUNICIPALIDAD DE EL CARMEN,Ñuble,https://transparenciachc.blob.core.windows.net/oc-da/Instituciones_compradoras.zip,2026-03-04T17:59:21.648688+00:00
a0ab6c6213412acb6000cb1cd0911c3a60ea84028fccaaeb6c99057521578cf6,4400,MUNICIPALIDADES,MUNICIPALIDAD DE HUALPEN,123786,5441,DAEM,Bío-Bío,https://transparenciachc.blob.core.windows.net/oc-da/Instituciones_compradoras.zip,2026-03-04T17:59:21.648688+00:00
e744284a9c39afdfaeb9e7d33fb6d8a1f280a96fac5c170a57775c1c7459f27a,6002,MUNICIPALIDADES,I MUNICIPALIDAD DE DONIHUE,123788,5086,DIRECCIÓN DE OBRAS,Lib. Gral. Bdo. O'Higgins,https://transparenciachc.blob.core.windows.net/oc-da/Instituciones_compradoras.zip,2026-03-04T17:59:21.648688+00:00
d3df35b99e39a78eda1c6747501caad06ecede2c758039d143c393cd4a907745,0702,SALUD,HOSPITAL FUTA SRÜKA LAWENCHE KUNKO MAPU MO,1238659,635536,HOSPITAL FUTA SRUKA LAWENCHE KUNKO MAPU MO,Los Lagos,https://transparenciachc.blob.core.windows.net/oc-da/Instituciones_compradoras.zip,2026-03-04T17:59:21.648688+00:00
5af32f29b7667ba589bbadd09752c159537e33e5eae9e2d2442e01e956c1f338,0080,SALUD,HOSPITAL DEL PERPETUO SOCORRO DE QUILACAHUIN,1238663,635539,HOSPITAL QUILACAHUIN,Los Lagos,https://transparenciachc.blob.core.windows.net/oc-da/Instituciones_compradoras.zip,2026-03-04T17:59:21.648688+00:00
407ec06ad587c7d6bfddaf69b83e5493eaafb4976b71b5659d869b4b66d9fce6,5007,MUNICIPALIDADES,ILUSTRE MUNICIPALIDAD DE COLBUN,124195,5091,SALUD,Maule,https://transparenciachc.blob.core.windows.net/oc-da/Instituciones_compradoras.zip,2026-03-04T17:59:21.648688+00:00
4726606c15c2794d23ce34a0e598febbefafacc3395d9f49270e34e05a87b04c,5008,MUNICIPALIDADES,ILUSTRE MUNICIPALIDAD DE COLBUN,124195,5090,EDUCACIÓN,Maule,https://transparenciachc.blob.core.windows.net/oc-da/Instituciones_compradoras.zip,2026-03-04T17:59:21.648688+00:00
3e32e279e9280e831b7a28aa800ff437224e65b07e6a95ba93c999cdacf210ce,1006,MUNICIPALIDADES,ILUSTRE MUNICIPALIDAD DE QUIRIHUE,124198,5094,SALUD,Ñuble,https://transparenciachc.blob.core.windows.net/oc-da/Instituciones_compradoras.zip,2026-03-04T17:59:21.648688+00:00
d194d43b8dda66913e4b9e923528d6c8ee5bbfa19eb6dfaf2df1067a721e5cb4,2005,MUNICIPALIDADES,ILUSTRE MUNICIPALIDAD DE GALVARINO,124203,5096,SALUD,Araucanía,https://transparenciachc.blob.core.windows.net/oc-da/Instituciones_compradoras.zip,2026-03-04T17:59:21.648688+00:00
e770db33ce64455c16d21a53240cadd021ec2ebae86ad8c2a1ada24ea5dec724,9001,MUNICIPALIDADES,CORP MUNICIPAL MELIPILLA PARA LA ED SALUD,1244947,642028,CORPORACIÓN MUNICIPAL DE MELIPILLA,Metropolitana,https://transparenciachc.blob.core.windows.net/oc-da/Instituciones_compradoras.zip,2026-03-04T17:59:21.648688+00:00
c41fe761fa4c4f5666f507d3dba107d73890c35254fb1487e596754fdd5acdbb,1009,MUNICIPALIDADES,I MUNICIPALIDAD DE LAUTARO,124577,514848,EDUCACION,Araucanía,https://transparenciachc.blob.core.windows.net/oc-da/Instituciones_compradoras.zip,2026-03-04T17:59:21.648688+00:00
4eb11dcb76d21eefbe0a685ae95f355538fbe27b5debad13bf3da766705cb7a8,5006,MUNICIPALIDADES,CORP MUNICIPAL DE DESARROLLO SOCIAL DE SN JOAQUIN,1246426,643553,CORPORACIÓN MUNICIPAL DE DESARROLLO SOCIAL SAN JOAQUÍN,Metropolitana,https://transparenciachc.blob.core.windows.net/oc-da/Instituciones_compradoras.zip,2026-03-04T17:59:21.648688+00:00
72fd97ea425b65ef6f7bb6cd43621fa7ce8bb46bc4c2089b715556f4da51919c,2001,MUNICIPALIDADES,I MUNICIPALIDAD DE QUEMCHI,125066,6420,SOCIAL,Los Lagos,https://transparenciachc.blob.core.windows.net/oc-da/Instituciones_compradoras.zip,2026-03-04T17:59:21.648688+00:00
5ad7d185dc39b18d09131e29bce5aace3b3f937d63595df3e16ae3aff96429c7,9003,MUNICIPALIDADES,I MUNICIPALIDAD DE CURACAVI,125602,741047,DIDECO,Metropolitana,https://transparenciachc.blob.core.windows.net/oc-da/Instituciones_compradoras.zip,2026-03-04T17:59:21.648688+00:00
e7f765cb7ecded53478fe339a72290e9a72ff5306a11af74611636341659554f,1407,"GOB. CENTRAL, UNIVERSIDADES",SUBSECRETARIA DE PREVENCION DEL DELITO,1256896,791766,PROGRAMA DE ATENCION A VICTIMAS,Metropolitana,https://transparenciachc.blob.core.windows.net/oc-da/Instituciones_compradoras.zip,2026-03-04T17:59:21.648688+00:00
99da91c9760c556050eae07c79803423d45d8f800b93197a2b2e6a3761ec2930,1001,"GOB. CENTRAL, UNIVERSIDADES",UNIVERSIDAD TECNOLOGICA METROPOLITANA,126109,6164,DEPARTAMENTO DE ABASTECIMIENTO,Valparaíso,https://transparenciachc.blob.core.windows.net/oc-da/Instituciones_compradoras.zip,2026-03-04T17:59:21.648688+00:00
fccd92d510b8a40626ec71c013464bd46537f7dcb51b1a978e4938065b4e514b,1709,"GOB. CENTRAL, UNIVERSIDADES",SERVICIO NACIONAL PARA LA PREVENCION Y REHABILITACION DEL CONSUMO DE D,1264424,786370,SERVICIO DE BIENESTAR,Metropolitana,https://transparenciachc.blob.core.windows.net/oc-da/Instituciones_compradoras.zip,2026-03-04T17:59:21.648688+00:00
bd6ebcd712cf5cc585a073b9c5e2fc3689f18d7a059ba817f9154af393cd3d4e,1000,SALUD,HOSPITAL PUERTO MONTT SERVICIO DE SALUD DEL RELONCAVI,127018,5898,CENTRAL DE ALIMENTACION,Los Lagos,https://transparenciachc.blob.core.windows.net/oc-da/Instituciones_compradoras.zip,2026-03-04T17:59:21.648688+00:00
55cb4d69b5da53c873658e247f09133d01a17c4da4241c3467ac5c8d5eeff27e,2001,MUNICIPALIDADES,I MUNICIPALIDAD DE CURANILAHUE,127036,691944,OBRAS,Bío-Bío,https://transparenciachc.blob.core.windows.net/oc-da/Instituciones_compradoras.zip,2026-03-04T17:59:21.648688+00:00
42c12c18e45cf49a183d583301601c8e9747efd9a9c4208287e562f28b0fbfa0,2028,MUNICIPALIDADES,I MUNICIPALIDAD DE CURANILAHUE,127036,5156,DEPARTAMENTO DE SALUD,Bío-Bío,https://transparenciachc.blob.core.windows.net/oc-da/Instituciones_compradoras.zip,2026-03-04T17:59:21.648688+00:00
66bc16e193278bb916437ff94b10e5f9a439c28777907b3928061eb5ce1294b3,0201,MUNICIPALIDADES,I MUNICIPALIDAD DE CURANILAHUE,127036,5157,DPTO. EDUCACIÓN,Bío-Bío,https://transparenciachc.blob.core.windows.net/oc-da/Instituciones_compradoras.zip,2026-03-04T17:59:21.648688+00:00
d890dd04fbb2a14d1f82c74233d3f29bebcc644e63cf3c4590996a565cdc8323,9006,MUNICIPALIDADES,I MUNICIPALIDAD DE CURANILAHUE,127036,550306,CEIA FERMIN FIERRO LUENGO,Bío-Bío,https://transparenciachc.blob.core.windows.net/oc-da/Instituciones_compradoras.zip,2026-03-04T17:59:21.648688+00:00
ad8de331ddf76a0a04417538e647ea225a1816b2933a1bdec27bbe6b9fad6a97,2502,MUNICIPALIDADES,I MUNICIPALIDAD DE CURANILAHUE,127036,5668,LICEO MARIANO LATORRE DE CURANILAHUE,Bío-Bío,https://transparenciachc.blob.core.windows.net/oc-da/Instituciones_compradoras.zip,2026-03-04T17:59:21.648688+00:00
4aa0db1324261a4161213f10f9af6b1a6efa8f83d70d7451b9492d6a1e4a80cd,4545,MUNICIPALIDADES,I MUNICIPALIDAD DE CURANILAHUE,127036,595486,ESCUELA E-776 PABLO NERUDA,Bío-Bío,https://transparenciachc.blob.core.windows.net/oc-da/Instituciones_compradoras.zip,2026-03-04T17:59:21.648688+00:00
97f3e4786cb599122a3a91085cbff7ae076062e64b8ddf014043b09af5114e79,1006,"GOB. CENTRAL, UNIVERSIDADES",SUPERINTENDENCIA DE CASINOS DE JUEGO,128260,5164,SUPERINTENDENCIA DE CASINOS DE JUEGO,Metropolitana,https://transparenciachc.blob.core.windows.net/oc-da/Instituciones_compradoras.zip,2026-03-04T17:59:21.648688+00:00
baf5117233cd5a99358646682161367afa1c68ec17dd6b2bb3d036017da98339,7004,MUNICIPALIDADES,I MUNICIPALIDAD DE SAN FABIAN,128889,5174,SALUD,Ñuble,https://transparenciachc.blob.core.windows.net/oc-da/Instituciones_compradoras.zip,2026-03-04T17:59:21.648688+00:00
e172e24e3987754e5d9b5205b333e58b2c843f087a54ba680f5c3a5a3c64859b,9008,MUNICIPALIDADES,I MUNICIPALIDAD DE CATEMU,129737,5201,SALUD,Valparaíso,https://transparenciachc.blob.core.windows.net/oc-da/Instituciones_compradoras.zip,2026-03-04T17:59:21.648688+00:00
f73be9f41de9f1d84eeac505866e03952b3236d0834a30c3f94483b3c7a9542a,0008,MUNICIPALIDADES,I MUNICIPALIDAD DE CUNCO,129738,5203,EDUCACIÓN,Araucanía,https://transparenciachc.blob.core.windows.net/oc-da/Instituciones_compradoras.zip,2026-03-04T17:59:21.648688+00:00
18ef27976ca52a6c589b8a23ab80d434f2ace086707f9749b88a346201af2cc5,8004,"GOB. CENTRAL, UNIVERSIDADES",UNIVERSIDAD DE ANTOFAGASTA,130585,5209,UNIVERSIDAD DE ANTOFAGASTA,Antofagasta,https://transparenciachc.blob.core.windows.net/oc-da/Instituciones_compradoras.zip,2026-03-04T17:59:21.648688+00:00
85df6c02566dcc970de409714e4c90b8d05dde7ea5dc44aba0345288415721eb,7006,"GOB. CENTRAL, UNIVERSIDADES",UNIVERSIDAD DE PLAYA ANCHA DE CIENCIAS DE LA EDUCACION,130972,802021,PROYECTOS UPLA,Valparaíso,https://transparenciachc.blob.core.windows.net/oc-da/Instituciones_compradoras.zip,2026-03-04T17:59:21.648688+00:00
6292ce4cc5ea75a41b25c4347b4b363f38546fe0ce6c4672317b6267aa8c582f,2209,"GOB. CENTRAL, UNIVERSIDADES",SUPERINTENDENCIA DE EDUCACION ESCOLAR,1309788,928639,BIENESTAR,Arica y Parinacota,https://transparenciachc.blob.core.windows.net/oc-da/Instituciones_compradoras.zip,2026-03-04T17:59:21.648688+00:00
ba196156f9c72b35c4dc7ab164fd20be6b8261e4194f6c6ee88d067cb546f8da,0008,"GOB. CENTRAL, UNIVERSIDADES",COMISION PARA EL MERCADO FINANCIERO,7016,1829,SVS,Metropolitana,https://transparenciachc.blob.core.windows.net/oc-da/Instituciones_compradoras.zip,2026-03-04T17:59:21.648688+00:00
8a7a7d89d5d11dc0d2cf9bce73fecfd51a41dfef2d009a0b6b44c2424f5ce3bf,5004,"GOB. CENTRAL, UNIVERSIDADES",COMISION PARA EL MERCADO FINANCIERO,7016,1273779,SERVICIO DE BIENESTAR SEDE MONEDA,Metropolitana,https://transparenciachc.blob.core.windows.net/oc-da/Instituciones_compradoras.zip,2026-03-04T17:59:21.648688+00:00
bf6c4ce30cfcf75dfdb769acd05126105b2b3a30fb39affa3461aea542b615d1,9902,MUNICIPALIDADES,ASOCIACIÓN CHILENA DE MUNICIPALIDADES,1317359,717503,ASOCIACIÓN CHILENA DE MUNICIPALIDADES,Metropolitana,https://transparenciachc.blob.core.windows.net/oc-da/Instituciones_compradoras.zip,2026-03-04T17:59:21.648688+00:00
6779d9f949090808e89df6393dc72ef66c6c82a8e1a1d158b2ff2e15c85921df,2306,"GOB. CENTRAL, UNIVERSIDADES",AGENCIA DE CALIDAD DE LA EDUCACION,1317960,806682,SERVICIO DE BIENESTAR,Metropolitana,https://transparenciachc.blob.core.windows.net/oc-da/Instituciones_compradoras.zip,2026-03-04T17:59:21.648688+00:00
e34f581e45547c2b17b00c60a66f2168eca2d851a991b3d3386ba948bdc04606,4006,MUNICIPALIDADES,I MUNICIPALIDAD DE ZAPALLAR,132199,6238,LICITACIONES,Valparaíso,https://transparenciachc.blob.core.windows.net/oc-da/Instituciones_compradoras.zip,2026-03-04T17:59:21.648688+00:00
3e7465f5a27be03e64ae7500bb479968735e27798a0f42f9f43fa97b6d8c6bce,6006,MUNICIPALIDADES,I MUNICIPALIDAD DE ERCILLA,132741,5226,SALUD,Araucanía,https://transparenciachc.blob.core.windows.net/oc-da/Instituciones_compradoras.zip,2026-03-04T17:59:21.648688+00:00
c544b5ef5c93b537176c8692aa641573ae1767bfb1f52501e1002eaa2cd670c1,2403,"GOB. CENTRAL, UNIVERSIDADES",SUBSECRETARIA DE EVALUACION SOCIAL,1329930,730566,SUBSECRETARÍA DE EVALUACIÓN SOCIAL,Metropolitana,https://transparenciachc.blob.core.windows.net/oc-da/Instituciones_compradoras.zip,2026-03-04T17:59:21.648688+00:00
856e751ff6a4a9bd8bd5984c7e2d4ce09bfb572683c1acfc19aa2f7d2b3acb73,3005,MUNICIPALIDADES,ILUSTRE MUNICIPALIDAD DE CUREPTO,133311,5233,DEPTO. SALUD,Maule,https://transparenciachc.blob.core.windows.net/oc-da/Instituciones_compradoras.zip,2026-03-04T17:59:21.648688+00:00
a42b1c88c6c9dd2928f3191e90f129c517aae79788ac21d75848b1c853ecbf2a,3001,MUNICIPALIDADES,I MUNICIPALIDAD DE PERQUENCO,133899,5241,SALUD,Araucanía,https://transparenciachc.blob.core.windows.net/oc-da/Instituciones_compradoras.zip,2026-03-04T17:59:21.648688+00:00
d58e26d21fc86fd20b1f2707286503339ae34ab0fea228f928cadeb2bf91547e,0508,SALUD,CENTRO ASISTENCIAL NORTE DE ANTOFAGASTA,1339711,740820,CENTRO ASISTENCIAL NORTE DE ANTOFAGASTA,Antofagasta,https://transparenciachc.blob.core.windows.net/oc-da/Instituciones_compradoras.zip,2026-03-04T17:59:21.648688+00:00
1737e19ea2f79ecde7734a87eaf26b230c458eda335518cbe4cfddd52476ad2a,2500,LEGISLATIVO Y JUDICIAL,SEGUNDO TRIBUNAL AMBIENTAL,1342660,743848,SEGUNDO TRIBUNAL AMBIENTAL,Metropolitana,https://transparenciachc.blob.core.windows.net/oc-da/Instituciones_compradoras.zip,2026-03-04T17:59:21.648688+00:00
419d273366e087c13b21b9ee634af0437ee5c1efdbc4f8ece9896a081803fb97,6008,MUNICIPALIDADES,ILUSTRE MUNICIPALIDAD DE ÑIQUEN,134356,5248,OTEC,Ñuble,https://transparenciachc.blob.core.windows.net/oc-da/Instituciones_compradoras.zip,2026-03-04T17:59:21.648688+00:00
a322ad9b6647cec8efa0c3ae3a77fdcfe3963753a9f25f6056a1382979ae674d,1009,OTROS,CORP.MUNICIPAL GABRIEL GONZALEZ VIDELA DE LA SERENA,1344662,908585,JARDINES INFANTILES VTF,Coquimbo,https://transparenciachc.blob.core.windows.net/oc-da/Instituciones_compradoras.zip,2026-03-04T17:59:21.648688+00:00
ee26c4562df02d2750aa3b62c93348d1e339bf8269461877ef43496ddfa600a4,1000,MUNICIPALIDADES,I MUNICIPALIDAD DE SAN VICENTE,135559,788110,DEPARTAMENTO DE SALUD,Lib. Gral. Bdo. O'Higgins,https://transparenciachc.blob.core.windows.net/oc-da/Instituciones_compradoras.zip,2026-03-04T17:59:21.648688+00:00
d7afed94607e1d51ac4342bb821e8183333db59882bd0090270f2c18e3ee7293,7008,MUNICIPALIDADES,I MUNICIPALIDAD DE NACIMIENTO,135561,5280,S.BIENESTAR,Bío-Bío,https://transparenciachc.blob.core.windows.net/oc-da/Instituciones_compradoras.zip,2026-03-04T17:59:21.648688+00:00
4bee51de5c79a9c69a0a9516cde8580b307ba1d2ffed77203125b22c3175a586,7016,MUNICIPALIDADES,I MUNICIPALIDAD DE NACIMIENTO,135561,5275,DAEM,Bío-Bío,https://transparenciachc.blob.core.windows.net/oc-da/Instituciones_compradoras.zip,2026-03-04T17:59:21.648688+00:00
0c6f81df6c7c0d4582603b0dcc7983c75ae4c49ad757507b224fc51f3a739725,3257,MUNICIPALIDADES,I MUNICIPALIDAD DE NACIMIENTO,135561,5588,LICEO MUNICIPAL DE NACIMIENTO,Bío-Bío,https://transparenciachc.blob.core.windows.net/oc-da/Instituciones_compradoras.zip,2026-03-04T17:59:21.648688+00:00
8523d81ea1f42397414885f3199bf1ad40b65a268676c274e4afce06f393a5dd,4000,MUNICIPALIDADES,ILUSTRE MUNICIPALIDAD DE QUILLON,135562,5956,FOMENTO PRODUCTIVO,Ñuble,https://transparenciachc.blob.core.windows.net/oc-da/Instituciones_compradoras.zip,2026-03-04T17:59:21.648688+00:00
b0fdc5c409db8bdc22b9712743fbd9ec40fd04ae163c5609f894674942ac9095,4019,MUNICIPALIDADES,ILUSTRE MUNICIPALIDAD DE QUILLON,135562,5281,DAEM,Ñuble,https://transparenciachc.blob.core.windows.net/oc-da/Instituciones_compradoras.zip,2026-03-04T17:59:21.648688+00:00
48e71322938d0740a8b3a0696fbba757b3914e8eb71681ad53ed9b336c7257b7,8009,MUNICIPALIDADES,ILUSTRE MUNICIPALIDAD DE QUILLON,135562,5283,SALUD MUNICIPAL,Ñuble,https://transparenciachc.blob.core.windows.net/oc-da/Instituciones_compradoras.zip,2026-03-04T17:59:21.648688+00:00
aab1ecd09fecead729c996e6e8fe31c4a02420bdf9b96d08dd5a92bd40138892,0600,MUNICIPALIDADES,I MUNICIPALIDAD DE FREIRINA,135567,611012,DEPARTAMENTO DE CEMENTERIO MUNICIPAL,Atacama,https://transparenciachc.blob.core.windows.net/oc-da/Instituciones_compradoras.zip,2026-03-04T17:59:21.648688+00:00
ec05d54bcf2b752af478b1cdd647cbbf0314ba9585c3a13ef09c8743948a121f,0533,"GOB. CENTRAL, UNIVERSIDADES",DELEGACIÓN PRESIDENCIAL PROVINCIAL DE ISLA DE PASCUA,135959,551477,COMPRAS ORASMI  52-0,Valparaíso,https://transparenciachc.blob.core.windows.net/oc-da/Instituciones_compradoras.zip,2026-03-04T17:59:21.648688+00:00
caa62c7fc73b8345870a20a154e95f59f2fb44755517e06c0a65fed45be142d1,9800,MUNICIPALIDADES,SERVICIO BIENESTAR PERSONAL ILUSTRE MUNICIPALIDAD DE LOS MUERMOS,1359748,761456,DEPARTAMENTO DE COMPRAS,Los Lagos,https://transparenciachc.blob.core.windows.net/oc-da/Instituciones_compradoras.zip,2026-03-04T17:59:21.648688+00:00
10fdc06f0824068e238b5a944561675c7a2e125082eb48a4c9f321829cdf28f2,1006,MUNICIPALIDADES,I MUNICIPALIDAD DE SAN ROSENDO,136421,5293,ILUSTRE MUNICIPALIDAD DE SAN ROSENDO,Bío-Bío,https://transparenciachc.blob.core.windows.net/oc-da/Instituciones_compradoras.zip,2026-03-04T17:59:21.648688+00:00
6d4e725dce8fb988e758b595484019576b287296dbb4690dc57a86fca23507f1,1022,MUNICIPALIDADES,I MUNICIPALIDAD DE SAN ROSENDO,136421,5294,DEPARTAMENTO DE SALUD,Bío-Bío,https://transparenciachc.blob.core.windows.net/oc-da/Instituciones_compradoras.zip,2026-03-04T17:59:21.648688+00:00
abc2a474c33eb540585407b918855da923b8563bc334b0e2ba7f12d8fa83b1bb,1014,MUNICIPALIDADES,I MUNICIPALIDAD DE SAN ROSENDO,136421,5295,DEPARTAMENTO DE EDUCACIÓN,Bío-Bío,https://transparenciachc.blob.core.windows.net/oc-da/Instituciones_compradoras.zip,2026-03-04T17:59:21.648688+00:00
09bcdd094097cb8d2cb6e4b4cd85acd254cdd87f909587f93bbb2848dbb071d2,9096,SALUD,HOSPITAL CLINICO METROPOLITANO DE LA FLORIDA DOCTORA ELOISA DIAZ,1375151,1212710,UNIDAD DE BIENESTAR,Metropolitana,https://transparenciachc.blob.core.windows.net/oc-da/Instituciones_compradoras.zip,2026-03-04T17:59:21.648688+00:00
5e452b6d5f521321c71e492c830f7a664d12e70e5e0fb2c25d0d9c6c7f0e8baf,4859,SALUD,HOSPITAL CLINICO METROPOLITANO DE LA FLORIDA DOCTORA ELOISA DIAZ,1375151,812261,"CONVENIOS , OPERACIONES , INFORMATICA",Metropolitana,https://transparenciachc.blob.core.windows.net/oc-da/Instituciones_compradoras.zip,2026-03-04T17:59:21.648688+00:00
a574e30b51ceee56846ca98061eb332b5b52696c89635317a5f7625573558cea,3302,LEGISLATIVO Y JUDICIAL,ILUSTRE TERCER TRIBUNAL AMBIENTAL,1378463,780724,ILUSTRE TERCER TRIBUNAL AMBIENTAL,Los Ríos,https://transparenciachc.blob.core.windows.net/oc-da/Instituciones_compradoras.zip,2026-03-04T17:59:21.648688+00:00
0d483a4bac31d1339732563c121c10f69a02a05cb6b7db497a031005e2286f8c,3205,SALUD,HOSPITAL CLINICO METROPOLITANO EL CARMEN DOCTOR LUIS VALENTIN FERRADA,1379869,782174,DEPARTAMENTO DE LOGISTICA Y ABASTECIMIENTO,Metropolitana,https://transparenciachc.blob.core.windows.net/oc-da/Instituciones_compradoras.zip,2026-03-04T17:59:21.648688+00:00
79b4c7355f3b2cb2b723cad3bf0f496f08f63db7cf3a6e88c717fd6c7215c14c,8009,MUNICIPALIDADES,ILUSTRE MUNICIPALIDAD DE LUMACO,138211,5324,EDUCACION,Araucanía,https://transparenciachc.blob.core.windows.net/oc-da/Instituciones_compradoras.zip,2026-03-04T17:59:21.648688+00:00
bffc8954d7f5e12960f7f93db6aa9cc23203c245d55b4c5ffc4f803eb4c38e4a,0700,MUNICIPALIDADES,I MUNICIPALIDAD DE QUINTERO,138454,799761,PROGRAMAS MUNICIPAL,Valparaíso,https://transparenciachc.blob.core.windows.net/oc-da/Instituciones_compradoras.zip,2026-03-04T17:59:21.648688+00:00
d43e10fa4288a5fab78ae5913b8940c4c0f68ac07461c728a6fe85683c96e288,4008,OTROS,CORP MUNICIPAL DE VALPARAISO PARA EL DESARROLLO SOCIAL,1396697,799512,CORPORACIÓN,Valparaíso,https://transparenciachc.blob.core.windows.net/oc-da/Instituciones_compradoras.zip,2026-03-04T17:59:21.648688+00:00
b96efa28e37f8a6213eee9a461c0ade2b96b95989ebdf1e0e36d03e06b325afc,3604,"GOB. CENTRAL, UNIVERSIDADES",SUBSECRETARIA DEL DEPORTE,1396777,799595,SUBSECRETARÍA DEL DEPORTE,Metropolitana,https://transparenciachc.blob.core.windows.net/oc-da/Instituciones_compradoras.zip,2026-03-04T17:59:21.648688+00:00
6b272b0649b52f10c50927e750e64d039fd8d7c2e44b7a4a37cc03183fb5a247,6002,MUNICIPALIDADES,I MUNICIPALIDAD DE HUALQUI,140867,6415,SECRETARIA DE PLANIFICACION MUNICIPAL (SECPLAN),Bío-Bío,https://transparenciachc.blob.core.windows.net/oc-da/Instituciones_compradoras.zip,2026-03-04T17:59:21.648688+00:00
84008f056138696542af1d21d2d264dc07debbbe59d9d9acc4c3b110fdf0bbee,6010,MUNICIPALIDADES,I MUNICIPALIDAD DE HUALQUI,140867,918023,SERVICIO DE BIENESTAR - DIRECCION DE SALUD,Bío-Bío,https://transparenciachc.blob.core.windows.net/oc-da/Instituciones_compradoras.zip,2026-03-04T17:59:21.648688+00:00
4b880da16711640a9631012b4b50ca013cc7867476351f0d512d956390f810b8,2004,MUNICIPALIDADES,I.MUNICIPALIDAD DE ROMERAL,141881,5834,DIRECCION DE OBRAS MUNICIPALES,Maule,https://transparenciachc.blob.core.windows.net/oc-da/Instituciones_compradoras.zip,2026-03-04T17:59:21.648688+00:00
cd76637a63f0695d453e4c019262dec435957efb713b0a417d8b21912a5f5429,6007,MUNICIPALIDADES,ILUSTRE MUNICIPALIDAD DE CONTULMO,141884,5446,SECPLAN,Bío-Bío,https://transparenciachc.blob.core.windows.net/oc-da/Instituciones_compradoras.zip,2026-03-04T17:59:21.648688+00:00
d7e41839aadbf8b5b35d06452afe18aa9d18f37e231a59c0a562b36bb35022e5,6015,MUNICIPALIDADES,ILUSTRE MUNICIPALIDAD DE CONTULMO,141884,5393,EDUCACIÓN,Bío-Bío,https://transparenciachc.blob.core.windows.net/oc-da/Instituciones_compradoras.zip,2026-03-04T17:59:21.648688+00:00
1dc76546139a140afda74d2f025295f605fb9a2ffb7c6d5e6809fc04741c7dd6,5003,MUNICIPALIDADES,ILUSTRE MUNICIPALIDAD DE CONTULMO,141884,5394,SALUD,Bío-Bío,https://transparenciachc.blob.core.windows.net/oc-da/Instituciones_compradoras.zip,2026-03-04T17:59:21.648688+00:00
a106f700ab3d72b3171509e26f4529e4b5817cdd47b7f55a5f77da13e72b6a9c,8004,MUNICIPALIDADES,I MUNICIPALIDAD DE NEGRETE,142508,5404,DEPARTAMENTO DE SALUD,Bío-Bío,https://transparenciachc.blob.core.windows.net/oc-da/Instituciones_compradoras.zip,2026-03-04T17:59:21.648688+00:00
d368ff485d096d25fc7c4b4ffa2d6ef0cc345f4f75bab19e1105b9ec714029e0,8012,MUNICIPALIDADES,I MUNICIPALIDAD DE NEGRETE,142508,5403,DEPARTAMENTO DE EDUCACION,Bío-Bío,https://transparenciachc.blob.core.windows.net/oc-da/Instituciones_compradoras.zip,2026-03-04T17:59:21.648688+00:00
60149e70b493da879e465121a990b52f3fd8dcb53ce690fb0eefb66e0dd95d12,5014,MUNICIPALIDADES,I MUNICIPALIDAD DE PENCO,142575,5407,ILUSTRE MUNICIPALIDAD DE PENCO,Bío-Bío,https://transparenciachc.blob.core.windows.net/oc-da/Instituciones_compradoras.zip,2026-03-04T17:59:21.648688+00:00
efb0acfaf4bacb9b533e2201e6d23c3ee935fcbbbce7d26df45a6154e6ca1026,5022,MUNICIPALIDADES,I MUNICIPALIDAD DE PENCO,142575,5409,DEPARTAMENTO DE SALUD,Bío-Bío,https://transparenciachc.blob.core.windows.net/oc-da/Instituciones_compradoras.zip,2026-03-04T17:59:21.648688+00:00
0d2a30709d7f566e52e969c7e00d3839f67b3d54ac180bb7cf4119a1fe2d93e7,5006,MUNICIPALIDADES,I MUNICIPALIDAD DE PENCO,142575,5410,MUNICIPALIDAD,Bío-Bío,https://transparenciachc.blob.core.windows.net/oc-da/Instituciones_compradoras.zip,2026-03-04T17:59:21.648688+00:00
8a0a4000993882d45606baea6dfd0d4ec93cf8d2d55505ff7b0d44b4678728dc,6700,MUNICIPALIDADES,I MUNICIPALIDAD DE PENCO,142575,994309,SERVICIO DE BIENESTAR,Bío-Bío,https://transparenciachc.blob.core.windows.net/oc-da/Instituciones_compradoras.zip,2026-03-04T17:59:21.648688+00:00
ad9e66a35443973ce32fbbfa1805a4d4b36580987dbe01af0f85fc2047c27e57,1002,MUNICIPALIDADES,I MUNICIPALIDAD DE SAN PEDRO,142855,626529,DIDECO,Metropolitana,https://transparenciachc.blob.core.windows.net/oc-da/Instituciones_compradoras.zip,2026-03-04T17:59:21.648688+00:00
1bb7be1ede89e12c7df370dfc3799b61da637c07b368c3e4fafb358ae9fab057,3701,SALUD,CESFAM LIRQUEN,1443597,847716,CESFAM LIRQUEN,Bío-Bío,https://transparenciachc.blob.core.windows.net/oc-da/Instituciones_compradoras.zip,2026-03-04T17:59:21.648688+00:00
15ff8b9f635d0d477985e9c9952fcfef5e46e6617d62a502ca6b4745ae64b534,6006,MUNICIPALIDADES,I MUNICIPALIDAD DE TREHUACO,145365,5877,SECPLAN,Ñuble,https://transparenciachc.blob.core.windows.net/oc-da/Instituciones_compradoras.zip,2026-03-04T17:59:21.648688+00:00
2daebd157bb53257bde063cfe69c4e43e331b8e5b0b39b7faafa6e9c4cfc166e,4000,MUNICIPALIDADES,I MUNICIPALIDAD DE TREHUACO,145365,5436,DEPTO. DE SALUD,Ñuble,https://transparenciachc.blob.core.windows.net/oc-da/Instituciones_compradoras.zip,2026-03-04T17:59:21.648688+00:00
a8972c1cbc66773c805125dcd13812c9975d80581e4f2faaf8332a58ce88a239,6022,MUNICIPALIDADES,I MUNICIPALIDAD DE TREHUACO,145365,5437,DEPTO. DE EDUCACIÓN,Ñuble,https://transparenciachc.blob.core.windows.net/oc-da/Instituciones_compradoras.zip,2026-03-04T17:59:21.648688+00:00
6bf00e7d9955cff74d1a6ebc2e70248bbc209ae752a5c74fa07f0b0f307b83f2,0544,SALUD,SERVICIO DE SALUD VALPARAISO SAN ANTONIO,7239,2152,HOSPITAL CARLOS VAN BUREN,Valparaíso,https://transparenciachc.blob.core.windows.net/oc-da/Instituciones_compradoras.zip,2026-03-04T17:59:21.648688+00:00
04375ca9c7ebb3bd2d55ebee7bf483555865639d0a4f469b5475431ad64630d2,5208,"GOB. CENTRAL, UNIVERSIDADES",UNIVERSIDAD DE AYSEN,1480923,886182,UNIVERSIDAD DE AYSEN,Aysén,https://transparenciachc.blob.core.windows.net/oc-da/Instituciones_compradoras.zip,2026-03-04T17:59:21.648688+00:00
26401a77b24a8244e2b2a718dec15d0c4accc1de3484a4e9b9e34f93d95944ff,5305,"GOB. CENTRAL, UNIVERSIDADES",UNIVERSIDAD DE O'HIGGINS,1484134,889473,UNIVERSIDAD DE O'HIGGINS,Lib. Gral. Bdo. O'Higgins,https://transparenciachc.blob.core.windows.net/oc-da/Instituciones_compradoras.zip,2026-03-04T17:59:21.648688+00:00
62b9f7d855a7ca65ae2fe278fecc0bf3022db5c86f56f075bbe2f9055069f1cc,3003,MUNICIPALIDADES,I MUNICIPALIDAD DE GRANEROS,148507,5479,DEPTO. DE EDUCACIÓN,Lib. Gral. Bdo. O'Higgins,https://transparenciachc.blob.core.windows.net/oc-da/Instituciones_compradoras.zip,2026-03-04T17:59:21.648688+00:00
d3c183b0d39951a7b0c1b3f49a846e84d3dbe4b9fd33061bf69cf957f5d55e80,5402,"GOB. CENTRAL, UNIVERSIDADES",SUBSECRETARIA DE EDUCACION PARVULARIA,1489605,895072,UNIDAD DE COMPRAS,Metropolitana,https://transparenciachc.blob.core.windows.net/oc-da/Instituciones_compradoras.zip,2026-03-04T17:59:21.648688+00:00
c529308f2badd2dd765c9d39f12e1eaf5a6709ad6d87a11da52b39e0a9268a68,1802,OTROS,ARTESANÍAS CHILE,1499491,905173,ADMINISTRACIÓN Y FINANZAS,Metropolitana,https://transparenciachc.blob.core.windows.net/oc-da/Instituciones_compradoras.zip,2026-03-04T17:59:21.648688+00:00
5c107672675ea3d6606c06d392d6927875bab2db86090e8018b038aa16879493,6808,"GOB. CENTRAL, UNIVERSIDADES",MINISTERIO DE LA MUJER Y LA EQUIDAD DE GÉNERO,1512218,918434,MINISTERIO DE LA MUJER Y LA EQUIDAD DE GÉNERO,Metropolitana,https://transparenciachc.blob.core.windows.net/oc-da/Instituciones_compradoras.zip,2026-03-04T17:59:21.648688+00:00
6c23aecbe04d0314ce598228d28db3001823ef6fda7129759bb44e5593a986c1,6204,SALUD,CENTRO DE REFERENCIA DE SALUD HOSPITAL PROVINCIA CORDILLERA,1530575,937232,CENTRO DE REFERENCIA DE SALUD HOSPITAL PROVINCIA CORDILLERA,Metropolitana,https://transparenciachc.blob.core.windows.net/oc-da/Instituciones_compradoras.zip,2026-03-04T17:59:21.648688+00:00
30da9a0ddfb8d8d99f7794dd2035c084245a5026869e35aea71383005f35faa7,6700,SALUD,HOSPITAL SANTA ELISA DE SAN JOSE DE LA MARIQUINA,1546095,953261,UNIDAD DE ABASTECIMIENTO,Los Ríos,https://transparenciachc.blob.core.windows.net/oc-da/Instituciones_compradoras.zip,2026-03-04T17:59:21.648688+00:00
eba165ee1aad3549b16f37c79238518ae0ce7a6015fb7f02795252ac6a087ca5,4009,MUNICIPALIDADES,I MUNICIPALIDAD DE CHILE CHICO,154782,671251,DEPARTAMENTO DE EDUCACION,Aysén,https://transparenciachc.blob.core.windows.net/oc-da/Instituciones_compradoras.zip,2026-03-04T17:59:21.648688+00:00
2c3b5c74abb1671a73e32125bbc280640cf39424e5f9f62118674ebcd20ae035,0307,SALUD,CENTRO METROPOLITANO DE ATENCIÓN PREHOSPITALARIA,1549752,957008,SAMU METROPOLITANO,Metropolitana,https://transparenciachc.blob.core.windows.net/oc-da/Instituciones_compradoras.zip,2026-03-04T17:59:21.648688+00:00
913a4fefc33dc9ee3507c57757513e17ea8a737d51be3b16d4b4ef1bfb45dc3b,8207,"GOB. CENTRAL, UNIVERSIDADES",SUBSECRETARIA DE DERECHOS HUMANOS,1550588,957865,SUBSECRETARÍA DE DERECHOS HUMANOS,Antofagasta,https://transparenciachc.blob.core.windows.net/oc-da/Instituciones_compradoras.zip,2026-03-04T17:59:21.648688+00:00
45288ba6ba0e01a1d29c7b1ebe4695c0b6b841b1615308da33699e7433cdee70,0002,LEGISLATIVO Y JUDICIAL,CÁMARA DE DIPUTADOS DE CHILE,156657,5601,DEPARTAMENTO DE ADQUISICIONES,Valparaíso,https://transparenciachc.blob.core.windows.net/oc-da/Instituciones_compradoras.zip,2026-03-04T17:59:21.648688+00:00
998be39a394dcf98ebf90cea0e34dde9e9c52713b5e5544b04c525fa808ee0c1,1100,OTROS,CUERPO DE BOMBEROS METROPOLITANO SUR,1571884,979901,ADMINISTRACIÓN GENERAL,Metropolitana,https://transparenciachc.blob.core.windows.net/oc-da/Instituciones_compradoras.zip,2026-03-04T17:59:21.648688+00:00
1ad8c6e973fe55256e0d296fd72036df1333c5513c2ee39bd1d6c064b92b8687,2504,OTROS,CENTRO DE FORMACION TECNICA DE LA REGION DEL MAULE,1577422,985737,CENTRO DE FORMACION TECNICA DE LA REGION DEL MAULE,Maule,https://transparenciachc.blob.core.windows.net/oc-da/Instituciones_compradoras.zip,2026-03-04T17:59:21.648688+00:00
8762e196344b280fa71ce7546ea052734840b6a1dcc3258624ece32a767b25f3,0175,OTROS,CENTRO DE FORMACION TECNICA DE LA REGION DE LA ARAUCANIA,1577943,986278,UNIDAD DE COMPRAS Y CONTRATACIONES PÚBLICAS,Araucanía,https://transparenciachc.blob.core.windows.net/oc-da/Instituciones_compradoras.zip,2026-03-04T17:59:21.648688+00:00
98c183b8ec55ec098f0661914bdc6f3245030ef64523a4adfb640bb414f7fae7,9230,LEGISLATIVO Y JUDICIAL,PRIMER TRIBUNAL AMBIENTAL CON ASIENTO EN ANTOFAGASTA,1592385,1001546,PRIMER TRIBUNAL AMBIENTAL,Antofagasta,https://transparenciachc.blob.core.windows.net/oc-da/Instituciones_compradoras.zip,2026-03-04T17:59:21.648688+00:00
312f82409aafc7c27054b836dccbd06c3db1527c617a9bdf575aaf087fc05480,4016,"GOB. CENTRAL, UNIVERSIDADES",DIRECCION DE EDUCACION PUBLICA,1593363,1002584,DIRECCIÓN DE EDUCACIÓN PÚBLICA,Metropolitana,https://transparenciachc.blob.core.windows.net/oc-da/Instituciones_compradoras.zip,2026-03-04T17:59:21.648688+00:00
92d313a7c2db623ddfc52a695999d59b36c2d4b2ac9f618222c88bbc8c2a6d8a,3209,"GOB. CENTRAL, UNIVERSIDADES",SERVICIO LOCAL DE EDUCACION DE PUERTO CORDILLERA,1593366,1088308,ADMINISTRACIÓN DE FONDOS,Coquimbo,https://transparenciachc.blob.core.windows.net/oc-da/Instituciones_compradoras.zip,2026-03-04T17:59:21.648688+00:00
547c205070821bc5000e8521e86d96077d9634cf67efd140c58b151318d9c11d,0216,"GOB. CENTRAL, UNIVERSIDADES",SERVICIO LOCAL DE EDUCACION LAS BARRANCAS,1593370,1229644,UNIDAD DE BIENESTAR,Metropolitana,https://transparenciachc.blob.core.windows.net/oc-da/Instituciones_compradoras.zip,2026-03-04T17:59:21.648688+00:00
25329d629290e1435e3ef31f69502c697a9316c582547ed6a6a5d4a1e7740ce8,2806,OTROS,CENTRO DE FORMACION TECNICA DE LA REGION DE COQUIMBO,1595472,1004823,CENTRO DE FORMACIÓN TÉCNICA REGIÓN DE COQUIMBO,Coquimbo,https://transparenciachc.blob.core.windows.net/oc-da/Instituciones_compradoras.zip,2026-03-04T17:59:21.648688+00:00
dffe35530ea5400d5d045b0d1dd42f99f3da4e145df01ff86fc65778786340b7,2903,OTROS,CENTRO DE FORMACION TECNICA ESTATAL DE LA REGION DE LOS LAGOS,1598310,1007793,RECTORÍA,Los Lagos,https://transparenciachc.blob.core.windows.net/oc-da/Instituciones_compradoras.zip,2026-03-04T17:59:21.648688+00:00
527a4e25225ca12d42cd94a7e340bbf94fa85a62dbe351d4e04d536e1d0392dc,0006,"GOB. CENTRAL, UNIVERSIDADES",CONSEJO NACIONAL DE TELEVISION,1606467,1016414,CNTV,Metropolitana,https://transparenciachc.blob.core.windows.net/oc-da/Instituciones_compradoras.zip,2026-03-04T17:59:21.648688+00:00
3c605e720e1bd122470e72222ec24dc7cf927f898b9f9b3f7110286e28d826dc,3669,"GOB. CENTRAL, UNIVERSIDADES",CONSEJO NACIONAL DE TELEVISION,1606467,1114502,SERVICIO DE BIENESTAR,Metropolitana,https://transparenciachc.blob.core.windows.net/oc-da/Instituciones_compradoras.zip,2026-03-04T17:59:21.648688+00:00
3d01728552cb995f7d56e3d1fc3907fbd259f22e7536218910129dd39f0ef12d,2601,SALUD,CENTRO DE ESPECIALIDAD  DE ATENCION PREHOSPITALARIA SAMU BIO BIO,1616398,1121690,ADMINISTRACION DE FONDOS,Bío-Bío,https://transparenciachc.blob.core.windows.net/oc-da/Instituciones_compradoras.zip,2026-03-04T17:59:21.648688+00:00
f72d77f67c05df608663fc0f919b7a59d31e3997c86e421ad330386ee0630816,3983,"GOB. CENTRAL, UNIVERSIDADES",CENTRO DE FORMACION TECNICA DE LA REGION DE TARAPACA,1620745,1026727,CENTRO DE FORMACIÓN TÉCNICA DE LA REGIÓN DE TARAPA,Tarapacá,https://transparenciachc.blob.core.windows.net/oc-da/Instituciones_compradoras.zip,2026-03-04T17:59:21.648688+00:00
367d600b1df899ffa29fa227c3be9d4b340aa99af869e171f39f7054044b0ea9,2106,SALUD,SERVICIO DE SALUD CHILOE,16223,507428,SERVICIO DE SALUD CHILOÉ,Los Lagos,https://transparenciachc.blob.core.windows.net/oc-da/Instituciones_compradoras.zip,2026-03-04T17:59:21.648688+00:00
899586ccecc92fbe572e8ee8573bc46529410d353301b7d560a39f6e58eb829a,2784,SALUD,SERVICIO DE SALUD CHILOE,16223,3132,HOSPITAL DE ACHAO,Los Lagos,https://transparenciachc.blob.core.windows.net/oc-da/Instituciones_compradoras.zip,2026-03-04T17:59:21.648688+00:00
2bdea068e860efecbd28fd8f9566a9e43459a7d1d3e2f3dff715c258e9ea4a8a,2275,SALUD,SERVICIO DE SALUD CHILOE,16223,2510,HOSPITAL DE CASTRO,Los Lagos,https://transparenciachc.blob.core.windows.net/oc-da/Instituciones_compradoras.zip,2026-03-04T17:59:21.648688+00:00
e8eef1cb1149995c5d0d20d32b09fb8c0c2b44476f32c4464dfaa8bdf357faee,2768,SALUD,SERVICIO DE SALUD CHILOE,16223,2659,HOSPITAL DE QUELLÓN,Los Lagos,https://transparenciachc.blob.core.windows.net/oc-da/Instituciones_compradoras.zip,2026-03-04T17:59:21.648688+00:00
205ecfa6c4922a4bcb211fb0d76b5ce713a125c1538250728ad237df3fca2d8b,8005,SALUD,SERVICIO DE SALUD CHILOE,16223,3043,HOSPITAL DE ANCUD,Los Lagos,https://transparenciachc.blob.core.windows.net/oc-da/Instituciones_compradoras.zip,2026-03-04T17:59:21.648688+00:00
e8e0c5a44a34063ca8a915d465815bb5f68dabcbed24d797670acb2b49248d82,7307,SALUD,SERVICIO DE SALUD CHILOE,16223,3133,HOSPITAL DE QUEILEN,Los Lagos,https://transparenciachc.blob.core.windows.net/oc-da/Instituciones_compradoras.zip,2026-03-04T17:59:21.648688+00:00
b35af1b2249fb5a3895e14f44f545cfde4d2acbf22de62fbb4de5d92f2f6e3ab,3306,"GOB. CENTRAL, UNIVERSIDADES",SERVICIO LOCAL DE EDUCACIÓN PÚBLICA DE HUASCO,1622793,1088348,FONDOS DE TERCEROS,Atacama,https://transparenciachc.blob.core.windows.net/oc-da/Instituciones_compradoras.zip,2026-03-04T17:59:21.648688+00:00
cb8bbfeaa5742303e676a42aaaebef92c1b6f5b04f1b7d9b3f5c02b5dbd8c089,9426,"GOB. CENTRAL, UNIVERSIDADES",SERVICIO LOCAL DE EDUCACIÓN PÚBLICA DE HUASCO,1622793,1248456,UNIDAD DE BIENESTAR,Atacama,https://transparenciachc.blob.core.windows.net/oc-da/Instituciones_compradoras.zip,2026-03-04T17:59:21.648688+00:00
21d5b5f410e6b111189387aa484faca171b3aad483e36e4d73a8429dade36686,2723,"GOB. CENTRAL, UNIVERSIDADES",SERVICIO LOCAL DE EDUCACION COSTA ARAUCANIA,1622818,1087462,ADMINISTRACIÓN FONDOS DE TERCEROS,Araucanía,https://transparenciachc.blob.core.windows.net/oc-da/Instituciones_compradoras.zip,2026-03-04T17:59:21.648688+00:00
41cf954a71ab53df084065ebc9346322c1d5ec34264a00935ca77599c3687327,3700,OTROS,SUBSECRETARIA DEL PATRIMONIO CULTURAL,1623817,1029940,SUBSECRETARÍA DEL PATRIMONIO CULTURAL,Metropolitana,https://transparenciachc.blob.core.windows.net/oc-da/Instituciones_compradoras.zip,2026-03-04T17:59:21.648688+00:00
80baa11a4a9f3e696ae612cd66da5e66d3aa58686869fcdfff272be980788b06,4103,"GOB. CENTRAL, UNIVERSIDADES",DEFENSORIA DE LOS DERECHOS DE LA NIÑEZ,1625610,1062018,UNIDAD DE GESTIÓN INSTITUCIONAL,Valparaíso,https://transparenciachc.blob.core.windows.net/oc-da/Instituciones_compradoras.zip,2026-03-04T17:59:21.648688+00:00
069d945b47ede09262aaf5309378f8eb8b2150624363249c8610799bb0e6a9db,4114,"GOB. CENTRAL, UNIVERSIDADES",CENTRO DE FORMACION TECNICA ESTATAL DE LA REGION DE VALPARAISO,1628819,1035206,ADQUISICIONES,Valparaíso,https://transparenciachc.blob.core.windows.net/oc-da/Instituciones_compradoras.zip,2026-03-04T17:59:21.648688+00:00
41f5e93d26b7dad49fca76964c9873ac9f196762bea587d8b0d75cce5e4fd014,4006,"GOB. CENTRAL, UNIVERSIDADES",CENTRO DE FORMACION TECNICA ESTATAL DE LA REGION DE LOS RIOS,1629281,1035685,DIRECCIÓN ECONÓMICA Y ADMINISTRATIVA.,Los Ríos,https://transparenciachc.blob.core.windows.net/oc-da/Instituciones_compradoras.zip,2026-03-04T17:59:21.648688+00:00
faa15fcf954b7658538ffdb26d9cd53b6180c90a0eaeb1b00e8a097284327319,3905,"GOB. CENTRAL, UNIVERSIDADES",GOBIERNO REGIONAL DE ÑUBLE,1630141,1036569,DIVISIÓN DE ADMINISTRACIÓN Y FINANZAS,Ñuble,https://transparenciachc.blob.core.windows.net/oc-da/Instituciones_compradoras.zip,2026-03-04T17:59:21.648688+00:00
ba5c3f8fc04b97074e0f2011be19b44d7e145504071d799e81fc57d0d8f15523,3100,LEGISLATIVO Y JUDICIAL,TRIBUNAL DE DEFENSA DE LA LIBRE COMPETENCIA,1630701,1037199,ADMINISTRACIÓN Y FINANZAS,Metropolitana,https://transparenciachc.blob.core.windows.net/oc-da/Instituciones_compradoras.zip,2026-03-04T17:59:21.648688+00:00
b7c40b2a6b639b45b0aa259188ddce28b6cabadf9b11390924027feea3c5cf0f,4502,"GOB. CENTRAL, UNIVERSIDADES",DELEGACIÓN PRESIDENCIAL REGIONAL DE ÑUBLE,1636371,1070891,ORASMI,Ñuble,https://transparenciachc.blob.core.windows.net/oc-da/Instituciones_compradoras.zip,2026-03-04T17:59:21.648688+00:00
0d179f2a774e57e2b8a962e4f6da083d3cb08ca978731709650242ec914bcb90,0460,"GOB. CENTRAL, UNIVERSIDADES",GOBERNACION PROVINCIAL DE ITATA,1640450,1047296,GOBERNACION PROVINCIAL DE ITATA,Ñuble,https://transparenciachc.blob.core.windows.net/oc-da/Instituciones_compradoras.zip,2026-03-04T17:59:21.648688+00:00
9d00d3421148e4f0e28a04ffb657d1adaf9fc60713584da19709368b2e9a34ea,3802,"GOB. CENTRAL, UNIVERSIDADES",GOBERNACION PROVINCIAL DIGUILLIN,1641148,1070879,ORASMI,Ñuble,https://transparenciachc.blob.core.windows.net/oc-da/Instituciones_compradoras.zip,2026-03-04T17:59:21.648688+00:00
0ff5a5637bd0e3b1791039e4dbb65352668483990426dccf9381d5c46327cb2d,0478,"GOB. CENTRAL, UNIVERSIDADES",UNIVERSIDAD METROPOLITANA DE CIENCIAS DE LA EDUCACION,164268,777860,PROYECTO DEL FONDO BASAL UMC1298,Metropolitana,https://transparenciachc.blob.core.windows.net/oc-da/Instituciones_compradoras.zip,2026-03-04T17:59:21.648688+00:00
f137a8537a9b225a874b181495f22453628587c74b316ed92062ad604216f08b,4707,"GOB. CENTRAL, UNIVERSIDADES",DELEGACIÓN PRESIDENCIAL PROVINCIAL DE PUNILLA,1645890,1052836,GOBERNACION PROVINCIAL DE PUNILLA,Ñuble,https://transparenciachc.blob.core.windows.net/oc-da/Instituciones_compradoras.zip,2026-03-04T17:59:21.648688+00:00
23d53f2808adc95b7f859c303c3228dba927553795af6d14b72a5e4de7c10a19,3808,SALUD,CENTRO ONCOLOGICO DEL NORTE,1648816,1077920,FARMACO,Antofagasta,https://transparenciachc.blob.core.windows.net/oc-da/Instituciones_compradoras.zip,2026-03-04T17:59:21.648688+00:00
cc2f1e9b76a0ba66ccdb7c413f2be3352fba2ae72fdbc398cf0fcefb344b34ab,5000,MUNICIPALIDADES,MUNICIPALIDAD DE CHOLCHOL,165105,5906,SECPLAN,Araucanía,https://transparenciachc.blob.core.windows.net/oc-da/Instituciones_compradoras.zip,2026-03-04T17:59:21.648688+00:00
98e4c05ee1b57dd1c7a19b519d090b14d8bf059d2f88575b8c1820ee91c9e192,0400,MUNICIPALIDADES,I MUNICIPALIDAD DE CODEGUA,165106,5653,SALUD,Lib. Gral. Bdo. O'Higgins,https://transparenciachc.blob.core.windows.net/oc-da/Instituciones_compradoras.zip,2026-03-04T17:59:21.648688+00:00
d5083303e2b6367456affad772a99912bdce6dbc870cbf0450e68a5c448888e3,3003,MUNICIPALIDADES,I MUNICIPALIDAD DE LAS GUAITECAS,165107,5654,DEPARTAMENTO DE EDUCACIÓN,Aysén,https://transparenciachc.blob.core.windows.net/oc-da/Instituciones_compradoras.zip,2026-03-04T17:59:21.648688+00:00
9a6b94dfb23f775ce9b380f6117e11f818faf6cc45d73b995a37549e1ef702e8,3011,MUNICIPALIDADES,I MUNICIPALIDAD DE LAS GUAITECAS,165107,5655,EMPRESA ELÉCTRICA MUNICIPAL,Aysén,https://transparenciachc.blob.core.windows.net/oc-da/Instituciones_compradoras.zip,2026-03-04T17:59:21.648688+00:00
1ab065944ba0f8391279b782f0abdb8ca4cb7ef76814273d58920eb864f616cf,1400,MUNICIPALIDADES,I MUNICIPALIDAD DE LA ESTRELLA,165285,5684,DEPARTAMENTO SALUD,Lib. Gral. Bdo. O'Higgins,https://transparenciachc.blob.core.windows.net/oc-da/Instituciones_compradoras.zip,2026-03-04T17:59:21.648688+00:00
471da78c1a4d8711a2f398cb23e8d716b949bf006e56cbc8cbafc60e05eba724,5908,OBRAS PÚBLICAS,SERVICIO DE VIVIENDA Y URBANIZACION REGION ÑUBLE,1654650,1085111,TECNICA,Ñuble,https://transparenciachc.blob.core.windows.net/oc-da/Instituciones_compradoras.zip,2026-03-04T17:59:21.648688+00:00
883c2cec631bc7c945cf0e55c22716adfcc673e13e2b37730827fe955957b883,4200,"GOB. CENTRAL, UNIVERSIDADES",SUBSECRETARIA DE LA NIÑEZ,1659065,1067455,SUBSECRETARÍA DE LA NIÑEZ,Metropolitana,https://transparenciachc.blob.core.windows.net/oc-da/Instituciones_compradoras.zip,2026-03-04T17:59:21.648688+00:00
689c6d80ed3c9df810b455cbf8d9ce93b59d08deb5bab9ef22b1b00ddaeac570,5304,SALUD,HOSPITAL DOCTOR ERNESTO TORRES GALDAMES,1662264,1246281,UNIDAD OTROS FONDOS EN ADMINISTRACION,Tarapacá,https://transparenciachc.blob.core.windows.net/oc-da/Instituciones_compradoras.zip,2026-03-04T17:59:21.648688+00:00
44762d377a3bbd7366b86b579ea531bdeb88b46904b47a8fe58c94782997ccf5,5800,"GOB. CENTRAL, UNIVERSIDADES",SUPERINTENDENCIA DE EDUCACIÓN SUPERIOR,1667469,1075952,SUPERINTENDENCIA DE EDUCACIÓN SUPERIOR,Metropolitana,https://transparenciachc.blob.core.windows.net/oc-da/Instituciones_compradoras.zip,2026-03-04T17:59:21.648688+00:00
665f8a16fad2fd357ca566d42168c41d1389ea416c4f88867eae6b146aa4549e,0015,SALUD,SERVICIO DE SALUD ARICA HOSP DR JUAN NOE CREVANI,1667479,1087616,ADMINISTRACIÓN DE FONDOS,Arica y Parinacota,https://transparenciachc.blob.core.windows.net/oc-da/Instituciones_compradoras.zip,2026-03-04T17:59:21.648688+00:00
0d847b2cb20e678db58b9c00a9f9ea5ce94ce7788811667f7d75a28ab8c7d666,0670,"GOB. CENTRAL, UNIVERSIDADES",SUBSECRETARIA DE RELACIONES ECONOMICAS INTERNACIONALES,1674041,1153625,DEPARTAMENTO ADQUISICIONES ME,Metropolitana,https://transparenciachc.blob.core.windows.net/oc-da/Instituciones_compradoras.zip,2026-03-04T17:59:21.648688+00:00
e6b6e6db2605f55e0e13d2a3fbd55439ce1df01636af64176d01c9bad2d56593,6807,"GOB. CENTRAL, UNIVERSIDADES",DIRECCION GENERAL DE PROMOCION DE EXPORTACIONES,1674056,1175532,MN CERTIFICACIÓN DE ORIGEN,Metropolitana,https://transparenciachc.blob.core.windows.net/oc-da/Instituciones_compradoras.zip,2026-03-04T17:59:21.648688+00:00
6fac9452d92485a2ef32b31bb8fbb8443553ce33e10a2fdc7589e18378da1fde,4986,OTROS,ASOCIACIÓN DE MUNICIPALIDADES RURALES DEL NORTE CHICO,1675202,1084140,ASOCIACIÓN DE MUNICIPALIDADES RURALES DEL NORTE CHICO,Coquimbo,https://transparenciachc.blob.core.windows.net/oc-da/Instituciones_compradoras.zip,2026-03-04T17:59:21.648688+00:00
5f57a37aa3332929b26e4af2a25a56d9bb9240298d0e179e8bcc796bc4248d82,6602,"GOB. CENTRAL, UNIVERSIDADES",SERVICIO LOCAL DE EDUCACION DE CHINCHORRO,1675210,1184413,SLEPCH - FET - PROGRAMA 50,Arica y Parinacota,https://transparenciachc.blob.core.windows.net/oc-da/Instituciones_compradoras.zip,2026-03-04T17:59:21.648688+00:00
305e15210ed8bc00ba3da9f9fad26db01cef8324ca0b4f99b9e2493cd3981514,8907,"GOB. CENTRAL, UNIVERSIDADES",GOBIERNO REGIONAL DE ARICA-PARINACOTA,267965,6333,GOBIERNO REGIONAL DE ARICA-PARINACOTA,Arica y Parinacota,https://transparenciachc.blob.core.windows.net/oc-da/Instituciones_compradoras.zip,2026-03-04T17:59:21.648688+00:00
66f0b754f8807c5cbf8535db7822028edb82e7dda75e5f96bc6a5ea537bc6eb4,6726,"GOB. CENTRAL, UNIVERSIDADES",SERVICIO LOCAL DE EDUCACION PUBLICA ANDALIEN SUR,1675218,1084156,COMPRAS Y LICITACIONES,Bío-Bío,https://transparenciachc.blob.core.windows.net/oc-da/Instituciones_compradoras.zip,2026-03-04T17:59:21.648688+00:00
287021a5d59069a780b380ae3a403f79742fdc8819fb3f43f1e828127e14619a,6505,"GOB. CENTRAL, UNIVERSIDADES",SERVICIO LOCAL DE EDUCACION PUBLICA DE GABRIELA MISTRAL,1675231,1113403,SLEP GABRIELA MISTRAL  P02,Valparaíso,https://transparenciachc.blob.core.windows.net/oc-da/Instituciones_compradoras.zip,2026-03-04T17:59:21.648688+00:00
f53885887fc2d2d3f14ce69f8114982dc4be36208912fed40221d364ce945832,7102,"GOB. CENTRAL, UNIVERSIDADES",INSTITUTO NACIONAL DE DESARROLLO SUSTENTABLE DE LA PESCA ARTESANAL Y A,1682711,1091793,SECCIÓN ABASTECIMIENTO,Tarapacá,https://transparenciachc.blob.core.windows.net/oc-da/Instituciones_compradoras.zip,2026-03-04T17:59:21.648688+00:00
27758ff6a9453abd69f83557933a8affef999edfed64291f9e39a5d80b5f8264,3030,"GOB. CENTRAL, UNIVERSIDADES",SUBSECRETARIA DE EDUCACION SUPERIOR,1684746,1259197,COMPRA ÁGIL - COMUNICACIONES,Metropolitana,https://transparenciachc.blob.core.windows.net/oc-da/Instituciones_compradoras.zip,2026-03-04T17:59:21.648688+00:00
46d1706df9326d65b2572cc9726c2f2a5c18cd9ce20d4259e62e75a409582734,5605,SALUD,CONSULTORIO GENERAL URBANO SAN FELIPE,1688781,1111432,BIENES Y SERVICIOS,Valparaíso,https://transparenciachc.blob.core.windows.net/oc-da/Instituciones_compradoras.zip,2026-03-04T17:59:21.648688+00:00
c7913cd45995f6c92d85958084e4d1d585b5a94633d266c6d3e6f7cb341849f5,5702,SALUD,CONSULTORIO GENERAL N°2 DE LOS ANDES,1688783,1108338,CENTRO DE SALUD CORDILLERA ANDINA,Valparaíso,https://transparenciachc.blob.core.windows.net/oc-da/Instituciones_compradoras.zip,2026-03-04T17:59:21.648688+00:00
a5e97b499911c5204c23571eabc9ce30df57c1ee883bf19bb3a69e1d3a65e0c9,6203,SALUD,CENTRO DE SALUD FAMILIAR CESFAM LLAY LLAY,1688785,1112405,FÁRMACOS,Valparaíso,https://transparenciachc.blob.core.windows.net/oc-da/Instituciones_compradoras.zip,2026-03-04T17:59:21.648688+00:00
d500127f8234359f56ecf2f570ac1d0ebc5db22de61bbcaf81e2782c880f9fff,6300,SALUD,CENTRO SALUD MENTAL COMUNITARIA LOS ANDES,1688788,1099899,BIENES Y SERVICIOS,Valparaíso,https://transparenciachc.blob.core.windows.net/oc-da/Instituciones_compradoras.zip,2026-03-04T17:59:21.648688+00:00
32a712f845dd34cdb15654ff8e5edd9f4be5566a65137817078130b54d613422,6408,SALUD,CENTRO DE SALUD MENTAL COMUNITARIA SAN FELIPE,1688789,1100572,ADMINISTRACIÓN DE FONDOS,Valparaíso,https://transparenciachc.blob.core.windows.net/oc-da/Instituciones_compradoras.zip,2026-03-04T17:59:21.648688+00:00
1e4b01f8d4369e335ddd8300f61b0d744b22b53033612085d9f6ca0906932f5d,7404,"GOB. CENTRAL, UNIVERSIDADES","SUBSECRETARIA DE CIENCIA, TECNOLOGIA, CONOCIMIENTO E INNOVACION",1689493,1273563,SERVICIO DE BIENESTAR,Metropolitana,https://transparenciachc.blob.core.windows.net/oc-da/Instituciones_compradoras.zip,2026-03-04T17:59:21.648688+00:00
9aa31881c68248737d1631ed098f755d8846423a8595e764d322f2d8c48ca88a,7005,OTROS,CONSEJO FISCAL AUTONOMO,1692048,1101340,GERENCIA,Metropolitana,https://transparenciachc.blob.core.windows.net/oc-da/Instituciones_compradoras.zip,2026-03-04T17:59:21.648688+00:00
f9bbcd9a4e745929d07116eee091e4bc3deaef895bdef432f4dd6a4611e76d2a,7501,OTROS,CENTRO DE FORMACION TECNICA DE LA REGION METROPOLITANA DE SANTIAGO,1696874,1106245,CENTRO DE FORMACION TECNICA DE LA REGION METROPOLI,Metropolitana,https://transparenciachc.blob.core.windows.net/oc-da/Instituciones_compradoras.zip,2026-03-04T17:59:21.648688+00:00
12f545f2df20d2ba79233f241b87df660b69a50afa0136b51eb5f1bf833204b2,0003,OTROS,FUND DE COMUNICACIONES CAPACITACION Y CULTURA DEL AGRO,1699238,1108660,"FUNDACIÓN DE COMUNICACIONES, CAPACITACIÓN Y CULTURA DEL AGRO - FUCOA",Metropolitana,https://transparenciachc.blob.core.windows.net/oc-da/Instituciones_compradoras.zip,2026-03-04T17:59:21.648688+00:00
d81f3257b8c715578de7cfe6c67a250203de3e247a9d9563ff8d7e16fcb0d849,7609,"GOB. CENTRAL, UNIVERSIDADES",CENTRO DE FORMACION TECNICA ESTATAL DE MAGALLANES Y ANTARTICA CHILENA,1700248,1109692,CENTRO DE FORMACION TECNICA ESTATAL DE MAGALLANES,Magallanes y Antártica,https://transparenciachc.blob.core.windows.net/oc-da/Instituciones_compradoras.zip,2026-03-04T17:59:21.648688+00:00
722a739f0c785313912d25a7a3de495312f77a2fc9b635faa53c17c6c3c57086,7706,"GOB. CENTRAL, UNIVERSIDADES",CENTRO DE FORMACION TECNICA DE LA REGION DE ANTOFAGASTA,1703725,1267913,UNIDAD DE VINCULACION CON EL MEDIO,Antofagasta,https://transparenciachc.blob.core.windows.net/oc-da/Instituciones_compradoras.zip,2026-03-04T17:59:21.648688+00:00
b2f9206aba46d418f9e4699a2ec7b007f2293ea5523439be8ee04bc9079bc9f0,7900,OTROS,SERVICIO LOCAL DE EDUCACION PUBLICA DE COLCHAGUA,1717135,1233753,SERVICIO DE BIENESTAR SLEP COLCHAGUA,Lib. Gral. Bdo. O'Higgins,https://transparenciachc.blob.core.windows.net/oc-da/Instituciones_compradoras.zip,2026-03-04T17:59:21.648688+00:00
c59a66ef441b9e83fee7fbe226c19c1c830cb4d011e33fabfd79411aca3c20bf,8001,OTROS,SERVICIO LOCAL DE EDUCACION PUBLICA DE LLANQUIHUE,1717137,1126922,SERVICIO LOCAL DE EDUCACION PUBLICA DE LLANQUIHUE,Los Lagos,https://transparenciachc.blob.core.windows.net/oc-da/Instituciones_compradoras.zip,2026-03-04T17:59:21.648688+00:00
497f402b8280a85e46474764e12caab3f7fe96d48ef9b3754549b1d8fc212701,8206,OTROS,SERVICIO LOCAL DE EDUCACION PUBLICA DE VALPARAISO,1722523,1250669,FONDOS EXTRAPRESUPUESTARIOS,Valparaíso,https://transparenciachc.blob.core.windows.net/oc-da/Instituciones_compradoras.zip,2026-03-04T17:59:21.648688+00:00
9669c15d1d95275a5b875e194c69099a0580819384065b2862e65a7ad5b86fdb,8109,OTROS,SERVICIO LOCAL DE EDUCACION PÚBLICA DE ATACAMA,1723291,1191730,FONDOS NO AFECTOS A LEY,Atacama,https://transparenciachc.blob.core.windows.net/oc-da/Instituciones_compradoras.zip,2026-03-04T17:59:21.648688+00:00
ce9713f68c41f55684e1a2001498dabc7d073772dc903a0261e72cedb123d968,3044,OTROS,CORPORACION DE LA CULTURA Y LAS ARTES DE LA ILUSTRE MUNICIPALIDAD DE R,1727682,1137833,ADMINISTRACIÓN Y FINANZAS,Lib. Gral. Bdo. O'Higgins,https://transparenciachc.blob.core.windows.net/oc-da/Instituciones_compradoras.zip,2026-03-04T17:59:21.648688+00:00
7618b89cd4d4b591415056107ac650619acd75205aaed8ccd93821bb31af584f,0008,OTROS,FUNDACIÓN PARA LA INNOVACIÓN AGRARIA,1736867,1147293,ÁREA DE SERVICIOS GENERALES Y ADQUISICIONES,Metropolitana,https://transparenciachc.blob.core.windows.net/oc-da/Instituciones_compradoras.zip,2026-03-04T17:59:21.648688+00:00
1d6a5b306202962c2841b721436e10cde7732ab09c77f3ed2f8fd3bb8df07f91,7104,OTROS,CENTRO DE FORMACIÓN TÉCNICA ESTATAL REGIÓN ARICA Y PARINACOTA,1741019,1151549,CENTRO DE FORMACIÓN TÉCNICA ESTATAL REGIÓN DE ARIC,Arica y Parinacota,https://transparenciachc.blob.core.windows.net/oc-da/Instituciones_compradoras.zip,2026-03-04T17:59:21.648688+00:00
d455a4e6b6aff576189dd0c1e4f9a1703874cad5a00b35f4ca189811b4a34154,5734,OTROS,CENTRO DE FORMACION TECNICA DE LA REGION DE ATACAMA,1741046,1151575,CENTRO DE FORMACION TECNICA DE LA REGION DE ATACAM,Atacama,https://transparenciachc.blob.core.windows.net/oc-da/Instituciones_compradoras.zip,2026-03-04T17:59:21.648688+00:00
267b767d4a56af93a25c6aa5f39e32e000dc059d32d0248a37ee436189067603,0007,OTROS,EMPRESA DE LOS FERROCARRILES DEL ESTADO,1743886,1154491,EFE MATRIZ,Metropolitana,https://transparenciachc.blob.core.windows.net/oc-da/Instituciones_compradoras.zip,2026-03-04T17:59:21.648688+00:00
a29b4edea9e68ac3ad15a45e781a22c8eb0177241a1d23f97b6afe8b6613b528,0708,OTROS,EMPRESA DE LOS FERROCARRILES DEL ESTADO,1743886,1156450,FCALP,Arica y Parinacota,https://transparenciachc.blob.core.windows.net/oc-da/Instituciones_compradoras.zip,2026-03-04T17:59:21.648688+00:00
ea5205745976fee16d56818c724873478103c6e0a6759ff512a03e5be90f9e3a,3102,OTROS,EMPRESA DE LOS FERROCARRILES DEL ESTADO,1743886,1156454,FESUR,Bío-Bío,https://transparenciachc.blob.core.windows.net/oc-da/Instituciones_compradoras.zip,2026-03-04T17:59:21.648688+00:00
67898816bc9453e3972de6fe9bfa75ddab1514b255da77f986da501ba2c65e8d,3409,OTROS,EMPRESA DE LOS FERROCARRILES DEL ESTADO,1743886,1156456,MERVAL,Valparaíso,https://transparenciachc.blob.core.windows.net/oc-da/Instituciones_compradoras.zip,2026-03-04T17:59:21.648688+00:00
e6dbf9b43a0237e4fbf219e3fd16ab1728f2e90c7987021ebda3bf36edc13c59,6320,OTROS,EMPRESA DE LOS FERROCARRILES DEL ESTADO,1743886,1156459,TCENTRAL,Metropolitana,https://transparenciachc.blob.core.windows.net/oc-da/Instituciones_compradoras.zip,2026-03-04T17:59:21.648688+00:00
59b5c0cab24c56299e4d79a587eb8f9d4ef7c29592868dcae90807a6cd228d32,0007,LEGISLATIVO Y JUDICIAL,SENADO DE LA REPUBLICA,174692,6429,RELACIONES PUBLICAS,Valparaíso,https://transparenciachc.blob.core.windows.net/oc-da/Instituciones_compradoras.zip,2026-03-04T17:59:21.648688+00:00
60b87c47b8cf11d2bd57ba39d9fc570a7ad021cb1d07c7aab42e0d68304d3ece,8303,OTROS,HOSPITAL COMPLEJO ASISTENCIAL PADRE LAS CASAS,1759990,1208446,BIENESTAR,Araucanía,https://transparenciachc.blob.core.windows.net/oc-da/Instituciones_compradoras.zip,2026-03-04T17:59:21.648688+00:00
6041819e882c91a391b6640762e824a4f443b32f42384568968e40c5b81939fc,8907,OTROS,SERVICIO NACIONAL DE PROTECCIÓN ESPECIALIZADA A LA NIÑEZ Y ADOLESCENCI,1765960,1240245,COMPRAS CONVENIO GORE COQUIMBO,Coquimbo,https://transparenciachc.blob.core.windows.net/oc-da/Instituciones_compradoras.zip,2026-03-04T17:59:21.648688+00:00
f91172feeb92927cc9317f0f3684029052891f98b9158c12d46884f97ff8cefd,1315,OTROS,CENTRO DE FORMACIÓN TÉCNICA DE LA REGIÓN DE AYSÉN DEL GENERAL CARLOS I,1771237,1182705,FINANZAS,Aysén,https://transparenciachc.blob.core.windows.net/oc-da/Instituciones_compradoras.zip,2026-03-04T17:59:21.648688+00:00
fb48a442c0572b82dd464c80b30e4ff8f1cfb8afaef726441bdfa3d452f99488,1226,OTROS,CENTRO DE FORMACIÓN TÉCNICA ESTATAL DE LA REGIÓN DEL LIBERTADOR GENERA,1772424,1183926,CENTRO DE FORMACIÓN TÉCNICA ESTATAL DE LA REGIÓN D,Lib. Gral. Bdo. O'Higgins,https://transparenciachc.blob.core.windows.net/oc-da/Instituciones_compradoras.zip,2026-03-04T17:59:21.648688+00:00
91643316883ffd6a9a892a4088af2f5a0117d9bee0d847088445c864d4181cd6,9202,OTROS,SERVICIO NACIONAL DE MIGRACIONES,1783361,1294954,PROYECTO EMPADRONAMIENTO BIOMÉTRICO,Metropolitana,https://transparenciachc.blob.core.windows.net/oc-da/Instituciones_compradoras.zip,2026-03-04T17:59:21.648688+00:00
f44b6914d117ea0813e9cbacb0a0a2999f67c7d1d045426bb14db1caf9146b31,8521,OTROS,CENTRO DE FORMACIÓN TÉCNICA ESTATAL DE LA REGIÓN DEL BIOBÍO,1796821,1208910,CFTE DEL BIOBIO,Bío-Bío,https://transparenciachc.blob.core.windows.net/oc-da/Instituciones_compradoras.zip,2026-03-04T17:59:21.648688+00:00
a893d21686f1dfc439815ad1c97d594bf15d6fa4f6f1760aa4a6725285800888,4001,OTROS,CORP MUNIC EDUC SALUD Y ATENCION,1799669,1211839,DEPARTAMENTO DE ABASTECIMIENTO,Metropolitana,https://transparenciachc.blob.core.windows.net/oc-da/Instituciones_compradoras.zip,2026-03-04T17:59:21.648688+00:00
ca211f85d9fd4f8e2ce29389656091b7fbb8180ce68a016932c9b8166b21e23d,5851,OTROS,CORPORACIÓN YUNUS,1799808,1211992,CORPORACIÓN YUNUS,Metropolitana,https://transparenciachc.blob.core.windows.net/oc-da/Instituciones_compradoras.zip,2026-03-04T17:59:21.648688+00:00
11eceeb5ef7d1c99793fd762cc060d93a473a38b01bed00604f6382560ceb533,3006,OTROS,CORP MUNICIPAL DE EDUCACION Y SAL,1800773,1213002,DEPARTAMENTO DE ADQUISICIONES,Metropolitana,https://transparenciachc.blob.core.windows.net/oc-da/Instituciones_compradoras.zip,2026-03-04T17:59:21.648688+00:00
fda5f3ffd572cead7c4cb3331b60d36e10787759c680fc8512b62b61cf30785c,4009,OTROS,CORP MUNICIPAL DE DESARROLLO SOCIAL DE POZO ALMONTE,1800776,1266113,ADQUISICIONES CEMENTERIOS,Tarapacá,https://transparenciachc.blob.core.windows.net/oc-da/Instituciones_compradoras.zip,2026-03-04T17:59:21.648688+00:00
a4c1e9d1b82dde67bc4bab046d0233381be8a6ae2f9a2123934754df2c300542,6001,OTROS,CORP MUNICIPAL SAN FERNANDO PARA LA ATENCION MENORES Y LAS A DE E Y S,1801205,1213444,ADQUISICIONES,Lib. Gral. Bdo. O'Higgins,https://transparenciachc.blob.core.windows.net/oc-da/Instituciones_compradoras.zip,2026-03-04T17:59:21.648688+00:00
c14b3a572a01c249552cd6659b609da02e22be103c1f96f3429294974d01a0a6,3812,OTROS,CORPORACION DE DEPORTES DE PADRE HURTADO,1801801,1214055,CORPORACIÓN DE DEPORTE,Metropolitana,https://transparenciachc.blob.core.windows.net/oc-da/Instituciones_compradoras.zip,2026-03-04T17:59:21.648688+00:00
aaa45243e4c870a848d34444d622f0dc66d20c9cb2aeea250265377f8382a75c,9488,OTROS,CORPORACION CULTURAL DE LA COMUNA DE LA PINTANA,1801803,1214057,DEPARTAMENTO DE ADMINISTRACION Y FINANZAS,Metropolitana,https://transparenciachc.blob.core.windows.net/oc-da/Instituciones_compradoras.zip,2026-03-04T17:59:21.648688+00:00
25c25a6301b102cd56ffccf9e152c94992ee9a332225bf1768d7d393938a1399,4811,OTROS,CORPORACIÓN MUNICIPAL DE DEPORTE Y RECREACIÓN DE ZAPALLAR,1801806,1214062,ADQUISICIONES DEPORTE,Valparaíso,https://transparenciachc.blob.core.windows.net/oc-da/Instituciones_compradoras.zip,2026-03-04T17:59:21.648688+00:00
202a3dcdd64988a83a55a46b8ce8f5ddf196534f5b71ce5766ca9c6c4b5f3745,1002,OTROS,CORP MUNICIPAL DE CONCHALI DE EDUCACION SALUD Y ATENCION DE MENORES,1801813,1247197,PLANIFICACIÓN,Metropolitana,https://transparenciachc.blob.core.windows.net/oc-da/Instituciones_compradoras.zip,2026-03-04T17:59:21.648688+00:00
bbed54156c67519401e37248926e841ea3880220bb9f364f75447f1da6ff8b58,1902,OTROS,CORPORACION MUNICIPAL PARA EL DESARROLLO CULTURAL DE TEMUCO,1801817,1214071,GESTIÓN DE COMPRAS PUBLICAS,Araucanía,https://transparenciachc.blob.core.windows.net/oc-da/Instituciones_compradoras.zip,2026-03-04T17:59:21.648688+00:00
fe131ff153648071dcefd454a27a0b326b31047153b6d4418858cf297e4bcd1d,2004,OTROS,CORP MUNICIPAL DE DESARROLLO SOCIAL DE PUDAHUEL,1801848,1214102,ADQUISICIONES,Metropolitana,https://transparenciachc.blob.core.windows.net/oc-da/Instituciones_compradoras.zip,2026-03-04T17:59:21.648688+00:00
a734c56c77663e971c2fb1dbcf6683fb94367cd330009080f77d13ba8f2ae369,9015,OTROS,CORPORACIÓN CULTURAL MUNICIPAL DE PUENTE ALTO,1801849,1214103,FINANZAS,Metropolitana,https://transparenciachc.blob.core.windows.net/oc-da/Instituciones_compradoras.zip,2026-03-04T17:59:21.648688+00:00
6c9cf5fc91d1c55f38085e6bb2735cd99c0983bb12748bb1e30eb757e8bd9d7a,6291,OTROS,CORPORACIÓN MUNICIPAL DE DEPORTES Y RECREACIÓN TALCAHUANO,1801851,1214105,ADQUISICIONES,Bío-Bío,https://transparenciachc.blob.core.windows.net/oc-da/Instituciones_compradoras.zip,2026-03-04T17:59:21.648688+00:00
787ad961acfd06ebac82402c98df6697aeab1d5fffb6f29a696b7c82ea6e6dab,5808,OTROS,CONSULTORIO EXTERNO VALDIVIA,1802401,1218395,FARMACOS,Los Ríos,https://transparenciachc.blob.core.windows.net/oc-da/Instituciones_compradoras.zip,2026-03-04T17:59:21.648688+00:00
b0be0be4ed2a4bcdf5a4ea58bcf13e9526a7482bd1d14b682789b4463e059193,5000,OTROS,CORPORACIÓN MUNICIPAL CURACO DE VÉLEZ,1803787,1302302,SALUD CORPORACIÓN,Sin información,https://transparenciachc.blob.core.windows.net/oc-da/Instituciones_compradoras.zip,2026-03-04T17:59:21.648688+00:00
de5cb9f201e4eeed582956b6b9e208119f1ee30324dc8140e3a23f975990e539,2004,OTROS,CORPORACIÓN MUNICIPAL DE LO PRADO,1803791,1216062,CORPORACIÓN MUNICIPAL DE LO PRADO,Metropolitana,https://transparenciachc.blob.core.windows.net/oc-da/Instituciones_compradoras.zip,2026-03-04T17:59:21.648688+00:00
6a57bcd7b1495899148561d790bf46b53e3f67a3e4a7d1e03928f1f501f08399,2001,OTROS,CORP MUNICIPAL DE DESARROLLO SOCIAL DE LAMPA,1803800,1271359,DEPARTAMENTO DE ABASTECIMIENTO ÁREA LICITACIONES,Metropolitana,https://transparenciachc.blob.core.windows.net/oc-da/Instituciones_compradoras.zip,2026-03-04T17:59:21.648688+00:00
42ecd3e5cc37092d8966b100dfc7bd84b6e091e704ad0c4ded2a4a57cd80d347,7429,OTROS,CORPORACION DE DEPORTES DE LA MUNICIPALIDAD DE CURICO,1803806,1216077,UNIDAD DE COMPRA CORPORACION AQUISICIONES,Maule,https://transparenciachc.blob.core.windows.net/oc-da/Instituciones_compradoras.zip,2026-03-04T17:59:21.648688+00:00
6790f015f2c405fb000570b01b67bfe0efe0c8dd634d6754687f55a46615aa39,4237,OTROS,CORPORACION MUNICIPAL DE FOMENTO AL DESARROLLO ECONOMICO Y PRODUCTIVO,1803812,1216083,CORPORACION MUNICIPAL DE FOMENTO AL DESARROLLO ECO,Maule,https://transparenciachc.blob.core.windows.net/oc-da/Instituciones_compradoras.zip,2026-03-04T17:59:21.648688+00:00
115d3fefc486172b78ed969272bdd961b5da0f4456f585ff76d577cf90ac1f5b,6005,OTROS,CORP MUNICIPAL PARA EL DESARROLLO SOCIAL,1803814,1216085,ADQUISICIONES,Valparaíso,https://transparenciachc.blob.core.windows.net/oc-da/Instituciones_compradoras.zip,2026-03-04T17:59:21.648688+00:00
54833393f416e5d070d87fbaebdca66a73f21cb879d369d6808197221505b485,1219,OTROS,CORPORACION MUNICIPAL DE DEPORTES DE PUENTE ALTO,1803817,1216088,ADMINISTRACIÓN Y FINANZAS,Metropolitana,https://transparenciachc.blob.core.windows.net/oc-da/Instituciones_compradoras.zip,2026-03-04T17:59:21.648688+00:00
004a6afda53a8196fca6fc6487b86c9326d9a1d32c1aa2d9004cb6b63ccecad7,6007,OTROS,CORP CULTURAL DE LA MUNICIPALIDAD DE CURICO,1803819,1216090,UNIDAD DE COMPRA FINANZAS,Maule,https://transparenciachc.blob.core.windows.net/oc-da/Instituciones_compradoras.zip,2026-03-04T17:59:21.648688+00:00
0a3f3695196b37bfa705e12786ee89754a76057cd7f825345c0c24c67ed2dc92,8400,OTROS,CORPORACION MUNICIPAL DE DEPORTES DE LA PINTANA,1805043,1217357,CORPORACION MUNICIPAL DE DEPORTES DE LA PINTANA,Sin información,https://transparenciachc.blob.core.windows.net/oc-da/Instituciones_compradoras.zip,2026-03-04T17:59:21.648688+00:00
895d4e0e95439aef73b9df4b4f1a3acb3049dd2d40165818f40571d338f8f754,4450,OTROS,CORPORACION MUNICIPAL DE CULTURA Y TURISMO DE LA COMUNA DE QUINTERO,1806052,1218392,FINANZAS,Valparaíso,https://transparenciachc.blob.core.windows.net/oc-da/Instituciones_compradoras.zip,2026-03-04T17:59:21.648688+00:00
f6281a04cfd962d5e2e85da28bf6b4f6e5b8b683a87757c1d0789ba6e3dbd9b7,0930,OTROS,DEFENSORÍA DEL CONTRIBUYENTE,1806732,1219102,DEFENSORÍA DEL CONTRIBUYENTE,Metropolitana,https://transparenciachc.blob.core.windows.net/oc-da/Instituciones_compradoras.zip,2026-03-04T17:59:21.648688+00:00
4464ebbedfc229031b63b27278d2dc1ac04393920d4d2697039c7d2d0d05f2c9,9063,OTROS,ASOCIACIÓN PARA EL DESARROLLO PRODUCTIVO DEL TURISMO ALTO DEL CARMEN,1806837,1219213,CORPORACIÓN TURISMO ALTO DEL CARMEN,Atacama,https://transparenciachc.blob.core.windows.net/oc-da/Instituciones_compradoras.zip,2026-03-04T17:59:21.648688+00:00
b625823ed0d39a04390affd0197d380b09b1643fbd8eee6250b33b2051b3ca1c,3192,OTROS,CORPORACIÓN MUNICIPAL PUEBLITO DE LAS VIZCACHAS,1806867,1219241,DEPARTAMENTO DE ADQUISICIONES,Metropolitana,https://transparenciachc.blob.core.windows.net/oc-da/Instituciones_compradoras.zip,2026-03-04T17:59:21.648688+00:00
498ab577002757b4d9addcefd68e5b3b98183900f4a51237efc44a606ef0b0e8,2793,OTROS,CORPORACIÓN DE CULTURA ISLA DE MAIPO,1806878,1219252,CORPORACIÓN DE CULTURA ISLA DE MAIPO,Metropolitana,https://transparenciachc.blob.core.windows.net/oc-da/Instituciones_compradoras.zip,2026-03-04T17:59:21.648688+00:00
9728a8a565bcc0229720ea84c7cb7623af34dcf6edc2b0de63f35b424448057c,0006,OTROS,CORPORACIÓN DE DESARROLLO DE LA REINA,1808595,1221016,CORPORACIÓN DE DESARROLLO DE LA REINA,Metropolitana,https://transparenciachc.blob.core.windows.net/oc-da/Instituciones_compradoras.zip,2026-03-04T17:59:21.648688+00:00
aea102fc4e5fb8b0b072ee7b92a0fedb57b724349847278a976124f866c8e634,0471,OTROS,CORPORACIÓN MUNICIPAL DE DEPORTE  DE VITACURA,1808599,1221019,CORPORACIÓN,Metropolitana,https://transparenciachc.blob.core.windows.net/oc-da/Instituciones_compradoras.zip,2026-03-04T17:59:21.648688+00:00
e53fd8759bc4698714c6e571f5e91d7536ff001688d72814f050cffbdc1c1db6,9754,OTROS,CORPORACIÓN MUNICIPAL DE DEPORTE DE SALAMANCA,1809257,1221689,CORPORACIÓN MUNICIPAL DE DEPORTE DE SALAMANCA,Coquimbo,https://transparenciachc.blob.core.windows.net/oc-da/Instituciones_compradoras.zip,2026-03-04T17:59:21.648688+00:00
cbe5c0d8a452f3f0274a0de68dc70836a47bb9268da051d822890849474cefab,0001,OTROS,ACADEMIA NACIONAL DE ESTUDIOS POLITICOS Y ESTRATEGICOS,1809839,1222283,DEPARTAMENTO DE FINANZAS Y ADQUISICIONES,Metropolitana,https://transparenciachc.blob.core.windows.net/oc-da/Instituciones_compradoras.zip,2026-03-04T17:59:21.648688+00:00
f20893f444aac93ea569dba30ea4b4bd5578a6d0cf5b83008acf593c00013a80,9288,OTROS,CORPORACION MUNICIPAL DE DEPORTES DE RANCAGUA,1811051,1223542,CORPORACION MUNICIPAL DE DEPORTES DE RANCAGUA,Lib. Gral. Bdo. O'Higgins,https://transparenciachc.blob.core.windows.net/oc-da/Instituciones_compradoras.zip,2026-03-04T17:59:21.648688+00:00
82a659016b481ef98c0de192cd5b899466acf984b82e271e05d4b348f04d2be6,2004,OTROS,CORP MUNICIPAL DE DESARROLLO SOCIAL DE CALERA DE TANGO,1812146,1251185,ADQUISIONES EDUCACIÓN,Metropolitana,https://transparenciachc.blob.core.windows.net/oc-da/Instituciones_compradoras.zip,2026-03-04T17:59:21.648688+00:00
d631f8a08f5f080933ea7da134e4b85a6f55b6be493f5431ff1354d7a2d125b1,3239,OTROS,FUNDACION PARA EL DESARROLLO DE LA CULTURA Y LAS ARTES DE LA COMUNA DE,1812266,1224792,FUNDACIÓN PARA EL DESARROLLO DE LA CULTURA Y LAS ARTES DE LA COMUNA DE PUNTA ARENAS,Magallanes y Antártica,https://transparenciachc.blob.core.windows.net/oc-da/Instituciones_compradoras.zip,2026-03-04T17:59:21.648688+00:00
a5a0f05c2b746b1df72ed7f3ae7fb37ee1e050403c646d2218aa2aa3ed0f1787,7564,OTROS,CORPORACION MUNICIPAL PARA EL DESARROLLO COMUNAL SOL DE ATACAMA,1812413,1224945,CORPORACIÓN,Atacama,https://transparenciachc.blob.core.windows.net/oc-da/Instituciones_compradoras.zip,2026-03-04T17:59:21.648688+00:00
ecdf92da3a0d9fd4115e3c84519d821cb07ed137c0b58a50c5286b9546f52c64,7008,OTROS,CORP MUNICIP ANCUD PARA LA EDUCAC SALUD,1812422,1224953,UNIDAD DE COMPRAS PÚBLICAS,Los Lagos,https://transparenciachc.blob.core.windows.net/oc-da/Instituciones_compradoras.zip,2026-03-04T17:59:21.648688+00:00
1368dc75a90ec801792d116bf02ca3c975715c68d1e8519aaf80a487e1149bd1,2800,OTROS,CORP MUNICIPAL DE DESARROLLO SOCIAL DE NUNOA,1812426,1236896,UNIDAD DE EDUCACIÓN,Metropolitana,https://transparenciachc.blob.core.windows.net/oc-da/Instituciones_compradoras.zip,2026-03-04T17:59:21.648688+00:00
80af372ce416d3fb5198cfe15fe07b51f4760284e30e17b907c57cb1702a592c,0701,OTROS,CORP CULTURAL DE OSORNO,1812443,1224974,ADQUISICIONES,Los Lagos,https://transparenciachc.blob.core.windows.net/oc-da/Instituciones_compradoras.zip,2026-03-04T17:59:21.648688+00:00
d0b188277a0ff0f8648d70078fbd26e2ff93751ba45de6fd37a2bdcff6d56f73,8169,OTROS,CORPORACION MUNICIPAL DE DEPORTES Y RECREACION DE TEMUCO,1812445,1224976,CORPORACION MUNICIPAL DE DEPORTES Y RECREACION DE,Araucanía,https://transparenciachc.blob.core.windows.net/oc-da/Instituciones_compradoras.zip,2026-03-04T17:59:21.648688+00:00
a7ab44d0db505947b67b9b7e62e492827f4b0b63dcdae9044aa20b6a56f5ecd3,0532,OTROS,CORPORACIÓN CULTURAL MUNICIPALIDAD DEL MAULE,1812451,1224982,CORPORACIÓN CULTURAL MUNICIPALIDAD DEL MAULE,Maule,https://transparenciachc.blob.core.windows.net/oc-da/Instituciones_compradoras.zip,2026-03-04T17:59:21.648688+00:00
130a25841ddb66a3fb9b3e88f17e272cfc9cc00b4a9eacca63960df713e1e79f,2010,OTROS,CORPORACIÓN MUNICIPAL DE DEPORTES DE MAULE,1812754,1225288,CORPORACIÓN DE DEPORTES,Maule,https://transparenciachc.blob.core.windows.net/oc-da/Instituciones_compradoras.zip,2026-03-04T17:59:21.648688+00:00
58b44a748b70d9bd2432b86601a862e6df986e4b090d41406e102f6958214167,1007,OTROS,CORPORACION CULTURAL DE PENALOLEN,1814748,1227338,ADMINISTRACIÓN Y FINANZAS,Sin información,https://transparenciachc.blob.core.windows.net/oc-da/Instituciones_compradoras.zip,2026-03-04T17:59:21.648688+00:00
1e728c26840293d7c093ee877f206d2fb8605edbdcc96d17f1552f344ea053a8,8206,OTROS,CORPORACIÓN PARA EL DESARROLLO DE LA PROVINCIA DE OSORNO,1817958,1230626,CORPORACIÓN PARA EL DESARROLLO DE LA PROVINCIA DE OSORNO,Los Lagos,https://transparenciachc.blob.core.windows.net/oc-da/Instituciones_compradoras.zip,2026-03-04T17:59:21.648688+00:00
5bb81a750f60dc06dbbc84b8f461317bf564aed4fe7ff585372fe3da8e431610,7622,OTROS,CORPORACION DE DESARROLLO DE TALCA,1817964,1230632,ABASTECIMIENTO,Maule,https://transparenciachc.blob.core.windows.net/oc-da/Instituciones_compradoras.zip,2026-03-04T17:59:21.648688+00:00
a066932cbf986c7bf4bb808fd29562d2950a4652dbd9c5910ff553c2b7a7ff5b,2986,OTROS,CORPORACIÓN MUNICIPAL DE CULTURA DE SAN CLEMENTE,1817980,1254658,COMPRAS,Maule,https://transparenciachc.blob.core.windows.net/oc-da/Instituciones_compradoras.zip,2026-03-04T17:59:21.648688+00:00
81e54d9173c72cdead4876822d90096a2fe7c44c6358da6c15ec16c774366ff3,0165,OTROS,LISSETTE STEPHANIE GODOY ROJAS,1817994,1230663,CORPORACIÓN CULTURAL MUNICIPAL DE VICUÑA,Coquimbo,https://transparenciachc.blob.core.windows.net/oc-da/Instituciones_compradoras.zip,2026-03-04T17:59:21.648688+00:00
5a00c6198f875314406eaed5bbae3da6fa75dd28bbb5e6c66850ef2a8e8b439c,0412,OTROS,CORPORACION MUNICIPAL DE DEPORTES Y RECREACION DE MOLINA,1818063,1230732,ADQUISICIONES,Maule,https://transparenciachc.blob.core.windows.net/oc-da/Instituciones_compradoras.zip,2026-03-04T17:59:21.648688+00:00
290ec3b32982f0ccce25e091019036d5deba676e82b3c85be03f016cd2336ced,4112,OTROS,CORPORACIÓN MUNICIPAL DE DEPORTES DE CALDERA,1818071,1230742,CORPORACIÓN MUNICIPAL DE DEPORTES DE CALDERA,Atacama,https://transparenciachc.blob.core.windows.net/oc-da/Instituciones_compradoras.zip,2026-03-04T17:59:21.648688+00:00
8d7b08660d92cbc033b5f4f7405f701f9f9bb642ddedb68c25d2d32cc3ff278b,7951,OTROS,CORPORACION MUNICIPAL DE CULTURA Y ARTES DE MOLINA,1818076,1230744,UNIDAD DE ADMINISTRACIÓN Y FINANZAS,Maule,https://transparenciachc.blob.core.windows.net/oc-da/Instituciones_compradoras.zip,2026-03-04T17:59:21.648688+00:00
36587b2abd07279f5f5bdd6a949143ffcc9637d1ae9a856a39f0ae28a2cf8704,1503,OTROS,CORPORACIÓN CULTURAL DE RECOLETA,1818082,1230750,CORPORACIÓN CULTURAL DE RECOLETA,Metropolitana,https://transparenciachc.blob.core.windows.net/oc-da/Instituciones_compradoras.zip,2026-03-04T17:59:21.648688+00:00
f8d8f79db88a7b0786a2ba049722131a72bbe1cc640ca4bf4ea790643381cefa,6005,OTROS,CORPORACIÓN MUNICIPAL DE DESARROLLO SOCIAL DE LOS MUERMOS,1818087,1230760,CORPORACIÓN MUNICIPAL DE DESARROLLO SOCIAL LOS MUERMOS,Los Lagos,https://transparenciachc.blob.core.windows.net/oc-da/Instituciones_compradoras.zip,2026-03-04T17:59:21.648688+00:00
51fadf976d4abc3bee1195e9e80c52f0d16ef0bb457bd38228af543e41e82705,4058,OTROS,CORPORACIÓN DE CULTURA Y PATRIMONIO DE INDEPENDENCIA,1818099,1230769,CORPORACIÓN DE CULTURA Y PATRIMONIO DE INDEPENDENC,Metropolitana,https://transparenciachc.blob.core.windows.net/oc-da/Instituciones_compradoras.zip,2026-03-04T17:59:21.648688+00:00
3e636fbf940d7b0909471adca847344c4f20e75b0a91c3d31717f0b53cf40c6e,8378,OTROS,CORPORACION MUNICIPAL DE DEPORTE DE TALCA,1818175,1230845,CORPORACION MUNICIPAL DE DEPORTE DE TALCA,Maule,https://transparenciachc.blob.core.windows.net/oc-da/Instituciones_compradoras.zip,2026-03-04T17:59:21.648688+00:00
5467322a87aeec979c6605574de2d1b0892201c96bdd52da7015056f772dbe29,8394,OTROS,CORPORACION MUNICIPAL DE CULTURA DE TALCA,1818181,1230851,CORPORACION MUNICIPAL DE CULTURA DE TALCA,Maule,https://transparenciachc.blob.core.windows.net/oc-da/Instituciones_compradoras.zip,2026-03-04T17:59:21.648688+00:00
0731afb340f8ff71421cfa66892add43da5783b691dc872d908b6269de0c06d6,3207,OTROS,CORP MUNICIPAL DEL DEPORTE QUINTA NORMAL,1818190,1230861,CORPORACIÓN MUNICIPAL DEL DEPORTE DE QUINTA NORMAL,Metropolitana,https://transparenciachc.blob.core.windows.net/oc-da/Instituciones_compradoras.zip,2026-03-04T17:59:21.648688+00:00
800ade8089fb675e7157a1bdcac82b125c925b232533ea22b969eb4fe35b5906,1001,OTROS,CORPORACIÓN COMUNAL DE DESARROLLO QUINTA NORMAL,1818194,1300795,ESCUELA INGLATERRA,Metropolitana,https://transparenciachc.blob.core.windows.net/oc-da/Instituciones_compradoras.zip,2026-03-04T17:59:21.648688+00:00
d8fded2f893750d41e3b5934ecf53b287bace723d8528ab6bf5ef33f02d03994,4505,OTROS,CORPORACIÓN CULTURAL DE LA FLORIDA,1818198,1230869,CORPORACIÓN CULTURAL DE LA FLORIDA,Metropolitana,https://transparenciachc.blob.core.windows.net/oc-da/Instituciones_compradoras.zip,2026-03-04T17:59:21.648688+00:00
2b3295f1d91068e0acf62a15fdadcd04f7695524e7f2e57eb826b23c9e9bd9f8,0439,OTROS,CORPORACIÓN MUNICIPAL DE DESARROLLO PRODUCTIVO Y TURISMO DE MOLINA,1818200,1230872,CORPORACIÓN MUNICIPAL DE DESARROLLO PRODUCTIVO Y TURISMO DE MOLINA,Maule,https://transparenciachc.blob.core.windows.net/oc-da/Instituciones_compradoras.zip,2026-03-04T17:59:21.648688+00:00
40e7c4ff8a10fa76a45a97a1c59355b7006652aba79a60df4bf8bb4f9388d493,6436,OTROS,FUNDACION PARA EL DESARROLLO DEL DEPORTE Y LA RECREACION DE LA COMUNA,1818207,1230878,COORDINACIÓN,Magallanes y Antártica,https://transparenciachc.blob.core.windows.net/oc-da/Instituciones_compradoras.zip,2026-03-04T17:59:21.648688+00:00
855e12d4831d6312dbb48657d0a432d1093406ca9e5c8ee59bae28793f41e379,2845,OTROS,CORPORACION MUNICIPAL DE TURISMO VICUNA,1820124,1232820,CORPORACIÓN MUNICIPAL DE TURISMO DE VICUÑA,Coquimbo,https://transparenciachc.blob.core.windows.net/oc-da/Instituciones_compradoras.zip,2026-03-04T17:59:21.648688+00:00
4ad4d736721983e99b1887bb3b087af283ed2bed4116db16328737cb14f69688,5116,OTROS,CORPORACION MUNICIPAL DE FOMENTO   PRODUCTIVO DE ARICA,1820138,1232837,CORPORACIÓN MUNICIPAL DE FOMENTO PRODUCTIVO DE ARICA,Arica y Parinacota,https://transparenciachc.blob.core.windows.net/oc-da/Instituciones_compradoras.zip,2026-03-04T17:59:21.648688+00:00
0c9b86f93167089bf0716573cbdcd65db06a86036b4884a4651dd5800f5eaca6,9000,OTROS,CORP MUNICIPAL DE PUNTA ARENAS PARA LA EDUCACION SALUD Y AT AL MENOR,1820891,1236993,EDUCACION CORPORACION MUNICIPAL PUNTA ARENAS,Magallanes y Antártica,https://transparenciachc.blob.core.windows.net/oc-da/Instituciones_compradoras.zip,2026-03-04T17:59:21.648688+00:00
d5f5d3b75ea543058b9f215b628a53f7bcaa36062ec182e0d3a90cd3fd4f9271,1805,OTROS,CORPORACION MUNICIPAL DE DEPORTES Y RECREACION LOS ANDES,1820893,1233594,CORPORACION MUNICIPAL DE DEPORTES Y RECREACION LOS,Valparaíso,https://transparenciachc.blob.core.windows.net/oc-da/Instituciones_compradoras.zip,2026-03-04T17:59:21.648688+00:00
c0326cf11a460b657598afd9cf978645bd5326fee5da293b3ec12ed4d4609851,8224,OTROS,CORPORACION MUNICIPAL DE DESARROLLO ECONOMICO CULTURA Y DEPORTES DE RE,1820894,1233595,CORPORACIÓN  MUNICIPAL DE DESARROLLO ECONÓMICO CULTURAL Y DEPORTES DE RENCA,Metropolitana,https://transparenciachc.blob.core.windows.net/oc-da/Instituciones_compradoras.zip,2026-03-04T17:59:21.648688+00:00
7bef13289f14099a83ccad5fa40e1884b483afe9d2a725fd07183dd0120ae3b7,1100,OTROS,CORPORACION MUNICIPAL DE EDUCACION Y SALUD DE RENCA,1820898,1233600,CORPORACION MUNICIPAL DE EDUCACION Y SALUD DE RENCA,Metropolitana,https://transparenciachc.blob.core.windows.net/oc-da/Instituciones_compradoras.zip,2026-03-04T17:59:21.648688+00:00
85871fc7f2a6636deba4bdbb092fc9da6ddfa770dd2a0b80b75da0a1645fdae8,3909,OTROS,CORPORACIÓN CULTURAL DE LA ILUSTRE MUNICIPALIDAD DE TENO,1820903,1233604,CORPORACIÓN CULTURAL DE LA ILUSTRE MUNICIPALIDAD D,Maule,https://transparenciachc.blob.core.windows.net/oc-da/Instituciones_compradoras.zip,2026-03-04T17:59:21.648688+00:00
1680fa3f1e7d2d8eb04fc6f433c8ea767ac4a0c7398979b9f682dfdc5562c303,9106,OTROS,SERVICIO LOCAL DE EDUCACIÓN PÚBLICA IQUIQUE,1820906,1233607,SERVICIO LOCAL DE EDUCACIÓN PÚBLICA IQUIQUE,Tarapacá,https://transparenciachc.blob.core.windows.net/oc-da/Instituciones_compradoras.zip,2026-03-04T17:59:21.648688+00:00
0de1986a9031cb57624eca74b5d64415ac8dda67301115163fe5041df70257ea,9602,OTROS,SERVICIO LOCAL DE EDUCACIÓN PÚBLICA MAGALLANES,1820911,1233613,SERVICIO LOCAL DE EDUCACIÓN PÚBLICA MAGALLANES,Magallanes y Antártica,https://transparenciachc.blob.core.windows.net/oc-da/Instituciones_compradoras.zip,2026-03-04T17:59:21.648688+00:00
e56ca34b5345956a76de41702ce5ab2dbe397d15f74d6a91f3c755ede336a47f,9505,OTROS,SERVICIO LOCAL DE EDUCACIÓN PÚBLICA AYSÉN,1820914,1233615,SERVICIO LOCAL DE EDUCACIÓN PÚBLICA AYSÉN,Aysén,https://transparenciachc.blob.core.windows.net/oc-da/Instituciones_compradoras.zip,2026-03-04T17:59:21.648688+00:00
1fe0384f8752b42525e3dd6e1c8e90e9ace5f3d55dd5def3afc2a65df66a393c,9408,OTROS,SERVICIO LOCAL DE EDUCACIÓN PÚBLICA PUNILLA CORDILLERA,1820915,1233616,SERVICIO LOCAL DE EDUCACIÓN PÚBLICA PUNILLA CORDIL,Ñuble,https://transparenciachc.blob.core.windows.net/oc-da/Instituciones_compradoras.zip,2026-03-04T17:59:21.648688+00:00
276f4091108d56650cef4ee804c4ec6c3ffea9ec019e3cea2fd3794d373ff384,9300,OTROS,SERVICIO LOCAL DE EDUCACIÓN PÚBLICA MAULE COSTA,1820918,1233619,SERVICIO LOCAL DE EDUCACIÓN PÚBLICA MAULE COSTA,Maule,https://transparenciachc.blob.core.windows.net/oc-da/Instituciones_compradoras.zip,2026-03-04T17:59:21.648688+00:00
1da088d63f428e37e074a1a3fbeb33fa3cecebb849fc3a1d1875fcfadc27fe1d,2134,OTROS,CORPORACIÓN CULTURAL DE LA I. MUNICIPALIDAD DE ROMERAL,1820927,1233629,CORPORACIÓN CULTURAL DE LA I. MUNICIPALIDAD DE ROMERAL,Maule,https://transparenciachc.blob.core.windows.net/oc-da/Instituciones_compradoras.zip,2026-03-04T17:59:21.648688+00:00
7925c07cefbfb9c3fb9f1cf8a5521950886b5a6d6899a7a868155cc09678eb3d,7189,OTROS,CORPORACIÓN MUNICIPAL DE DEPORTE DE ROMERAL,1820930,1233631,CORPORACIÓN MUNICIPAL DE DEPORTE DE ROMERAL,Maule,https://transparenciachc.blob.core.windows.net/oc-da/Instituciones_compradoras.zip,2026-03-04T17:59:21.648688+00:00
9950c4835f1115b4660f3761400a2c9a95bdb2c904e0de4c7f26518f9ca77bf2,5700,OTROS,CORPORACIÓN DEL DEPORTE E INCLUSIÓN SOCIAL DE LA ILUSTRE MUNICIPALIDAD DE CERRO NAVIA,1820963,1233664,CORPORACIÓN DEL DEPORTE E INCLUSIÓN SOCIAL DE LA I,Metropolitana,https://transparenciachc.blob.core.windows.net/oc-da/Instituciones_compradoras.zip,2026-03-04T17:59:21.648688+00:00
ca9eb2af0bd4a1ab45be9dbed3a308775a2b9ed925c6472ea4d179dd1b1f0b2f,6173,OTROS,CORPORACIÓN MUNICIPAL DE DEPORTES Y RECREACIÓN DE RECOLETA,1820967,1233669,CORPORACIÓN MUNICIPAL DE DEPORTES Y RECREACIÓN DE RECOLETA,Metropolitana,https://transparenciachc.blob.core.windows.net/oc-da/Instituciones_compradoras.zip,2026-03-04T17:59:21.648688+00:00
f8786657c73d7eeae924442a4b0f1bbea32c2eaac6e8cc341599da2974822fa7,4811,OTROS,CORPORACION MUNICIPAL DE DEPORTES Y RECREACIÓN DE ANTOFAGASTA,1821120,1233822,CORPORACION MUNICIPAL DE DEPORTES Y RECREACIÓN DE ANTOFAGASTA,Sin información,https://transparenciachc.blob.core.windows.net/oc-da/Instituciones_compradoras.zip,2026-03-04T17:59:21.648688+00:00
fbf08b753e9249cdf78444d2d3a8a0101412e32b14e37539860676fdfa0999f8,1004,OTROS,CORPORACION CULTURAL DE VITACURA,1821127,1233829,CORPORACION CULTURAL DE VITACURA,Metropolitana,https://transparenciachc.blob.core.windows.net/oc-da/Instituciones_compradoras.zip,2026-03-04T17:59:21.648688+00:00
19d30922405fe89f936f7eaa78ff00a0d0b6e5cb9721ab1e06d4d65035baa059,5668,OTROS,CORPORACION CULTURAL ILUSTRE MUNICIPALIDAD DE RAUCO,1821133,1233836,CORPORACION CULTURAL I. MUNICIPALIDAD DE RAUCO,Maule,https://transparenciachc.blob.core.windows.net/oc-da/Instituciones_compradoras.zip,2026-03-04T17:59:21.648688+00:00
c89296cd9139398b0066ef37d62fb246f74f302c09591c3892c928262bf1465e,8615,OTROS,CORPORACION DE DEPORTES DE LA MUNICIPALIDAD DE RAUCO,1821135,1233837,CORPORACION DE DEPORTES DE LA MUNICIPALIDAD DE RAUCO,Maule,https://transparenciachc.blob.core.windows.net/oc-da/Instituciones_compradoras.zip,2026-03-04T17:59:21.648688+00:00
0f7e74f512565f3a81903f7428664853b92100c53031fc6baf92cfd7839e95e3,9516,OTROS,CORPORACION MUNICIPAL  DE DEPORTES  DE SAN CLEMENTE,1821972,1234683,ADMINISTRACIÓN Y FINANZAS,Maule,https://transparenciachc.blob.core.windows.net/oc-da/Instituciones_compradoras.zip,2026-03-04T17:59:21.648688+00:00
b6380e4402979defdbd0cdfd201feb8075ffa41d6eaeb5cb012db2b52f32be28,6000,MUNICIPALIDADES,ILUSTRE MUNICIPALIDAD DE ALTO BIOBIO,182336,5741,DEPARTAMENTO DE EDUCACIÓN,Bío-Bío,https://transparenciachc.blob.core.windows.net/oc-da/Instituciones_compradoras.zip,2026-03-04T17:59:21.648688+00:00
61c5a6d6088166c1307e3d4e393d6099affbefac3251341836c629d3fc3a18b2,7603,MUNICIPALIDADES,ILUSTRE MUNICIPALIDAD DE ALTO BIOBIO,182336,5742,DEPARTAMENTO DE SALUD,Bío-Bío,https://transparenciachc.blob.core.windows.net/oc-da/Instituciones_compradoras.zip,2026-03-04T17:59:21.648688+00:00
7d076872b2388c20fcd9e13b2132f74d2ff5bf105c044157fcd8ed3718586742,6002,MUNICIPALIDADES,ILUSTRE MUNICIPALIDAD DE ALTO BIOBIO,182336,904617,GESTION TERRITORIAL,Bío-Bío,https://transparenciachc.blob.core.windows.net/oc-da/Instituciones_compradoras.zip,2026-03-04T17:59:21.648688+00:00
e640f8a7c155b2cc4fa41880495e11a27061054cd86c176e5e8ff3ec89268af0,8788,OTROS,CORPORACION MUNICIPAL DE DEPORTES Y RECREACION SAN JAVIER DE LONCOMILLA,1823988,1237725,CORPORACION MUNICIPAL DE DEPORTES Y RECREACION SAN JAVIER DE LONCOMILLA,Maule,https://transparenciachc.blob.core.windows.net/oc-da/Instituciones_compradoras.zip,2026-03-04T17:59:21.648688+00:00
5d0e9b16217396b87f14df8b31e9074030039d7069e8e46672245330ef63639a,0562,OTROS,CORPORACION MUNICIPAL DE FOMENTO AL DESARROLLO COMUNAL Y PRODUCTIVO DE LA FLORIDA,1823994,1237849,CORPORACION MUNICIPAL DE FOMENTO AL DESARROLLO COMUNAL Y PRODUCTIVO DE LA FLORIDA,Metropolitana,https://transparenciachc.blob.core.windows.net/oc-da/Instituciones_compradoras.zip,2026-03-04T17:59:21.648688+00:00
c8e6e12ccf3a63cf530c142773ec7aef3102330c87634daadeceb628965d7c0a,9304,OTROS,CORPORACION DEL DEPORTE DE LA FLORIDA,1824117,1237853,CORPORACION DEL DEPORTE DE LA FLORIDA,Metropolitana,https://transparenciachc.blob.core.windows.net/oc-da/Instituciones_compradoras.zip,2026-03-04T17:59:21.648688+00:00
e94387e839a13b4be8739800fc4ef592497056d2f7c9619b55c5155ca086fd20,0009,MUNICIPALIDADES,ILUSTRE MUNICIPALIDAD COCHAMO,182424,6246,FOMENTO PRODUCTIVO,Los Lagos,https://transparenciachc.blob.core.windows.net/oc-da/Instituciones_compradoras.zip,2026-03-04T17:59:21.648688+00:00
bcff0bb93ce9f6b9d7d704eee8840a53bf9ba0616f5d2b7dd0dc17106a9798e9,2002,MUNICIPALIDADES,ILUSTRE MUNICIPALIDAD COCHAMO,182424,5748,DEPARTAMENTO DE SALUD MUNICIPAL,Los Lagos,https://transparenciachc.blob.core.windows.net/oc-da/Instituciones_compradoras.zip,2026-03-04T17:59:21.648688+00:00
2acb99820e8300e7d3b554e8296323780abe3d76181ce87db399dadcfbfb81b4,7004,OTROS,CORPORACION CULTURAL DE LA REINA,1824375,1238111,ADMINISTRACIÓN Y FINANZAS,Sin información,https://transparenciachc.blob.core.windows.net/oc-da/Instituciones_compradoras.zip,2026-03-04T17:59:21.648688+00:00
89652dcef50528776079d13b3eb84ad3bc9986573fffd7b33ed603ac693257ee,2859,OTROS,FUNDACION MUNICIPAL DE CULTURA DE PROVIDENCIA,1824423,1238167,ADMINISTRACIÓN Y FINANZAS,Sin información,https://transparenciachc.blob.core.windows.net/oc-da/Instituciones_compradoras.zip,2026-03-04T17:59:21.648688+00:00
0baf5058227365edf65cffb0f4d007abef1d8731524ed40c3c951b13fb026146,8668,OTROS,CORPORACION DE DEPORTES DE LA ILUSTRE MUNICIPALIDAD DE TENO,1828257,1242016,CORPORACION DE DEPORTES DE LA ILUSTRE MUNICIPALIDAD DE TENO,Maule,https://transparenciachc.blob.core.windows.net/oc-da/Instituciones_compradoras.zip,2026-03-04T17:59:21.648688+00:00
f8ecae06765e1d7d77be0ca08323a54f34569361cd551ae7e56a96fa32889161,4009,OTROS,CORPORACION SOCIAL Y CULTURA DE CONCEPCION - SEMCO,1828274,1299965,HOGAR PROTEGIDO DE VILLA NONGUÉN,Sin información,https://transparenciachc.blob.core.windows.net/oc-da/Instituciones_compradoras.zip,2026-03-04T17:59:21.648688+00:00
093adb8da75ba6e93d06a9a0434337a39c4b89776c1c4501d202ce2ad368023e,9494,OTROS,CORPORACION MUNICIPAL DE DEPORTES DE LA COMUNA DE ARAUCO,1828277,1242031,CORPORACION MUNICIPAL DE DEPORTES DE LA COMUNA DE,Bío-Bío,https://transparenciachc.blob.core.windows.net/oc-da/Instituciones_compradoras.zip,2026-03-04T17:59:21.648688+00:00
455c7ed85e2cd8497f743cea46d4370450f39e930c5fc3b061a73f7bee148633,8755,OTROS,CORPORACION CULTURAL DE PADRE LAS CASAS,1828373,1242141,CORPORACION CULTURAL DE PADRE LAS CASAS,Araucanía,https://transparenciachc.blob.core.windows.net/oc-da/Instituciones_compradoras.zip,2026-03-04T17:59:21.648688+00:00
a1abfaccd32406c50af31834ded5ac98cdbcfebdef96f9220aff0880dd9778d0,7003,MUNICIPALIDADES,I MUNICIPALIDAD DE TIRUA,183037,975645,BIENESTAR MUNICIPALIDAD DE TIRÚA,Bío-Bío,https://transparenciachc.blob.core.windows.net/oc-da/Instituciones_compradoras.zip,2026-03-04T17:59:21.648688+00:00
da8bc2c2c5e62d297298fb417e4062a57e5139f6384236543b925c789a197683,3874,OTROS,CORPORACION CULTURAL Y DE EXTENSION DE LA ILUSTRE MUNICIPALIDAD DE CONSTITUCION,1830901,1244685,CORPORACION CULTURAL Y DE EXTENSION DE LA ILUSTRE MUNICIPALIDAD DE CONSTITUCION,Maule,https://transparenciachc.blob.core.windows.net/oc-da/Instituciones_compradoras.zip,2026-03-04T17:59:21.648688+00:00
8cec5798d601355ac3a51f8dad241f0a2b556aad08eab2c563b011da9f2d9ca8,5992,OTROS,CORPORACION MUNICIPALIDAD DE DEPORTES DE LA ILUSTRE MUNICIPALIDAD DE CONSTITUCION,1834956,1248771,CORPORACION MUNICIPALIDAD DE DEPORTES DE LA ILUSTRE MUNICIPALIDAD DE CONSTITUCION,Maule,https://transparenciachc.blob.core.windows.net/oc-da/Instituciones_compradoras.zip,2026-03-04T17:59:21.648688+00:00
e75a990d2c1433665728d75ecac8004cc4ae8a900857b881e931884bf5cb1071,5406,OTROS,CORPORACION MUNICIPAL DE DEPORTES DE PADRE LAS CASAS,1835219,1249035,CORPORACION MUNICIPAL DE DEPORTES DE PADRE LAS CASAS,Araucanía,https://transparenciachc.blob.core.windows.net/oc-da/Instituciones_compradoras.zip,2026-03-04T17:59:21.648688+00:00
d6a9e9995c911fab7fc35aebfb1f82663cc549ec923bc6a9fdc533b9e86f6a0e,0674,OTROS,CORPORACION MUNICIPAL DE DEPORTES DE NATALES,1838326,1252236,CORPORACION MUNICIPAL DE DEPORTES DE NATALES,Magallanes y Antártica,https://transparenciachc.blob.core.windows.net/oc-da/Instituciones_compradoras.zip,2026-03-04T17:59:21.648688+00:00
2be98a38c649df8fbf14e07a1c9134d388ae749e1d17e64ba19b3e9f16508f29,5512,OTROS,CORPORACION MUNICIPAL DE LAS ARTES Y LA CULTURA DE RIO CLARO,1838550,1252460,CORPORACION MUNICIPAL DE LAS ARTES Y LA CULTURA DE RIO CLARO,Maule,https://transparenciachc.blob.core.windows.net/oc-da/Instituciones_compradoras.zip,2026-03-04T17:59:21.648688+00:00
71429e42af7d39772e2254c7812079016021ec4dab0f41ce37d53e55164cbe28,9502,OTROS,CORPORACION MUNICIPAL DE DEPORTES Y RECREACION DE PENALOLEN,1841838,1255790,CORPORACION MUNICIPAL DE DEPORTES Y RECREACION DE,Metropolitana,https://transparenciachc.blob.core.windows.net/oc-da/Instituciones_compradoras.zip,2026-03-04T17:59:21.648688+00:00
b33c704eab9ec51892b4108888bcaaf330f05a1afe6c101b8c8e3e575bd122b0,3000,OTROS,CORPORACION DE DESARROLLO DE LA COMUNA DE SAN VICENTE,1842551,1256505,CORPORACION DE DESARROLLO DE LA COMUNA DE SAN VICE,Lib. Gral. Bdo. O'Higgins,https://transparenciachc.blob.core.windows.net/oc-da/Instituciones_compradoras.zip,2026-03-04T17:59:21.648688+00:00
02b765b18947c0605abfce562dae8b31fb8b7688f251cee7b24e8e7eccaa35d4,6260,OTROS,CORPORACION MUNICIPAL DE CULTURA DE TILTIL,1848096,1262137,CORPORACION MUNICIPAL DE CULTURA DE TILTIL,Metropolitana,https://transparenciachc.blob.core.windows.net/oc-da/Instituciones_compradoras.zip,2026-03-04T17:59:21.648688+00:00
d7d9b049654ee30a78263f9b631249fb381b86c6989920bddc3c96e886e7a276,5814,OTROS,"CORPORACION PARA EL ESTUDIO, DESARROLLO Y PROMOCION DE LA ECONOMIA",1848117,1262157,"CORPORACION PARA EL ESTUDIO, DESARROLLO Y PROMOCIO",Lib. Gral. Bdo. O'Higgins,https://transparenciachc.blob.core.windows.net/oc-da/Instituciones_compradoras.zip,2026-03-04T17:59:21.648688+00:00
915a4d096cf003090fb86b75a90bca657f8e6965a345bae20459a125e02c44eb,9007,OTROS,CORPORACION DE DESARROLLO SOCIAL DE BUIN,1854165,1274189,SALUD,Metropolitana,https://transparenciachc.blob.core.windows.net/oc-da/Instituciones_compradoras.zip,2026-03-04T17:59:21.648688+00:00
1883b2544f445d6cce0575c775c728efdfe2bf3c346331cf3f2cc06fe4c388b2,2229,OTROS,CORPORACIÓN CULTURAL MUNICIPAL DE LONCOCHE,1854693,1268871,CORPORACIÓN CULTURAL MUNICIPAL DE LONCOCHE,Araucanía,https://transparenciachc.blob.core.windows.net/oc-da/Instituciones_compradoras.zip,2026-03-04T17:59:21.648688+00:00
de0760a7a6d939de0d2edd9ad816b58de62e5fe49fb1c68b870287af263f4439,9257,OTROS,CORPORACIÓN MUNICIPAL DE DEPORTES Y RECREACIÓN PANGUIPULLI,1855963,1270172,CORPORACIÓN MUNICIPAL DE DEPORTES Y RECREACIÓN PANGUIPULLI,Los Ríos,https://transparenciachc.blob.core.windows.net/oc-da/Instituciones_compradoras.zip,2026-03-04T17:59:21.648688+00:00
6742a49f6719668b034305a659ff9268c2ee1ece26869a1b9c82e0f1066675a0,9004,OTROS,CORPORACION MUNICIPAL DE DESARROLLO SOCIAL DE MACUL,1856940,1271178,CORPORACION MUNICIPAL DE DESARROLLO SOCIAL DE MACUL,Metropolitana,https://transparenciachc.blob.core.windows.net/oc-da/Instituciones_compradoras.zip,2026-03-04T17:59:21.648688+00:00
97010c104914e24178f28c92c78d6fb40b0a275856da689a4313b2cc7662e7c6,6355,OTROS,CORPORACION DE FOMENTO DE DESARROLLO COMUNAL Y PRODUCTIVO,1859922,1274277,CORPORACION DE FOMENTO DE DESARROLLO COMUNAL Y PRODUCTIVO,Metropolitana,https://transparenciachc.blob.core.windows.net/oc-da/Instituciones_compradoras.zip,2026-03-04T17:59:21.648688+00:00
67e08803402cfb63fac672a9fc5ad9bfe5c7b1600fc090a9e8797718e57ec42e,4753,OTROS,"CORPORACIÓN MUNICIPAL DE DESARROLLO, DE LA CULTURA Y EL TURISMO DE CALBUCO",1860073,1274433,"CORPORACIÓN MUNICIPAL DE DESARROLLO, DE LA CULTURA Y EL TURISMO DE CALBUCO",Los Lagos,https://transparenciachc.blob.core.windows.net/oc-da/Instituciones_compradoras.zip,2026-03-04T17:59:21.648688+00:00
0876303c7defb41d365e31dc1f0fc2c662010f79230f2e60a272d87916910fca,9958,OTROS,CORPORACIÓN CULTURAL DE CANELA,1860179,1274540,CORPORACIÓN CULTURAL DE CANELA,Coquimbo,https://transparenciachc.blob.core.windows.net/oc-da/Instituciones_compradoras.zip,2026-03-04T17:59:21.648688+00:00
bc28e12a13da0fc4cc995b966e825b98455f3f5fc25b01500a6da8648bb79445,5284,OTROS,CORPORACIÓN CULTURAL MUNICIPAL DE SAN JAVIER DE LONCOMILLA,1860198,1274559,CORPORACIÓN CULTURAL MUNICIPAL DE SAN JAVIER DE LONCOMILLA,Maule,https://transparenciachc.blob.core.windows.net/oc-da/Instituciones_compradoras.zip,2026-03-04T17:59:21.648688+00:00
1a5cf9df1cd9eca8715dae7f42ef2269b2522f34f28e22a78ecf144fdf0fdf50,9407,OTROS,CENTRO DE SALUD FAMILIAR PUERTO AYSÉN,1860306,1274667,CENTRO DE SALUD FAMILIAR PUERTO AYSÉN,Aysén,https://transparenciachc.blob.core.windows.net/oc-da/Instituciones_compradoras.zip,2026-03-04T17:59:21.648688+00:00
5a561a8c6e1490bf4e5f23daca3e12a43432209f94125639d64f7b800fef096b,0007,OTROS,"CORPORACIÓN MUNICIPAL DE EDUCACIÓN, SALUD Y ATENCIÓN DE MENORES CHONCHI",1860541,1274907,ADQUISICIONES,Los Lagos,https://transparenciachc.blob.core.windows.net/oc-da/Instituciones_compradoras.zip,2026-03-04T17:59:21.648688+00:00
59a328008f467cde167590775563e63dd43f4918a2387917b455a0ef5b375f78,4025,OTROS,CORPORACION MUNICIPAL DE DESARROLLO COMUNAL Y PRODUCTIVO DE LICANTEN,1860947,1275318,CORPORACION DE DESARROLLO DE LICANTÉN,Maule,https://transparenciachc.blob.core.windows.net/oc-da/Instituciones_compradoras.zip,2026-03-04T17:59:21.648688+00:00
6a68d79c1334c318e78860c37f7a6ec2a390daa95cbd10365974442465b5f753,3212,OTROS,CORPORACIÓN CULTURAL MUNICIPAL DE OVALLE,1861543,1275930,CORPORACIÓN CULTURAL MUNICIPAL DE OVALLE,Coquimbo,https://transparenciachc.blob.core.windows.net/oc-da/Instituciones_compradoras.zip,2026-03-04T17:59:21.648688+00:00
39b5babe7a3d7c6145a11a55c1a17ec74dabea123e176d9e25cbf0b66a538089,1195,OTROS,CORPORACION MUNICIPAL DE CULTURA TURISMO Y PATRIMONIO  DE LA COMUNA DE NATALES,1867218,1281680,FINANZAS,Magallanes y Antártica,https://transparenciachc.blob.core.windows.net/oc-da/Instituciones_compradoras.zip,2026-03-04T17:59:21.648688+00:00
9bc2fcea188ffe44120c87b681b314f25bb7102faf63f0823f6fd89b9a2990e3,5344,OTROS,CORPORACION MUNICIPAL DE CREACION Y DESARROLLO DE LOS LAGOS,1868957,1283443,CORPORACION MUNICIPAL DE CREACION Y DESARROLLO DE LOS LAGOS,Los Ríos,https://transparenciachc.blob.core.windows.net/oc-da/Instituciones_compradoras.zip,2026-03-04T17:59:21.648688+00:00
07a97ef96aff0e2e88c58e775417329b2652bf39f900a5b200555de5931c769c,6009,OTROS,CORPORACION CULTURAL DE LA ILUSTRE MUNICIPALIDAD DE VALDIVIA,1869227,1283719,CORPORACION CULTURAL DE LA ILUSTRE MUNICIPALIDAD DE VALDIVIA,Los Ríos,https://transparenciachc.blob.core.windows.net/oc-da/Instituciones_compradoras.zip,2026-03-04T17:59:21.648688+00:00
74358b88c37203cb7f413055dbfecce20efc10c14cf82722aa027588e84df41e,9804,OTROS,CORPORACIÓN MUNICIPAL DE DEPORTES DE ÑUÑOA,1873179,1287766,CORPORACIÓN MUNICIPAL DE DEPORTES DE ÑUÑOA,Metropolitana,https://transparenciachc.blob.core.windows.net/oc-da/Instituciones_compradoras.zip,2026-03-04T17:59:21.648688+00:00
0fe0612d8a57eb359aa4bf0a6b8a1ea5aacda890b120b1576ad633cf70a16274,0100,OTROS,CORPORACION CULTURAL DE LO BARNECHEA,1874800,1289422,CORPORACION CULTURAL DE LO BARNECHEA,Metropolitana,https://transparenciachc.blob.core.windows.net/oc-da/Instituciones_compradoras.zip,2026-03-04T17:59:21.648688+00:00
c9472a8aefe50542bb31df52350371d598254667cece11a9ed000af8e6731ad4,0502,OTROS,CORPORACION CULTURAL DE LA MUNICIPALIDAD DE PICHIDEGUA,1890406,1305313,CORPORACION CULTURAL DE LA MUNICIPALIDAD DE PICHIDEGUA,Sin información,https://transparenciachc.blob.core.windows.net/oc-da/Instituciones_compradoras.zip,2026-03-04T17:59:21.648688+00:00
90c8757034ff98c09d26ac261bfb7298339dbe02deb2a955548048df672fb587,1306,"GOB. CENTRAL, UNIVERSIDADES",COMISION ADMINISTRADORA DEL SISTEMA DE CREDITOS P. ESTUDIOS SUPERIORES,192032,5845,COMISIÓN ADMINISTRADORA DEL SISTEMA DE CRÉDITOS PA,Metropolitana,https://transparenciachc.blob.core.windows.net/oc-da/Instituciones_compradoras.zip,2026-03-04T17:59:21.648688+00:00
d1424458cef88c5f549e4ae946f004a74685c72ec8277444c9468956b3f21965,0800,"GOB. CENTRAL, UNIVERSIDADES",UNIVERSIDAD DE TARAPACA,204439,941757,DIRECCIÓN DE CALIDAD,Arica y Parinacota,https://transparenciachc.blob.core.windows.net/oc-da/Instituciones_compradoras.zip,2026-03-04T17:59:21.648688+00:00
f6c262c5fa5c499824771bfd1089f20604231b12edbd92c53f24aedf562c2a98,0007,"GOB. CENTRAL, UNIVERSIDADES",UNIVERSIDAD DE SANTIAGO DE CHILE,212299,867990,UNIDAD DE COORDINACIÓN INSTITUCIONAL - UCI,Metropolitana,https://transparenciachc.blob.core.windows.net/oc-da/Instituciones_compradoras.zip,2026-03-04T17:59:21.648688+00:00
27f2e94442eb79115990b78c3fdda34942be7b10f24206398e675791e603b0ac,0036,FFAA,FONDO HOSPITAL DE LA DIRECCION DE PREVISION DE CARABINEROS DE CHILE,220665,948806,UNIDAD DE COMPRA INSUMOS EN CONSIGNACIÓN,Metropolitana,https://transparenciachc.blob.core.windows.net/oc-da/Instituciones_compradoras.zip,2026-03-04T17:59:21.648688+00:00
7ddf14fb3408652b0e6ad17edc5f71a12f041651884929a8cf2f9d0c1c7fae00,6001,MUNICIPALIDADES,ILUSTRE MUNICIPALIDAD DE TIMAUKEL,224045,902977,DEPARTAMENTO DE SALUD,Magallanes y Antártica,https://transparenciachc.blob.core.windows.net/oc-da/Instituciones_compradoras.zip,2026-03-04T17:59:21.648688+00:00
6fb1bc0c8201742e3f468b40973f9cb4273807d8d359e4d6ccdc6818594875de,4001,LEGISLATIVO Y JUDICIAL,MINISTERIO PUBLICO,224060,709129,FR MAGALLANES,Magallanes y Antártica,https://transparenciachc.blob.core.windows.net/oc-da/Instituciones_compradoras.zip,2026-03-04T17:59:21.648688+00:00
8ccb43052abdc5a31c69c0418cdc372fb7857c230dcee2ff3ef9c5733e8fc9f7,0004,"GOB. CENTRAL, UNIVERSIDADES",SERVICIO ELECTORAL,225773,894363,X PUERTO MONTT DR,Los Lagos,https://transparenciachc.blob.core.windows.net/oc-da/Instituciones_compradoras.zip,2026-03-04T17:59:21.648688+00:00
5061a9739087b6875ea8c4b6ac39a2da7305f5beb89eeed932ca128131f8687e,7008,"GOB. CENTRAL, UNIVERSIDADES",UNIVERSIDAD DE MAGALLANES,257227,990958,DIRECCIÓN DE COMUNICACIONES,Magallanes y Antártica,https://transparenciachc.blob.core.windows.net/oc-da/Instituciones_compradoras.zip,2026-03-04T17:59:21.648688+00:00
50b7edb79821662716c5f6912d32a399682976303d574aacc8ebbfcaeeeddb13,8109,"GOB. CENTRAL, UNIVERSIDADES",COMISION NACIONAL DE ACREDITACION,262897,6317,PA - CNA,Metropolitana,https://transparenciachc.blob.core.windows.net/oc-da/Instituciones_compradoras.zip,2026-03-04T17:59:21.648688+00:00
f3501c38febf9aab8f0e0a155f151aad4cf465c658a82f11fed11724bfc807ca,1006,"GOB. CENTRAL, UNIVERSIDADES",UNIVERSIDAD DE LOS LAGOS,266724,6336,CAMPUS PUERTO MONTT,Los Lagos,https://transparenciachc.blob.core.windows.net/oc-da/Instituciones_compradoras.zip,2026-03-04T17:59:21.648688+00:00
66d0e867673518e24d6dad908f4cf620867accb6a1b49eed577f6a80f6aaace7,9008,SALUD,SERVICIO DE SALUD VALDIVIA HOSPITAL BASE,7410,1234244,GOBIERNO REGIONAL DE LOS RIOS,Los Ríos,https://transparenciachc.blob.core.windows.net/oc-da/Instituciones_compradoras.zip,2026-03-04T17:59:21.648688+00:00
1449bf265485f574d967268a957f388d6e928af45bb6cdc943b26ef7a030d009,6650,"GOB. CENTRAL, UNIVERSIDADES",GOBIERNO REGIONAL DE ARICA-PARINACOTA,267965,577258,SERVICIO BIENESTAR GOBIERNO REGIONAL,Arica y Parinacota,https://transparenciachc.blob.core.windows.net/oc-da/Instituciones_compradoras.zip,2026-03-04T17:59:21.648688+00:00
8fb0745a9a5ed20d607cf7ca966b7f01def61fb7d3d3815713e7cf06440eb70c,9307,"GOB. CENTRAL, UNIVERSIDADES",DELEGACIÓN PRESIDENCIAL PROVINCIAL DEL RANCO,269793,6369,DELEGACIÓN PRESIDENCIAL PROVINCIAL DEL RANCO,Los Ríos,https://transparenciachc.blob.core.windows.net/oc-da/Instituciones_compradoras.zip,2026-03-04T17:59:21.648688+00:00
86a78623a6b13e5a04d3b16cf261d90b545953fe3cb20c3b18987929d70dd3d0,9504,"GOB. CENTRAL, UNIVERSIDADES",DELEGACIÓN PRESIDENCIAL REGIONAL DE LOS RÍOS,270726,6385,DELEGACIÓN PRESIDENCIAL REGIONAL DE LOS RÍOS,Los Ríos,https://transparenciachc.blob.core.windows.net/oc-da/Instituciones_compradoras.zip,2026-03-04T17:59:21.648688+00:00
b40d2aecdca9b0a89dde157425e678ef43dcb43037ce6d3b69210e340ac7b15a,9709,"GOB. CENTRAL, UNIVERSIDADES",DELEGACIÓN PRESIDENCIAL REGIONAL DE ARICA Y PARINACOTA,270727,6386,DELEGACIÓN PRESIDENCIAL REGIONAL DE ARICA Y PARINA,Arica y Parinacota,https://transparenciachc.blob.core.windows.net/oc-da/Instituciones_compradoras.zip,2026-03-04T17:59:21.648688+00:00
cf183940407026251699c42a7f35f9ae1885fed9e8034f699c2d9f0d1d3c7221,0003,LEGISLATIVO Y JUDICIAL,CORP DE ASISTENCIA JUDICIAL DE LAS REG T,272303,871641,SERVICIO DE BIENESTAR,Tarapacá,https://transparenciachc.blob.core.windows.net/oc-da/Instituciones_compradoras.zip,2026-03-04T17:59:21.648688+00:00
bf755249d757d956d55d649184b1e67b7a3edd506a1efbda04620dce8fc49619,0103,"GOB. CENTRAL, UNIVERSIDADES",DELEGACIÓN PRESIDENCIAL PROVINCIAL DEL TAMARUGAL,275314,833907,PROGRAMA FOSIS,Tarapacá,https://transparenciachc.blob.core.windows.net/oc-da/Instituciones_compradoras.zip,2026-03-04T17:59:21.648688+00:00
52984ef9980b474b24b887da6ebc2cf6c7748e3cdecae612ed105cbfbe664c5f,0908,FFAA,ESTADO MAYOR CONJUNTO,7266,729976,EMC-CENTRO CONJUNTO PARA OPERACIONES DE PAZ CHILE,Metropolitana,https://transparenciachc.blob.core.windows.net/oc-da/Instituciones_compradoras.zip,2026-03-04T17:59:21.648688+00:00
a8c0d3e8756d1a51968224538c167a08d4b547f8afbcde2aca7d8f3ba466da30,9001,"GOB. CENTRAL, UNIVERSIDADES",UNIVERSIDAD DE LA FRONTERA,277559,6499,UNIVERSIDAD DE LA FRONTERA,Araucanía,https://transparenciachc.blob.core.windows.net/oc-da/Instituciones_compradoras.zip,2026-03-04T17:59:21.648688+00:00
af16388ae73b66f83a53971e9a1bf59008acbc6677ab4d21141c7d214b2d0706,0002,OBRAS PÚBLICAS,SERVICIO REGIONAL DE LA VIVIENDA Y URBAN,278907,761984,SECCIÓN LICITACIONES Y CONTRATOS DEPTO TÉCNICO,Arica y Parinacota,https://transparenciachc.blob.core.windows.net/oc-da/Instituciones_compradoras.zip,2026-03-04T17:59:21.648688+00:00
7a133937b2432202eaba6de703e492b3001c53f0c0678a4fb56c5b7e18712b2d,0026,OBRAS PÚBLICAS,SERVICIO DE VIVIENDA Y URBANIZACION DE V,285964,287024,SERVIU REGIÓN DE LOS RÍOS - VALDIVIA,Los Ríos,https://transparenciachc.blob.core.windows.net/oc-da/Instituciones_compradoras.zip,2026-03-04T17:59:21.648688+00:00
9441339f061ea3232ce16acdd31009a9ab0a4595038396a1e3f14f09dc129dfe,0003,MUNICIPALIDADES,ILUSTRE MUNICIPALIDAD DE CAMARONES,294421,926915,ADMINISTRACION MUNICIPAL,Arica y Parinacota,https://transparenciachc.blob.core.windows.net/oc-da/Instituciones_compradoras.zip,2026-03-04T17:59:21.648688+00:00
67c8389344723d084502965b7e5ad9460f874eba30e9ffd969744185d613aa9c,9400,LEGISLATIVO Y JUDICIAL,TRIBUNAL CONSTITUCIONAL,299576,304869,TRIBUNAL CONSTITUCIONAL,Metropolitana,https://transparenciachc.blob.core.windows.net/oc-da/Instituciones_compradoras.zip,2026-03-04T17:59:21.648688+00:00
137c5bb357b0eb0c4bdabf8c334ceef1a6e06b45fd3719b8012bc82b97ee2425,9307,SALUD,SERVICIO DE BIENESTAR CENTRAL DE ABAST DEL S N S S,302307,306239,SERVICIO DE BIENESTAR CENTRAL DE ABAST DEL S N S S,Metropolitana,https://transparenciachc.blob.core.windows.net/oc-da/Instituciones_compradoras.zip,2026-03-04T17:59:21.648688+00:00
6410c470197657e19a1bc6bef869d703bb48cc1e872f32d20db2c323e5a987ec,4089,SALUD,SERVICIO DE SALUD ORIENTE HOSPITAL LUIS CALVO MACKENNA,6918,3246,HOSPITAL DOCTOR LUIS CALVO MACKENNA ADQUISICIONES,Metropolitana,https://transparenciachc.blob.core.windows.net/oc-da/Instituciones_compradoras.zip,2026-03-04T17:59:21.648688+00:00
6537bc6b24c4d8f2019d21d0f12a54f492aa1dd810a6cca27a2396b0ccb72595,0007,"GOB. CENTRAL, UNIVERSIDADES",SERVICIO AGRICOLA Y GANADERO,6919,745712,SAG - LO AGUIRRE,Metropolitana,https://transparenciachc.blob.core.windows.net/oc-da/Instituciones_compradoras.zip,2026-03-04T17:59:21.648688+00:00
56c61ef6eba9b25a0a345befd109148cc52b15f0a139b1e0c4844aee405a8373,0171,"GOB. CENTRAL, UNIVERSIDADES",SERVICIO AGRICOLA Y GANADERO,6919,557823,SUBDEPARTAMENTO DE BIENESTAR,Metropolitana,https://transparenciachc.blob.core.windows.net/oc-da/Instituciones_compradoras.zip,2026-03-04T17:59:21.648688+00:00
0006fccf1d5676f7dd156ec123a257beb6e80bb2c7d9d1718bf8ae403db2d0d6,0009,OBRAS PÚBLICAS,SERVICIO DE VIVIENDA Y URBANIZACION I REGION,6923,1005,SERVIU I REGIÓN,Tarapacá,https://transparenciachc.blob.core.windows.net/oc-da/Instituciones_compradoras.zip,2026-03-04T17:59:21.648688+00:00
5d458ab93bf5d3a7c35c3a61d143c43b23e2ef593da71c4347b94b9313bdb053,0004,"GOB. CENTRAL, UNIVERSIDADES",CORP NACIONAL FORESTAL,6924,909103,XIV REGION - PROVINCIAL VALDIVIA,Los Ríos,https://transparenciachc.blob.core.windows.net/oc-da/Instituciones_compradoras.zip,2026-03-04T17:59:21.648688+00:00
fb160e9015550c6c96164c7a292cee73a97216d5ff42ddc3b4000245d311edda,0004,"GOB. CENTRAL, UNIVERSIDADES",DIRECCION GENERAL DE GENDARMERIA DE CHIL,6925,1630,DIRECCIÓN NACIONAL,Metropolitana,https://transparenciachc.blob.core.windows.net/oc-da/Instituciones_compradoras.zip,2026-03-04T17:59:21.648688+00:00
7d551274f595a71dbe787ccb85815197db1d6eaf74962c3a0f48c1efb0a38973,5703,"GOB. CENTRAL, UNIVERSIDADES",DIRECCION GENERAL DE GENDARMERIA DE CHIL,6925,1250344,ECONOMATOS-REGIÓN DE ÑUBLE,Ñuble,https://transparenciachc.blob.core.windows.net/oc-da/Instituciones_compradoras.zip,2026-03-04T17:59:21.648688+00:00
55a8c73ca37599346d805d1e1d45885398173e6284afad0fd6471b458e214f92,8800,"GOB. CENTRAL, UNIVERSIDADES",DIRECCION GENERAL DE GENDARMERIA DE CHIL,6925,1171177,CET CERRADO IQUIQUE,Tarapacá,https://transparenciachc.blob.core.windows.net/oc-da/Instituciones_compradoras.zip,2026-03-04T17:59:21.648688+00:00
f102448a7edb15ed8341dc0c59ada08b83b4705c6b0480392adfab712017fe91,3006,"GOB. CENTRAL, UNIVERSIDADES",DIRECCION GENERAL DE GENDARMERIA DE CHIL,6925,1250593,EXTRAPRESUPUESTARIA - CET ANTOFAGASTA,Antofagasta,https://transparenciachc.blob.core.windows.net/oc-da/Instituciones_compradoras.zip,2026-03-04T17:59:21.648688+00:00
538e5cb2d5acb34997a86cc00a6d47530df5b8627edd8e9678405c01301a834b,4003,"GOB. CENTRAL, UNIVERSIDADES",DIRECCION GENERAL DE GENDARMERIA DE CHIL,6925,1250577,EXTRAPRESUPUESTARIA - CET CERRADO CCP COLINA 1,Metropolitana,https://transparenciachc.blob.core.windows.net/oc-da/Instituciones_compradoras.zip,2026-03-04T17:59:21.648688+00:00
217fdeeea25bfe45cf6658e9940f47c6d5702c3bb7f88f44f0a352a2b0c83829,6600,"GOB. CENTRAL, UNIVERSIDADES",DIRECCION GENERAL DE GENDARMERIA DE CHIL,6925,1250590,EXTRAPRESUPUESTARIA - CET ARICA,Arica y Parinacota,https://transparenciachc.blob.core.windows.net/oc-da/Instituciones_compradoras.zip,2026-03-04T17:59:21.648688+00:00
feeb90e11a78d8cf413291772f0c15dd8b3feb06edd8a22d978384fbc8b65f7c,2002,"GOB. CENTRAL, UNIVERSIDADES",DIRECCION GENERAL DE GENDARMERIA DE CHIL,6925,1250363,EXTRAPRESUPUESTARIA-CET VILCÚN,Araucanía,https://transparenciachc.blob.core.windows.net/oc-da/Instituciones_compradoras.zip,2026-03-04T17:59:21.648688+00:00
5d0f2e19d7f1b2cf2158e0e78736118547fd67bcf50c822c3b6f6dccb6c38444,8008,"GOB. CENTRAL, UNIVERSIDADES",DIRECCION GENERAL DE GENDARMERIA DE CHIL,6925,1250595,EXTRAPRESUPUESTARIA - CET ANGOL,Araucanía,https://transparenciachc.blob.core.windows.net/oc-da/Instituciones_compradoras.zip,2026-03-04T17:59:21.648688+00:00
9b296afff5da2d48977a02bace9a061f0f6d243625c2b5a4d1966c5d7941b458,1009,"GOB. CENTRAL, UNIVERSIDADES",DIRECCION GENERAL DE GENDARMERIA DE CHIL,6925,1250365,EXTRAPRESUPUESTARIA-CET VICTORIA,Araucanía,https://transparenciachc.blob.core.windows.net/oc-da/Instituciones_compradoras.zip,2026-03-04T17:59:21.648688+00:00
5fb4776d3643488a5dcdc5073e2414fe66c7292ce2a088e47982402bad55ac59,5607,"GOB. CENTRAL, UNIVERSIDADES",DIRECCION GENERAL DE GENDARMERIA DE CHIL,6925,1250374,EXTRAPRESUPUESTARIA-CET SEMIABIERTO POZO ALMONTE,Tarapacá,https://transparenciachc.blob.core.windows.net/oc-da/Instituciones_compradoras.zip,2026-03-04T17:59:21.648688+00:00
c52060624da88dda6191cf1a5beb2f28b131cae30c922958a53aecabe42cd50c,1008,"GOB. CENTRAL, UNIVERSIDADES",DIRECCION GENERAL DE GENDARMERIA DE CHIL,6925,1250568,EXTRAPRESUPUESTARIA-CET CERRADO CCP NUEVA IMPERIAL,Araucanía,https://transparenciachc.blob.core.windows.net/oc-da/Instituciones_compradoras.zip,2026-03-04T17:59:21.648688+00:00
2a2d79006cb2ed148a6f82eb4d4e64fccae02d3633f612413677a97b2a650ac2,6005,"GOB. CENTRAL, UNIVERSIDADES",DIRECCION GENERAL DE GENDARMERIA DE CHIL,6925,1173417,CET OJO DE OPACHE,Antofagasta,https://transparenciachc.blob.core.windows.net/oc-da/Instituciones_compradoras.zip,2026-03-04T17:59:21.648688+00:00
dba1770ac99e0e4b3614242589d5aaff95401768e5890d4b824bc71ef356ccb9,4008,"GOB. CENTRAL, UNIVERSIDADES",DIRECCION GENERAL DE GENDARMERIA DE CHIL,6925,1250564,EXTRAPRESUPUESTARIA - CET CERRADO CCP TEMUCO,Araucanía,https://transparenciachc.blob.core.windows.net/oc-da/Instituciones_compradoras.zip,2026-03-04T17:59:21.648688+00:00
199b94c0dfd1a8aa3efb2dd20d9b5a1a5bc4b7f5203dcc9dd7fbd939e310054d,4008,"GOB. CENTRAL, UNIVERSIDADES",DIRECCION GENERAL DE GENDARMERIA DE CHIL,6925,1250627,EXTRAPRESUPUESTARIA-CET CERRADO CDP VILLARRICA,Araucanía,https://transparenciachc.blob.core.windows.net/oc-da/Instituciones_compradoras.zip,2026-03-04T17:59:21.648688+00:00
5e67f02a0880eb28772507dd842855b36e1b9c651e5981bc8ebd4235c44a90b9,1003,"GOB. CENTRAL, UNIVERSIDADES",DIRECCION GENERAL DE GENDARMERIA DE CHIL,6925,1250570,EXTRAPRESUPUESTARIA - CET CERRADO CCP LAUTARO,Araucanía,https://transparenciachc.blob.core.windows.net/oc-da/Instituciones_compradoras.zip,2026-03-04T17:59:21.648688+00:00
3beb9d2540065d50c5012df73ad6b19ab89edbb585592905569e01304d838def,5008,"GOB. CENTRAL, UNIVERSIDADES",DIRECCION GENERAL DE GENDARMERIA DE CHIL,6925,1173423,CET CERRADO CCP VICTORIA,Araucanía,https://transparenciachc.blob.core.windows.net/oc-da/Instituciones_compradoras.zip,2026-03-04T17:59:21.648688+00:00
48aadd75bd3ce5a9a6207737b1255e9b9fcc22e6af644e55cf5e6336b129078b,6005,"GOB. CENTRAL, UNIVERSIDADES",DIRECCION GENERAL DE GENDARMERIA DE CHIL,6925,1250606,EXTRAPRESUPUESTARIA-CET CERRADO CPF TEMUCO,Araucanía,https://transparenciachc.blob.core.windows.net/oc-da/Instituciones_compradoras.zip,2026-03-04T17:59:21.648688+00:00
0fc125b36d62ceef71c710dbb423860d3514edf141a5e6d3e3043820965c075b,0500,"GOB. CENTRAL, UNIVERSIDADES",DIRECCION GENERAL DE GENDARMERIA DE CHIL,6925,1250588,EXTRAPRESUPUESTARIA-CET OSORNO,Los Lagos,https://transparenciachc.blob.core.windows.net/oc-da/Instituciones_compradoras.zip,2026-03-04T17:59:21.648688+00:00
80facda16d8a948519dfddc0d591233490378524f0f9a0a74bb145d2cb098749,1140,"GOB. CENTRAL, UNIVERSIDADES",DIRECCION GENERAL DE GENDARMERIA DE CHIL,6925,1250599,EXTRAPRESUPUESTARIA-CET CONCEPCIÓN,Bío-Bío,https://transparenciachc.blob.core.windows.net/oc-da/Instituciones_compradoras.zip,2026-03-04T17:59:21.648688+00:00
ed8351a534f491208283cfe34f9d695b16180f0d3459d39224656f765678330a,4007,"GOB. CENTRAL, UNIVERSIDADES",DIRECCION GENERAL DE GENDARMERIA DE CHIL,6925,1250370,EXTRAPRESUPUESTARIA-CET VALLE VERDE,Aysén,https://transparenciachc.blob.core.windows.net/oc-da/Instituciones_compradoras.zip,2026-03-04T17:59:21.648688+00:00
658ed72cfa3ee9443f6e09f51676aeba021d02b3a8dead1443ee4d061e4806e9,6004,"GOB. CENTRAL, UNIVERSIDADES",DIRECCION GENERAL DE GENDARMERIA DE CHIL,6925,1173434,CET CAÑETE,Bío-Bío,https://transparenciachc.blob.core.windows.net/oc-da/Instituciones_compradoras.zip,2026-03-04T17:59:21.648688+00:00
3c6c869d36f97b5eeca9a68762b73b18eb52af11b159b770d8c289e9190380b9,9004,"GOB. CENTRAL, UNIVERSIDADES",DIRECCION GENERAL DE GENDARMERIA DE CHIL,6925,1250572,EXTRAPRESUPUESTARIA - CET CERRADO CCP COYHAIQUE,Aysén,https://transparenciachc.blob.core.windows.net/oc-da/Instituciones_compradoras.zip,2026-03-04T17:59:21.648688+00:00
297f0d5327ce7aad808e478d96bd38b3b8fbd56158da4d4d2e5ef6a940678f9c,7000,"GOB. CENTRAL, UNIVERSIDADES",DIRECCION GENERAL DE GENDARMERIA DE CHIL,6925,1173436,CET CERRADO CDP MULCHEN,Bío-Bío,https://transparenciachc.blob.core.windows.net/oc-da/Instituciones_compradoras.zip,2026-03-04T17:59:21.648688+00:00
6c31948c7fed6724f6c7ed9283b93acc716fa0d4885dc94c492df58489980209,9200,"GOB. CENTRAL, UNIVERSIDADES",DIRECCION GENERAL DE GENDARMERIA DE CHIL,6925,1250372,EXTRAPRESUPUESTARIA - CET CERRADO CDP PUERTO AYSÉN,Aysén,https://transparenciachc.blob.core.windows.net/oc-da/Instituciones_compradoras.zip,2026-03-04T17:59:21.648688+00:00
53abdf003a19a73769f81e1bf70c6a1e432158af08b90dd6333c61cd392f1d0c,1805,"GOB. CENTRAL, UNIVERSIDADES",DIRECCION GENERAL DE GENDARMERIA DE CHIL,6925,1250560,EXTRAPRESUPUESTARIA - CET CERRADO CDP CHILE CHICO,Aysén,https://transparenciachc.blob.core.windows.net/oc-da/Instituciones_compradoras.zip,2026-03-04T17:59:21.648688+00:00
7468f4e34164369be5a537758951e31376fb8fc9edf42455f8a6a23725492018,5000,"GOB. CENTRAL, UNIVERSIDADES",DIRECCION GENERAL DE GENDARMERIA DE CHIL,6925,1250625,EXTRAPRESUPUESTARIA-CET CERRADO CDP YUMBEL,Bío-Bío,https://transparenciachc.blob.core.windows.net/oc-da/Instituciones_compradoras.zip,2026-03-04T17:59:21.648688+00:00
1851cc0cb4d2847062f8d422f6e45e9e9012205c904c1e5464e6be2a846ff7f5,9005,"GOB. CENTRAL, UNIVERSIDADES",DIRECCION GENERAL DE GENDARMERIA DE CHIL,6925,1250582,EXTRAPRESUPUESTARIA-CET PUNTA ARENAS,Magallanes y Antártica,https://transparenciachc.blob.core.windows.net/oc-da/Instituciones_compradoras.zip,2026-03-04T17:59:21.648688+00:00
5c158b174a619162a96e7c2f201c51b02f48b28f02bac05e9b553dc3df5f739b,5100,"GOB. CENTRAL, UNIVERSIDADES",DIRECCION GENERAL DE GENDARMERIA DE CHIL,6925,1250613,EXTRAPRESUPUESTARIA-CET CERRADO CP PUNTA ARENAS,Magallanes y Antártica,https://transparenciachc.blob.core.windows.net/oc-da/Instituciones_compradoras.zip,2026-03-04T17:59:21.648688+00:00
4c6fa9f19ef856a19a79e960c2df5a61f4c6abb35ec2aeddcb9e8200a74cc478,9008,"GOB. CENTRAL, UNIVERSIDADES",DIRECCION GENERAL DE GENDARMERIA DE CHIL,6925,1250612,EXTRAPRESUPUESTARIA-CET CERRADO CPF SANTIAGO,Metropolitana,https://transparenciachc.blob.core.windows.net/oc-da/Instituciones_compradoras.zip,2026-03-04T17:59:21.648688+00:00
c3e1d748bfed1d7b56b91bfefd3cf1294907237b6c3bae7d392514cf296c5d85,0365,"GOB. CENTRAL, UNIVERSIDADES",DIRECCION GENERAL DE GENDARMERIA DE CHIL,6925,1250596,EXTRAPRESUPUESTARIA-CET METROPOLITANO,Metropolitana,https://transparenciachc.blob.core.windows.net/oc-da/Instituciones_compradoras.zip,2026-03-04T17:59:21.648688+00:00
a989bbf4a32e16e12f1c83bfb4fc5a1c4338c8223b2d832686db18cea06ee95c,9151,"GOB. CENTRAL, UNIVERSIDADES",DIRECCION GENERAL DE GENDARMERIA DE CHIL,6925,1250381,EXTRAPRESUPUESTARIA-CET SEMIABIERTO FEMEN DE STGO,Metropolitana,https://transparenciachc.blob.core.windows.net/oc-da/Instituciones_compradoras.zip,2026-03-04T17:59:21.648688+00:00
61f93691af40206b7f5a7ca8b0f5944acae1f2fcb2a478473588e44a862e2cca,3932,"GOB. CENTRAL, UNIVERSIDADES",DIRECCION GENERAL DE GENDARMERIA DE CHIL,6925,1250373,EXTRAPRESUPUESTARIA - CET CERRADO CDP PUENTE ALTO,Metropolitana,https://transparenciachc.blob.core.windows.net/oc-da/Instituciones_compradoras.zip,2026-03-04T17:59:21.648688+00:00
da7e5adc8d9565f2550299efbb45376a016f48e0296bb9b6fd5382682b1ad273,0738,"GOB. CENTRAL, UNIVERSIDADES",DIRECCION GENERAL DE GENDARMERIA DE CHIL,6925,1250367,EXTRAPRESUPUESTARIA - CET CERRADO CDP TALAGANTE,Metropolitana,https://transparenciachc.blob.core.windows.net/oc-da/Instituciones_compradoras.zip,2026-03-04T17:59:21.648688+00:00
f0b2bcd9beeb5504889c70d346e964add7aa20835f733911f60ee16dc9b4fbb2,4006,"GOB. CENTRAL, UNIVERSIDADES",DIRECCION GENERAL DE GENDARMERIA DE CHIL,6925,1250369,EXTRAPRESUPUESTARIA - CET CERRADO CDP SANTIAGO SUR,Metropolitana,https://transparenciachc.blob.core.windows.net/oc-da/Instituciones_compradoras.zip,2026-03-04T17:59:21.648688+00:00
e73e9e95fb1b82a4875e1c2e667ed8fda87c33e165e5331cf09749d43d7effda,8601,"GOB. CENTRAL, UNIVERSIDADES",DIRECCION GENERAL DE GENDARMERIA DE CHIL,6925,1250574,EXTRAPRESUPUESTARIA - CET CERRADO CCP COPIAPÓ,Atacama,https://transparenciachc.blob.core.windows.net/oc-da/Instituciones_compradoras.zip,2026-03-04T17:59:21.648688+00:00
d33d113f43eb1a670f6fe90ab88aeec5f82163c70442314e3d5ad978b287b10f,4002,"GOB. CENTRAL, UNIVERSIDADES",DIRECCION GENERAL DE GENDARMERIA DE CHIL,6925,1250371,EXTRAPRESUPUESTARIA-CET VALDIVIA,Los Ríos,https://transparenciachc.blob.core.windows.net/oc-da/Instituciones_compradoras.zip,2026-03-04T17:59:21.648688+00:00
14c92b601a55a43d8cf488dab0d6ee5a644402ae97c6e001507669f8486d6c5c,1005,"GOB. CENTRAL, UNIVERSIDADES",DIRECCION GENERAL DE GENDARMERIA DE CHIL,6925,1173456,CET CERRADO CDP VALLENAR,Atacama,https://transparenciachc.blob.core.windows.net/oc-da/Instituciones_compradoras.zip,2026-03-04T17:59:21.648688+00:00
a96de70bad8a04c2703e1c3d532d448bde6fd5928058a0c69427d90e979ef1f9,6003,"GOB. CENTRAL, UNIVERSIDADES",DIRECCION GENERAL DE GENDARMERIA DE CHIL,6925,1250615,EXTRAPRESUPUESTARIA-CET CERRADO CP ARICA,Arica y Parinacota,https://transparenciachc.blob.core.windows.net/oc-da/Instituciones_compradoras.zip,2026-03-04T17:59:21.648688+00:00
c370d09fc7f0099af11814e8a99923160642d8138096062a2d03ff5f803e1dcf,3906,"GOB. CENTRAL, UNIVERSIDADES",DIRECCION GENERAL DE GENDARMERIA DE CHIL,6925,1250377,EXTRAPRESUPUESTARIA - CET CERRADO CDP OVALLE,Coquimbo,https://transparenciachc.blob.core.windows.net/oc-da/Instituciones_compradoras.zip,2026-03-04T17:59:21.648688+00:00
a1b0f06e120d39f094b063093e5d4a8a2530890e94c7122f54d2c01bbe3f6d5f,4005,"GOB. CENTRAL, UNIVERSIDADES",DIRECCION GENERAL DE GENDARMERIA DE CHIL,6925,1250368,EXTRAPRESUPUESTARIA-CET VALPARAÍSO,Valparaíso,https://transparenciachc.blob.core.windows.net/oc-da/Instituciones_compradoras.zip,2026-03-04T17:59:21.648688+00:00
37e41b03dfc9a714acd26d89a736a2ad00641dd5bff7f6186b73406dd9149fa9,1004,"GOB. CENTRAL, UNIVERSIDADES",DIRECCION GENERAL DE GENDARMERIA DE CHIL,6925,1173460,CET YUNGAY,Ñuble,https://transparenciachc.blob.core.windows.net/oc-da/Instituciones_compradoras.zip,2026-03-04T17:59:21.648688+00:00
1a2b1a410d55535d4ff399f46061312ec2295d8b7056b551443952801ea140b6,4005,"GOB. CENTRAL, UNIVERSIDADES",DIRECCION GENERAL DE GENDARMERIA DE CHIL,6925,1250623,EXTRAPRESUPUESTARIA-CET SAN CARLOS,Ñuble,https://transparenciachc.blob.core.windows.net/oc-da/Instituciones_compradoras.zip,2026-03-04T17:59:21.648688+00:00
8b897b5555a072c720e2fa9eeee3a42dad183ca4ea765a1ec57605c5b1b91302,1008,"GOB. CENTRAL, UNIVERSIDADES",DIRECCION GENERAL DE GENDARMERIA DE CHIL,6925,1250619,EXTRAPRESUPUESTARIA-CET CERRADO CP VALPARAÍSO,Valparaíso,https://transparenciachc.blob.core.windows.net/oc-da/Instituciones_compradoras.zip,2026-03-04T17:59:21.648688+00:00
dec4119af6755165d88c6d265adda1e2bc9471fb510167eb4a4afbdb6f2e22cb,0001,"GOB. CENTRAL, UNIVERSIDADES",DIRECCION GENERAL DE GENDARMERIA DE CHIL,6925,1250597,EXTRAPRESUPUESTARIA-CET LA PÓLVORA,Valparaíso,https://transparenciachc.blob.core.windows.net/oc-da/Instituciones_compradoras.zip,2026-03-04T17:59:21.648688+00:00
0b733fe76fd13a5a27c112fb89f8d6f41d212d87acebf2ad6eb6fcbdf5c69fd3,5201,"GOB. CENTRAL, UNIVERSIDADES",DIRECCION GENERAL DE GENDARMERIA DE CHIL,6925,1173464,CET CERRADO CDP YUNGAY,Ñuble,https://transparenciachc.blob.core.windows.net/oc-da/Instituciones_compradoras.zip,2026-03-04T17:59:21.648688+00:00
7950089aebb6be81883988b79af7dd4200d81a84e7d0c818cdc96375d08242f1,0209,"GOB. CENTRAL, UNIVERSIDADES",DIRECCION GENERAL DE GENDARMERIA DE CHIL,6925,1250579,EXTRAPRESUPUESTARIA-CET PUTAENDO,Valparaíso,https://transparenciachc.blob.core.windows.net/oc-da/Instituciones_compradoras.zip,2026-03-04T17:59:21.648688+00:00
1f999bfd90e60af73d2158c91f712de5194017842d86fbb351d8b902d03269f6,9003,"GOB. CENTRAL, UNIVERSIDADES",DIRECCION GENERAL DE GENDARMERIA DE CHIL,6925,1250360,EXTRAPRESUPUESTARIA-CET SEMIABIERTO TALCA,Maule,https://transparenciachc.blob.core.windows.net/oc-da/Instituciones_compradoras.zip,2026-03-04T17:59:21.648688+00:00
eeda0d1cabc49d263bb62df1fc46cac86dfe85a02477378c2f5b5636ac99cbd0,0008,"GOB. CENTRAL, UNIVERSIDADES",DIRECCION GENERAL DE GENDARMERIA DE CHIL,6925,1250571,EXTRAPRESUPUESTARIA - CET CERRADO CCP CURICÓ,Maule,https://transparenciachc.blob.core.windows.net/oc-da/Instituciones_compradoras.zip,2026-03-04T17:59:21.648688+00:00
344294e308c4187860c817ba31babd7d0e7b0651957ba7b8816f4d9f4164d47c,6002,"GOB. CENTRAL, UNIVERSIDADES",DIRECCION GENERAL DE GENDARMERIA DE CHIL,6925,1250565,EXTRAPRESUPUESTARIA - CET CERRADO CCP TALCA,Maule,https://transparenciachc.blob.core.windows.net/oc-da/Instituciones_compradoras.zip,2026-03-04T17:59:21.648688+00:00
323009b042e655d8f392812d6f42ddef32c7d4711c77af35cb02bede967d7389,4004,"GOB. CENTRAL, UNIVERSIDADES",DIRECCION GENERAL DE GENDARMERIA DE CHIL,6925,1250569,EXTRAPRESUPUESTARIA - CET CERRADO CCP LINARES,Maule,https://transparenciachc.blob.core.windows.net/oc-da/Instituciones_compradoras.zip,2026-03-04T17:59:21.648688+00:00
258668938a5cdabd4fc0e1c2317ea82e69f5d5319999db8d2bf399a71c425b4c,0340,"GOB. CENTRAL, UNIVERSIDADES",DIRECCION GENERAL DE GENDARMERIA DE CHIL,6925,1173476,CET CERRADO CPF TALCA,Maule,https://transparenciachc.blob.core.windows.net/oc-da/Instituciones_compradoras.zip,2026-03-04T17:59:21.648688+00:00
fa1b1ed59b86f6adc0bfbfadfc49094016e14202d9d11971f345f2f9e74f99f5,3273,"GOB. CENTRAL, UNIVERSIDADES",DIRECCION GENERAL DE GENDARMERIA DE CHIL,6925,1250580,EXTRAPRESUPUESTARIA - CET CERRADO CCP CAUQUENES,Maule,https://transparenciachc.blob.core.windows.net/oc-da/Instituciones_compradoras.zip,2026-03-04T17:59:21.648688+00:00
e4e5249166c34dbceb6385562203d497ae7e9172c6b41fb19f437c18e65b57d4,9005,"GOB. CENTRAL, UNIVERSIDADES",DIRECCION GENERAL DE GENDARMERIA DE CHIL,6925,1250566,EXTRAPRESUPUESTARIA - CET CERRADO CCP RENGO,Lib. Gral. Bdo. O'Higgins,https://transparenciachc.blob.core.windows.net/oc-da/Instituciones_compradoras.zip,2026-03-04T17:59:21.648688+00:00
ae634532de3fbc60e263f81b1a2f66afaa25675d87fe83b6dcdb6cc45cb803d7,0200,"GOB. CENTRAL, UNIVERSIDADES",DIRECCION GENERAL DE GENDARMERIA DE CHIL,6925,286975,REGIÓN DE ARICA Y PARINACOTA,Arica y Parinacota,https://transparenciachc.blob.core.windows.net/oc-da/Instituciones_compradoras.zip,2026-03-04T17:59:21.648688+00:00
125ae4a581a24a234f56b2084053821281c24a77026833d0dfbaf91e5091ea31,0071,"GOB. CENTRAL, UNIVERSIDADES",DIRECCION GENERAL DE GENDARMERIA DE CHIL,6925,2406,REGIÓN DE ANTOFAGASTA,Antofagasta,https://transparenciachc.blob.core.windows.net/oc-da/Instituciones_compradoras.zip,2026-03-04T17:59:21.648688+00:00
9e4f5a027d62a92e7e4575516f84652fcb50b7a43fb780cdbf9e18cc34d59c34,0101,"GOB. CENTRAL, UNIVERSIDADES",DIRECCION GENERAL DE GENDARMERIA DE CHIL,6925,2372,REGIÓN DE ATACAMA,Atacama,https://transparenciachc.blob.core.windows.net/oc-da/Instituciones_compradoras.zip,2026-03-04T17:59:21.648688+00:00
8bbe9ce58679d185e6a32f9e8119c9ecd20d218fbe8115398b7898485e4ec2a6,0128,"GOB. CENTRAL, UNIVERSIDADES",DIRECCION GENERAL DE GENDARMERIA DE CHIL,6925,2957,REGIÓN DE COQUIMBO,Coquimbo,https://transparenciachc.blob.core.windows.net/oc-da/Instituciones_compradoras.zip,2026-03-04T17:59:21.648688+00:00
9ecbc86cd5267e843ff150394ce99a262713a48f94f0c58be45975d1e7fc8486,0241,"GOB. CENTRAL, UNIVERSIDADES",DIRECCION GENERAL DE GENDARMERIA DE CHIL,6925,2948,REGIÓN DE VALPARAÍSO,Valparaíso,https://transparenciachc.blob.core.windows.net/oc-da/Instituciones_compradoras.zip,2026-03-04T17:59:21.648688+00:00
8fe2667c2db101a53a59bd13e2c910d8a34403087e6d37d60267d46472228048,4042,"GOB. CENTRAL, UNIVERSIDADES",DIRECCION GENERAL DE GENDARMERIA DE CHIL,6925,2398,REGIÓN DE O'HIGGINS,Lib. Gral. Bdo. O'Higgins,https://transparenciachc.blob.core.windows.net/oc-da/Instituciones_compradoras.zip,2026-03-04T17:59:21.648688+00:00
a1033987b3d2594694c7dfbea019900be9754de4bc72ec12071feea30400aaab,0519,"GOB. CENTRAL, UNIVERSIDADES",DIRECCION GENERAL DE GENDARMERIA DE CHIL,6925,2387,REGIÓN DEL MAULE,Maule,https://transparenciachc.blob.core.windows.net/oc-da/Instituciones_compradoras.zip,2026-03-04T17:59:21.648688+00:00
80ccf9c06ff0f7ed38cf88279e3c9d8f1273f4fad4dddf502934339e40f535db,0683,"GOB. CENTRAL, UNIVERSIDADES",DIRECCION GENERAL DE GENDARMERIA DE CHIL,6925,2964,REGIÓN DEL BIO BÍO,Bío-Bío,https://transparenciachc.blob.core.windows.net/oc-da/Instituciones_compradoras.zip,2026-03-04T17:59:21.648688+00:00
67859685c23ba940c62e1199d5b238a92877a3813d066757f79bb58ac27d8380,4087,"GOB. CENTRAL, UNIVERSIDADES",DIRECCION GENERAL DE GENDARMERIA DE CHIL,6925,2963,REGIÓN DE LA ARAUCANÍA,Araucanía,https://transparenciachc.blob.core.windows.net/oc-da/Instituciones_compradoras.zip,2026-03-04T17:59:21.648688+00:00
c4eb4ebd4444537557398f33d0607f037cede7b071c567bc62149b2617b8e182,0985,"GOB. CENTRAL, UNIVERSIDADES",DIRECCION GENERAL DE GENDARMERIA DE CHIL,6925,2409,REGIÓN DE LOS LAGOS,Los Lagos,https://transparenciachc.blob.core.windows.net/oc-da/Instituciones_compradoras.zip,2026-03-04T17:59:21.648688+00:00
c68282e147e205bee033a7835774abbd40c746ca71040de31bec41ebe5618fc5,1019,"GOB. CENTRAL, UNIVERSIDADES",DIRECCION GENERAL DE GENDARMERIA DE CHIL,6925,2399,REGIÓN DE AYSÉN,Aysén,https://transparenciachc.blob.core.windows.net/oc-da/Instituciones_compradoras.zip,2026-03-04T17:59:21.648688+00:00
c7c5316413be21ad62b7c19473c3b34427beb5a408a1c08b8b119f6601d1350f,0543,"GOB. CENTRAL, UNIVERSIDADES",DIRECCION GENERAL DE GENDARMERIA DE CHIL,6925,2960,REGIÓN DE MAGALLANES,Magallanes y Antártica,https://transparenciachc.blob.core.windows.net/oc-da/Instituciones_compradoras.zip,2026-03-04T17:59:21.648688+00:00
7e50171a1bff4dc37d9a6a878e7a6a86c852a41f307d3be73951b3f015d56daa,8006,"GOB. CENTRAL, UNIVERSIDADES",DIRECCION GENERAL DE GENDARMERIA DE CHIL,6925,2407,REGIÓN METROPOLITANA,Metropolitana,https://transparenciachc.blob.core.windows.net/oc-da/Instituciones_compradoras.zip,2026-03-04T17:59:21.648688+00:00
36cbc7199768b7ff989b017a9668f08fd3ef533b12b537563017befe17f333e9,0357,"GOB. CENTRAL, UNIVERSIDADES",DIRECCION GENERAL DE GENDARMERIA DE CHIL,6925,3552,ESCUELA DE GENDARMERÍA,Metropolitana,https://transparenciachc.blob.core.windows.net/oc-da/Instituciones_compradoras.zip,2026-03-04T17:59:21.648688+00:00
eacf78d291eceaf9b94e83b4a3f91b552c61d14f6504534e5a0bd2840ee574e2,1205,"GOB. CENTRAL, UNIVERSIDADES",DIRECCION GENERAL DE GENDARMERIA DE CHIL,6925,920171,POLICLÍNICO INSTITUCIONAL,Metropolitana,https://transparenciachc.blob.core.windows.net/oc-da/Instituciones_compradoras.zip,2026-03-04T17:59:21.648688+00:00
b9638ce807d3f3e98fd209910095b709370c124305c5dfaaf535681e98fb6676,7000,"GOB. CENTRAL, UNIVERSIDADES",DIRECCION GENERAL DE GENDARMERIA DE CHIL,6925,1272220,ECONOMATO CPF SAN MIGUEL,Metropolitana,https://transparenciachc.blob.core.windows.net/oc-da/Instituciones_compradoras.zip,2026-03-04T17:59:21.648688+00:00
1171976c591ff024cf0a806d7f44de655741b778a77eefe7d4133d93c5e854eb,5000,"GOB. CENTRAL, UNIVERSIDADES",DIRECCION GENERAL DE GENDARMERIA DE CHIL,6925,1272221,ECONOMATO CDP PUENTE ALTO,Metropolitana,https://transparenciachc.blob.core.windows.net/oc-da/Instituciones_compradoras.zip,2026-03-04T17:59:21.648688+00:00
47761066cd32dfdd3f0a9d6b8a8a1bfa2a11fa3ac7031b1b92e334708271c7f9,0306,"GOB. CENTRAL, UNIVERSIDADES",DIRECCION GENERAL DE GENDARMERIA DE CHIL,6925,1272222,ECONOMATO CDP SANTIAGO SUR,Metropolitana,https://transparenciachc.blob.core.windows.net/oc-da/Instituciones_compradoras.zip,2026-03-04T17:59:21.648688+00:00
9c2b40e37fb0af6485701d0a5cc84f92302cc124972212b0295b73cc857309e5,0706,"GOB. CENTRAL, UNIVERSIDADES",DIRECCION GENERAL DE GENDARMERIA DE CHIL,6925,1272226,ECONOMATO CENTRO PENITENCIARIO FEMENINO SANTIAGO,Metropolitana,https://transparenciachc.blob.core.windows.net/oc-da/Instituciones_compradoras.zip,2026-03-04T17:59:21.648688+00:00
8c615efce3a35f2505f769fa0ac0e7f376f90070bce8d1ca6e693d51901cce2e,8004,"GOB. CENTRAL, UNIVERSIDADES",DIRECCION GENERAL DE GENDARMERIA DE CHIL,6925,1272227,ECONOMATO CCP COLINA II,Metropolitana,https://transparenciachc.blob.core.windows.net/oc-da/Instituciones_compradoras.zip,2026-03-04T17:59:21.648688+00:00
7197f840bb833e782dab8ad3ec9f5c758432899714c366caaeaf44da854c6e1e,6339,"GOB. CENTRAL, UNIVERSIDADES",DIRECCION GENERAL DE GENDARMERIA DE CHIL,6925,1272228,ECONOMATO CDP TALAGANTE,Metropolitana,https://transparenciachc.blob.core.windows.net/oc-da/Instituciones_compradoras.zip,2026-03-04T17:59:21.648688+00:00
2ef8d594eb915a804cfdce33c2bb0457f973a2e397cbfbc61058afadd500fbc0,1175,"GOB. CENTRAL, UNIVERSIDADES",DIRECCION GENERAL DE GENDARMERIA DE CHIL,6925,1272231,ECONOMATO CCP OSORNO,Los Lagos,https://transparenciachc.blob.core.windows.net/oc-da/Instituciones_compradoras.zip,2026-03-04T17:59:21.648688+00:00
aa7233564a5412c7b3d9d037e7bdc9248b199ac9d5e24a7227f893b87ce26937,0686,"GOB. CENTRAL, UNIVERSIDADES",DIRECCION GENERAL DE GENDARMERIA DE CHIL,6925,1272256,ECONOMATO CCP CAUQUENES,Maule,https://transparenciachc.blob.core.windows.net/oc-da/Instituciones_compradoras.zip,2026-03-04T17:59:21.648688+00:00
de2a9adb2e12111e1998be521c151de447f5ad48cd1d41a5b166b7edfae49c58,2006,"GOB. CENTRAL, UNIVERSIDADES",DIRECCION GENERAL DE GENDARMERIA DE CHIL,6925,1272257,ECONOMATO CCP CURICÓ,Maule,https://transparenciachc.blob.core.windows.net/oc-da/Instituciones_compradoras.zip,2026-03-04T17:59:21.648688+00:00
c4d39b9c7dbb1b74b0a5e22eacc0140fd524e721290b9e05220ddd668667dae0,4007,"GOB. CENTRAL, UNIVERSIDADES",DIRECCION GENERAL DE GENDARMERIA DE CHIL,6925,1272258,ECONOMATO CCP LINARES,Maule,https://transparenciachc.blob.core.windows.net/oc-da/Instituciones_compradoras.zip,2026-03-04T17:59:21.648688+00:00
405b8dd4ce7dff64a7ff948ce9b62ce1ed10e94406f81d7bdce5d554c0c61277,4000,"GOB. CENTRAL, UNIVERSIDADES",DIRECCION GENERAL DE GENDARMERIA DE CHIL,6925,1272260,ECONOMATO CCP TALCA,Maule,https://transparenciachc.blob.core.windows.net/oc-da/Instituciones_compradoras.zip,2026-03-04T17:59:21.648688+00:00
0005979f0eb35fac59b405a95c45b1c2533fee800d186df26607447d1b2884e6,4123,"GOB. CENTRAL, UNIVERSIDADES",DIRECCION GENERAL DE GENDARMERIA DE CHIL,6925,1272265,ECONOMATO CCP LOS ANDES,Valparaíso,https://transparenciachc.blob.core.windows.net/oc-da/Instituciones_compradoras.zip,2026-03-04T17:59:21.648688+00:00
8a2a16f67b050b2da63dadce7cf8e496a481af8512ce7923c31cf8912ec19bab,2001,"GOB. CENTRAL, UNIVERSIDADES",DIRECCION GENERAL DE GENDARMERIA DE CHIL,6925,1272266,ECONOMATO CCP SAN FELIPE,Valparaíso,https://transparenciachc.blob.core.windows.net/oc-da/Instituciones_compradoras.zip,2026-03-04T17:59:21.648688+00:00
fe39e1c8342d8c993a6ae0762957cf7b7216797159c6c8a65859eeab00bfcc48,2321,"GOB. CENTRAL, UNIVERSIDADES",DIRECCION GENERAL DE GENDARMERIA DE CHIL,6925,1272267,ECONOMATO CDP QUILLOTA,Valparaíso,https://transparenciachc.blob.core.windows.net/oc-da/Instituciones_compradoras.zip,2026-03-04T17:59:21.648688+00:00
0d53c9ec4d138dcdab72496c4395e6ac074dfb007bef71e4290b9b10db761271,1221,"GOB. CENTRAL, UNIVERSIDADES",DIRECCION GENERAL DE GENDARMERIA DE CHIL,6925,1272271,ECONOMATO CP VALPARAÍSO,Valparaíso,https://transparenciachc.blob.core.windows.net/oc-da/Instituciones_compradoras.zip,2026-03-04T17:59:21.648688+00:00
0a3c9b9352d60ecf6862f955bc13db9589f2678a6c67f0ab2b80f1b0826ca795,8831,"GOB. CENTRAL, UNIVERSIDADES",DIRECCION GENERAL DE GENDARMERIA DE CHIL,6925,1272272,CET CERRADO CCP COLINA II,Metropolitana,https://transparenciachc.blob.core.windows.net/oc-da/Instituciones_compradoras.zip,2026-03-04T17:59:21.648688+00:00
4f0418f1209c1015dee3d97e88d8495ffd5d86dce4ab1445f77071b643f726c0,0020,"GOB. CENTRAL, UNIVERSIDADES",DIRECCION GENERAL DE GENDARMERIA DE CHIL,6925,2403,REGIÓN DE TARAPACÁ,Tarapacá,https://transparenciachc.blob.core.windows.net/oc-da/Instituciones_compradoras.zip,2026-03-04T17:59:21.648688+00:00
0a718cf9c5db98eb6b5c39fe6f35ba940c35062c050dc9a5f9263f49473fd20b,9060,"GOB. CENTRAL, UNIVERSIDADES",DIRECCION GENERAL DE GENDARMERIA DE CHIL,6925,287013,REGIÓN DE LOS RÍOS,Los Ríos,https://transparenciachc.blob.core.windows.net/oc-da/Instituciones_compradoras.zip,2026-03-04T17:59:21.648688+00:00
bcbee1530262e91cc4f5927114783279a3c15cefa14551857ad8eb65bdab994d,1086,"GOB. CENTRAL, UNIVERSIDADES",DIRECCION GENERAL DE GENDARMERIA DE CHIL,6925,6107,BIENESTAR SOCIAL Y CALIDAD DE VIDA,Metropolitana,https://transparenciachc.blob.core.windows.net/oc-da/Instituciones_compradoras.zip,2026-03-04T17:59:21.648688+00:00
f496485b9fd65558175ec7edf8478754423b8e202e90fd7d792a6d53a15fa71a,0007,SALUD,SERVICIO DE SALUD DE ARICA,6926,1632,HOSPITAL JUAN NOÉ,Arica y Parinacota,https://transparenciachc.blob.core.windows.net/oc-da/Instituciones_compradoras.zip,2026-03-04T17:59:21.648688+00:00
4040588597cd1bd53b0764d411e99cb5c7c99a75a5c45ce44a517da039f4989b,0001,"GOB. CENTRAL, UNIVERSIDADES",DIRECCION PREVISION DE CARABINEROS DE CHILE,6927,5677,BIENESTAR DE DIPRECA,Metropolitana,https://transparenciachc.blob.core.windows.net/oc-da/Instituciones_compradoras.zip,2026-03-04T17:59:21.648688+00:00
cb8aa4c54b7094c829489c6faa518d6f6c05944c07ebf03dbf75feda9047e8e7,6002,"GOB. CENTRAL, UNIVERSIDADES",JUNTA NACIONAL DE JARDINES         INFANTILES,6928,6451,JUNJI - XIV REGIÓN - LOS RÍOS,Los Ríos,https://transparenciachc.blob.core.windows.net/oc-da/Instituciones_compradoras.zip,2026-03-04T17:59:21.648688+00:00
8f2c53487c6dc803e37036bf263d38b020f3608bcc1785766ce1935daa657f69,0007,SALUD,SUPERINTENDENCIA DE SALUD,6930,294319,SERVICIO BIENESTAR SUPERINTENDENCIA,Metropolitana,https://transparenciachc.blob.core.windows.net/oc-da/Instituciones_compradoras.zip,2026-03-04T17:59:21.648688+00:00
d49ce4725be4eaa40af58e5c2c5508ab1f98b8175f28308d76bb58f85a2f3a71,0006,"GOB. CENTRAL, UNIVERSIDADES",INSTITUTO NACIONAL DE ESTADISTICAS,6931,5312,INE -  BIENESTAR,Metropolitana,https://transparenciachc.blob.core.windows.net/oc-da/Instituciones_compradoras.zip,2026-03-04T17:59:21.648688+00:00
45a97fe7dc83cf3e71b3212380c4779759b5ef595274e955423527f1c09668e8,0002,SALUD,SERVICIO DE SALUD NUBLE,6932,1180937,COMPRAS CONVENIO GORE ÑUBLE,Ñuble,https://transparenciachc.blob.core.windows.net/oc-da/Instituciones_compradoras.zip,2026-03-04T17:59:21.648688+00:00
1cccaa833d5b0beca78857c10de95b01a0d9862f756380760d6ee887aacbbbda,0005,"GOB. CENTRAL, UNIVERSIDADES",CONSEJO DE DEFENSA DEL ESTADO,6933,1601,CONSEJO DE DEFENSA DEL ESTADO,Metropolitana,https://transparenciachc.blob.core.windows.net/oc-da/Instituciones_compradoras.zip,2026-03-04T17:59:21.648688+00:00
1cf29f742d86e41e44b03fffb0fcc974163d44bcbc6afad32f1a13629496f0c5,8006,"GOB. CENTRAL, UNIVERSIDADES",CONSEJO DE DEFENSA DEL ESTADO,6933,5615,BIENESTAR CDE,Metropolitana,https://transparenciachc.blob.core.windows.net/oc-da/Instituciones_compradoras.zip,2026-03-04T17:59:21.648688+00:00
3f81015b60bc6c262f5468ef679deafc73e2ec922e34df5e45e8b39b9e365531,0003,"GOB. CENTRAL, UNIVERSIDADES",SUBSECRETARIA DE TELECOMUNICACIONES,6934,1602,SUBSECRETARÍA DE TELECOMUNICACIONES,Metropolitana,https://transparenciachc.blob.core.windows.net/oc-da/Instituciones_compradoras.zip,2026-03-04T17:59:21.648688+00:00
32de444a487111c4406ec705e154782111855aeeda75ed46cb080b7782ed8267,0000,"GOB. CENTRAL, UNIVERSIDADES",PARQUE METROPOLITANO DE SANTIAGO,6935,1603,ADQUISICIONES,Metropolitana,https://transparenciachc.blob.core.windows.net/oc-da/Instituciones_compradoras.zip,2026-03-04T17:59:21.648688+00:00
481643a0471a05d242e01c260ebce2b3ceb6054f2445a141a9cc91301dccd378,0019,"GOB. CENTRAL, UNIVERSIDADES",PARQUE METROPOLITANO DE SANTIAGO,6935,563515,SERVICIO  DE BIENESTAR PMS,Metropolitana,https://transparenciachc.blob.core.windows.net/oc-da/Instituciones_compradoras.zip,2026-03-04T17:59:21.648688+00:00
faebe339feb4126faed5732ae5e56f283fb6d619f5decffc6210e70ffff6a302,6021,SALUD,HOSPITAL DR GUSTAVO FRICKE DE VINA DEL MAR,6936,1604,HOSPITAL DR. GUSTAVO FRICKE,Valparaíso,https://transparenciachc.blob.core.windows.net/oc-da/Instituciones_compradoras.zip,2026-03-04T17:59:21.648688+00:00
eacf95a9c60031ae03d50203d11e472c292ac746eff5fda40544949ec0632531,0001,"GOB. CENTRAL, UNIVERSIDADES",INSTITUTO DE DESARROLLO AGROPECUARIO,6937,591376,UNIDAD DE COMPRA - REGION DE LOS RIOS,Los Ríos,https://transparenciachc.blob.core.windows.net/oc-da/Instituciones_compradoras.zip,2026-03-04T17:59:21.648688+00:00
ac3727589685330cf51a903cf261506a92f6e5ea66cdc6ff5558ecace3aba0d7,0006,"GOB. CENTRAL, UNIVERSIDADES",COMISIÓN NACIONAL DE ENERGÍA,6938,1606,COMISIÓN NACIONAL DE ENERGÍA,Metropolitana,https://transparenciachc.blob.core.windows.net/oc-da/Instituciones_compradoras.zip,2026-03-04T17:59:21.648688+00:00
4a5281f1be9a61ce6b6d50ebc346296942287b2e7b2ee862dd3f0caecf0351e7,0006,"GOB. CENTRAL, UNIVERSIDADES",SUBSECRETARIA DEL TRABAJO,6939,5608,PROGRAMA PRO EMPLEO,Metropolitana,https://transparenciachc.blob.core.windows.net/oc-da/Instituciones_compradoras.zip,2026-03-04T17:59:21.648688+00:00
6a40d870507ccd0f8ebb84845a83bddafaf1169cfc9bcf7cc2cec3a27deff072,7006,"GOB. CENTRAL, UNIVERSIDADES",GOBIERNO REGIONAL IV REGION COQUIMBO,6940,1620,COMPRA REGIONAL,Coquimbo,https://transparenciachc.blob.core.windows.net/oc-da/Instituciones_compradoras.zip,2026-03-04T17:59:21.648688+00:00
7161a4edc686618c2cd72b6e7101f44fbeee650100f1dd10bb5ce5108f4d457d,3840,"GOB. CENTRAL, UNIVERSIDADES",GOBIERNO REGIONAL IV REGION COQUIMBO,6940,6057,BIENESTAR GORE COQUIMBO,Coquimbo,https://transparenciachc.blob.core.windows.net/oc-da/Instituciones_compradoras.zip,2026-03-04T17:59:21.648688+00:00
8dfc91ba1cdb7fe49781e1ebae29a2e5edd4579c5cec8eb2802427be79f56ba1,0008,"GOB. CENTRAL, UNIVERSIDADES",MINISTERIO DE BIENES NACIONALES,6941,4473,MINISTERIO DE BIENES NACIONALES,Metropolitana,https://transparenciachc.blob.core.windows.net/oc-da/Instituciones_compradoras.zip,2026-03-04T17:59:21.648688+00:00
84ca7b4b3f1ac0256e9de14bf254b43422ba9623febd855933f200cdf569a0b7,0510,"GOB. CENTRAL, UNIVERSIDADES",MINISTERIO DE BIENES NACIONALES,6941,1260525,SEREMI ÑUBLE APORTE DE USUARIOS-TÍTULOS DE DOMINIO,Ñuble,https://transparenciachc.blob.core.windows.net/oc-da/Instituciones_compradoras.zip,2026-03-04T17:59:21.648688+00:00
fca3b7268e4c2d7287711cdd7f73728cadce6df11bac9bb153923ce2c7111745,0059,"GOB. CENTRAL, UNIVERSIDADES",MINISTERIO DE BIENES NACIONALES,6941,1773,SEREMI DE TARAPACÁ,Tarapacá,https://transparenciachc.blob.core.windows.net/oc-da/Instituciones_compradoras.zip,2026-03-04T17:59:21.648688+00:00
73b68c2487a9e125ec2cb03f742dd8d9f7e2c2ee577cf46ccd95b5249e6a7b89,0172,"GOB. CENTRAL, UNIVERSIDADES",MINISTERIO DE BIENES NACIONALES,6941,1660,SEREMI DE ANTOFAGASTA,Antofagasta,https://transparenciachc.blob.core.windows.net/oc-da/Instituciones_compradoras.zip,2026-03-04T17:59:21.648688+00:00
7888a394e621b8f234ae8154f67764592bef8d151148d77c063b1285aa0f1111,7007,"GOB. CENTRAL, UNIVERSIDADES",MINISTERIO DE BIENES NACIONALES,6941,1663,SEREMI DE ATACAMA,Atacama,https://transparenciachc.blob.core.windows.net/oc-da/Instituciones_compradoras.zip,2026-03-04T17:59:21.648688+00:00
c63fdab0e39ada96a20f827a6ce8a39ecb3cd12eccef3b41a96029825e2699c8,0202,"GOB. CENTRAL, UNIVERSIDADES",MINISTERIO DE BIENES NACIONALES,6941,1665,SEREMI DE COQUIMBO,Coquimbo,https://transparenciachc.blob.core.windows.net/oc-da/Instituciones_compradoras.zip,2026-03-04T17:59:21.648688+00:00
7dc688141593ebcd87f8bbe75aaaae5b4901a8518f40ae540e1c118ca08bd416,0164,"GOB. CENTRAL, UNIVERSIDADES",MINISTERIO DE BIENES NACIONALES,6941,1666,SEREMI DE VALPARAÍSO,Valparaíso,https://transparenciachc.blob.core.windows.net/oc-da/Instituciones_compradoras.zip,2026-03-04T17:59:21.648688+00:00
c588e20e030b8cc371bee12d0d300d284b9cd14812ec60bceea720bef32610ab,9005,"GOB. CENTRAL, UNIVERSIDADES",MINISTERIO DE BIENES NACIONALES,6941,1669,SEREMI DEL LIBERTADOR GENERAL BERNARDO OHIGGINS,Lib. Gral. Bdo. O'Higgins,https://transparenciachc.blob.core.windows.net/oc-da/Instituciones_compradoras.zip,2026-03-04T17:59:21.648688+00:00
5897407510ca7eabd34ebcef6ddd73818c7014d12016a65986365e1fd90ed4af,0199,"GOB. CENTRAL, UNIVERSIDADES",MINISTERIO DE BIENES NACIONALES,6941,1671,SEREMI DEL MAULE,Maule,https://transparenciachc.blob.core.windows.net/oc-da/Instituciones_compradoras.zip,2026-03-04T17:59:21.648688+00:00
971a12dae0dc3666e5a53034df90d31f0d4083df31dcf88eb832423266e63bf1,0067,"GOB. CENTRAL, UNIVERSIDADES",MINISTERIO DE BIENES NACIONALES,6941,1673,SEREMI DEL BIO-BÍO,Bío-Bío,https://transparenciachc.blob.core.windows.net/oc-da/Instituciones_compradoras.zip,2026-03-04T17:59:21.648688+00:00
ad1256a2b30cfb61f52b17102aecf3700b8cea7f5a8e5c37b2559b45ebfc3f59,0180,"GOB. CENTRAL, UNIVERSIDADES",MINISTERIO DE BIENES NACIONALES,6941,1674,SEREMI DE LA ARAUCANÍA,Araucanía,https://transparenciachc.blob.core.windows.net/oc-da/Instituciones_compradoras.zip,2026-03-04T17:59:21.648688+00:00
9b4ef10c5a3826f55873726adcd71f0b3076d24a75e8796e43601c41a0e96b63,0148,"GOB. CENTRAL, UNIVERSIDADES",MINISTERIO DE BIENES NACIONALES,6941,1676,SEREMI DE LOS LAGOS,Los Lagos,https://transparenciachc.blob.core.windows.net/oc-da/Instituciones_compradoras.zip,2026-03-04T17:59:21.648688+00:00
1c8574cbcda470a1cbb05a4cf21a5f6b91bc2877909ab7ecd4fb3973bf126e9c,0142,"GOB. CENTRAL, UNIVERSIDADES",MINISTERIO DE BIENES NACIONALES,6941,1678,SEREMI AYSÉN DEL GENERAL CARLOS IBÁÑEZ DEL CAMPO,Aysén,https://transparenciachc.blob.core.windows.net/oc-da/Instituciones_compradoras.zip,2026-03-04T17:59:21.648688+00:00
ed0b8fa6411f354b0b1695e92fc668432fbbde7334956f910af7ff6e6a0e81b7,0083,"GOB. CENTRAL, UNIVERSIDADES",MINISTERIO DE BIENES NACIONALES,6941,1679,SEREMI DE MAGALLANES Y LA ANTÁRTICA CHILENA,Magallanes y Antártica,https://transparenciachc.blob.core.windows.net/oc-da/Instituciones_compradoras.zip,2026-03-04T17:59:21.648688+00:00
b359f8d50500975494f103b07e792765ac09eafcb9c6ced676b3832b58444249,0006,"GOB. CENTRAL, UNIVERSIDADES",MINISTERIO DE BIENES NACIONALES,6941,1681,SEREMI METROPOLITANA,Metropolitana,https://transparenciachc.blob.core.windows.net/oc-da/Instituciones_compradoras.zip,2026-03-04T17:59:21.648688+00:00
dd3121cbf8e7d17ac0cbab21a832e9dc9564675924dc8be2dc271486f592292c,0105,"GOB. CENTRAL, UNIVERSIDADES",MINISTERIO DE BIENES NACIONALES,6941,6563,SEREMI  DE LOS RÍOS,Los Ríos,https://transparenciachc.blob.core.windows.net/oc-da/Instituciones_compradoras.zip,2026-03-04T17:59:21.648688+00:00
d34f86bb3e5108a7bd5698201202f8a3b502580ae6ed2c178245130fa084545b,0024,"GOB. CENTRAL, UNIVERSIDADES",MINISTERIO DE BIENES NACIONALES,6941,550908,SERVICIO DE BIENESTAR MBN,Metropolitana,https://transparenciachc.blob.core.windows.net/oc-da/Instituciones_compradoras.zip,2026-03-04T17:59:21.648688+00:00
1553d0a7f6327c2bf5684a4a23c5874c52e632f5ed8c5403c8980d714610486a,0308,"GOB. CENTRAL, UNIVERSIDADES",MINISTERIO DE BIENES NACIONALES,6941,6562,SEREMI DE ARICA Y PARINACOTA,Arica y Parinacota,https://transparenciachc.blob.core.windows.net/oc-da/Instituciones_compradoras.zip,2026-03-04T17:59:21.648688+00:00
0278edeee14b81a96dbad3c61e4f8fb9a2613375f06b97536197f0d11d35e791,0002,"GOB. CENTRAL, UNIVERSIDADES",CORPORACION DE FOMENTO DE LA PRODUCCION,6942,913219,MARKET PYME,Metropolitana,https://transparenciachc.blob.core.windows.net/oc-da/Instituciones_compradoras.zip,2026-03-04T17:59:21.648688+00:00
8396ccdbb96a0d6b2eee0c1c37da4dd950bc0d73b5f107daf28b0589dc987924,6905,"GOB. CENTRAL, UNIVERSIDADES",CORPORACION DE FOMENTO DE LA PRODUCCION,6942,1169482,UNIDAD ADMINISTRADORA DEL FONDO DE GARANTÍA DE INF,Metropolitana,https://transparenciachc.blob.core.windows.net/oc-da/Instituciones_compradoras.zip,2026-03-04T17:59:21.648688+00:00
e16f1d224311ad6f6042807bac33f7b9a8c51c0cf5dd8a721043b13e89393cca,6473,"GOB. CENTRAL, UNIVERSIDADES",CORPORACION DE FOMENTO DE LA PRODUCCION,6942,1271099,COMITÉ DE DESARROLLO HIDRÓGENO VERDE,Metropolitana,https://transparenciachc.blob.core.windows.net/oc-da/Instituciones_compradoras.zip,2026-03-04T17:59:21.648688+00:00
95d77b02e43c69e3c5af7604fd303c50737233aa0bbf7babce647935b9f8071d,0605,"GOB. CENTRAL, UNIVERSIDADES",CORPORACION DE FOMENTO DE LA PRODUCCION,6942,2364,AGENCIA DE SUSTENTABILIDAD Y CAMBIO CLIMÁTICO,Metropolitana,https://transparenciachc.blob.core.windows.net/oc-da/Instituciones_compradoras.zip,2026-03-04T17:59:21.648688+00:00
34453ee1b0bd76bcf7434b55dcc5607df24f7bfd23b65b782f908eb9eed100fa,2110,"GOB. CENTRAL, UNIVERSIDADES",CORPORACION DE FOMENTO DE LA PRODUCCION,6942,2373,COMITÉ DE DES. PRODUCTIVO REGIONAL DEL BÍO BÍO,Bío-Bío,https://transparenciachc.blob.core.windows.net/oc-da/Instituciones_compradoras.zip,2026-03-04T17:59:21.648688+00:00
98e05d50b149d5544892488f907b94d86f1b91ce2d6d3b70d2777410c646e8cf,6069,"GOB. CENTRAL, UNIVERSIDADES",CORPORACION DE FOMENTO DE LA PRODUCCION,6942,5211,COMITE INNOVA CHILE,Metropolitana,https://transparenciachc.blob.core.windows.net/oc-da/Instituciones_compradoras.zip,2026-03-04T17:59:21.648688+00:00
ed170f51689f2750c7e2a02fc0f65883e31600215e9298c2327eba494bc57941,5801,"GOB. CENTRAL, UNIVERSIDADES",CORPORACION DE FOMENTO DE LA PRODUCCION,6942,909389,COMITÉ DE DES PRODUCTIVO REGIONAL ANTOFAGASTA,Antofagasta,https://transparenciachc.blob.core.windows.net/oc-da/Instituciones_compradoras.zip,2026-03-04T17:59:21.648688+00:00
1fa7b49983bfba9ba379c8dfcc16dfe45be22b0379a54b907500effaf5617988,5704,"GOB. CENTRAL, UNIVERSIDADES",CORPORACION DE FOMENTO DE LA PRODUCCION,6942,912853,COM. DESARROLLO PRODUCTIVO REGIONAL DE LOS RÍOS,Los Ríos,https://transparenciachc.blob.core.windows.net/oc-da/Instituciones_compradoras.zip,2026-03-04T17:59:21.648688+00:00
d5b2998a08375855741c30a6d3aa17a213072945800b9f15441055cf3b7421e5,8703,"GOB. CENTRAL, UNIVERSIDADES",CORPORACION DE FOMENTO DE LA PRODUCCION,6942,966236,COMITÉ DE DESARROLLO Y FOMENTO INDÍGENA,Metropolitana,https://transparenciachc.blob.core.windows.net/oc-da/Instituciones_compradoras.zip,2026-03-04T17:59:21.648688+00:00
42524ef77a50b8c7489b03c631ed809d66bb4f4a007346dec7ecdc3a90dbab6f,0009,"GOB. CENTRAL, UNIVERSIDADES",SUBSECRETARIA DEL MINISTERIO DE HACIENDA,6943,894244,SISTEMA INTEGRADO DE COMERCIO EXTERIOR (SICEX),Metropolitana,https://transparenciachc.blob.core.windows.net/oc-da/Instituciones_compradoras.zip,2026-03-04T17:59:21.648688+00:00
bc3c776eab9da5db1da31cee8b69cccceff52a56b0a22db56c72b70707972778,0025,"GOB. CENTRAL, UNIVERSIDADES",SUBSECRETARIA DEL MINISTERIO DE HACIENDA,6943,287014,SERVICIO DE BIENESTAR DE LA SUBSECRETARÍA DE HACIENDA,Metropolitana,https://transparenciachc.blob.core.windows.net/oc-da/Instituciones_compradoras.zip,2026-03-04T17:59:21.648688+00:00
8c8fd1933ca72ad1740175b9c8b745b7563b8efd5dcbd211ac9f760ae810f455,0008,"GOB. CENTRAL, UNIVERSIDADES",SUBSECRETARIA DEL INTERIOR,6944,945548,PROCESOS EXPULSADOS,Metropolitana,https://transparenciachc.blob.core.windows.net/oc-da/Instituciones_compradoras.zip,2026-03-04T17:59:21.648688+00:00
cda677e50871dae6c770b05f32c409ffe67ae0770444db7343bf8915692eeb3f,0002,"GOB. CENTRAL, UNIVERSIDADES",SUBSECRETARIA DEL INTERIOR,6944,5304,SERV. DE GOBIERNO INTERIOR - NIVEL CENTRAL,Metropolitana,https://transparenciachc.blob.core.windows.net/oc-da/Instituciones_compradoras.zip,2026-03-04T17:59:21.648688+00:00
2f682f3485b4b8b50d3cc44c7b5f4c93291370227dc0ea17e2bbd56bb06da869,0007,"GOB. CENTRAL, UNIVERSIDADES",DIRECCION DE COMPRAS Y CONTRATACION PUBLICA,6945,897101,DISEÑO DE SERVICIOS,Lib. Gral. Bdo. O'Higgins,https://transparenciachc.blob.core.windows.net/oc-da/Instituciones_compradoras.zip,2026-03-04T17:59:21.648688+00:00
f44ac7dada8128d9763adfb93501e9bea91ef22ee9c1a8b49e81dcc1b640d75a,7828,"GOB. CENTRAL, UNIVERSIDADES",DIRECCION DE COMPRAS Y CONTRATACION PUBLICA,6945,609685,SERVICIO DE BIENESTAR,Metropolitana,https://transparenciachc.blob.core.windows.net/oc-da/Instituciones_compradoras.zip,2026-03-04T17:59:21.648688+00:00
0dc3b0a75a33927e15816e4808d8bc2b22ffc1d1f19ba03d25efe0581d56ca09,0355,FFAA,FUERZA AEREA DE CHILE COMANDO LOGISTICO,6946,6276,GRUPO DE ABASTECIMIENTO DEL COMANDO LOGÍSTICO,Metropolitana,https://transparenciachc.blob.core.windows.net/oc-da/Instituciones_compradoras.zip,2026-03-04T17:59:21.648688+00:00
f67d7c7d161182a2188a60d6be3aae242383e63a8affdfe55e11b6ca14147e73,0061,FFAA,FUERZA AEREA DE CHILE COMANDO LOGISTICO,6946,796305,BIENESTAR SOCIAL V BRIGADA AEREA,Antofagasta,https://transparenciachc.blob.core.windows.net/oc-da/Instituciones_compradoras.zip,2026-03-04T17:59:21.648688+00:00
86635b8e4883cd2e2e3e17640a20d5d0d600692cc2dc18113edb323396316de2,0053,FFAA,FUERZA AEREA DE CHILE COMANDO LOGISTICO,6946,6507,DIVISIÓN DE SANIDAD-CONVENIOS,Metropolitana,https://transparenciachc.blob.core.windows.net/oc-da/Instituciones_compradoras.zip,2026-03-04T17:59:21.648688+00:00
dc9b4737b0b2c34fa9f7872594ae5a184684cb75e492fe6356a103b76fb1feb3,0207,FFAA,FUERZA AEREA DE CHILE COMANDO LOGISTICO,6946,3990,IIIª BRIGADA AÉREA,Los Lagos,https://transparenciachc.blob.core.windows.net/oc-da/Instituciones_compradoras.zip,2026-03-04T17:59:21.648688+00:00
316a93820556e244b68f0c71ac800af7d3e9cda1c22d25897fc21fc34d87eee7,0231,FFAA,FUERZA AEREA DE CHILE COMANDO LOGISTICO,6946,4066,ALA BASE N°4,Tarapacá,https://transparenciachc.blob.core.windows.net/oc-da/Instituciones_compradoras.zip,2026-03-04T17:59:21.648688+00:00
61ead6668b0837e8526c11158dec87186a12fe1ef821bc936dc5f3e185900c65,3024,FFAA,FUERZA AEREA DE CHILE COMANDO LOGISTICO,6946,4148,BASE AÉREA MAQUEHUE,Araucanía,https://transparenciachc.blob.core.windows.net/oc-da/Instituciones_compradoras.zip,2026-03-04T17:59:21.648688+00:00
85959c938d618ab023d7f168181d6cc76364f6bcf9c1b00a968fef0f33057b48,0193,FFAA,FUERZA AEREA DE CHILE COMANDO LOGISTICO,6946,4167,ALA BASE N°1,Antofagasta,https://transparenciachc.blob.core.windows.net/oc-da/Instituciones_compradoras.zip,2026-03-04T17:59:21.648688+00:00
7fa226e56b5717aa2f468193cd51669aba11b08c8f0e4a2041483151837d327c,0118,FFAA,FUERZA AEREA DE CHILE COMANDO LOGISTICO,6946,4182,DIVISIÓN DE EDUCACIÓN,Metropolitana,https://transparenciachc.blob.core.windows.net/oc-da/Instituciones_compradoras.zip,2026-03-04T17:59:21.648688+00:00
11437ae52c9da68bff24416668d4077e32d53d8f859679df859aef52b48dd922,0215,FFAA,FUERZA AEREA DE CHILE COMANDO LOGISTICO,6946,4189,IVª BRIGADA AÉREA,Magallanes y Antártica,https://transparenciachc.blob.core.windows.net/oc-da/Instituciones_compradoras.zip,2026-03-04T17:59:21.648688+00:00
e835b7aa14dec73e22ff5daf47c9e89f1e9bd314854f4020adb8682ed999c411,0185,FFAA,FUERZA AEREA DE CHILE COMANDO LOGISTICO,6946,4190,SERVICIO AEROFOTOGRAMÉTRICO,Metropolitana,https://transparenciachc.blob.core.windows.net/oc-da/Instituciones_compradoras.zip,2026-03-04T17:59:21.648688+00:00
36079f09d925df62cf2d59bcce3ece2012ec63d486c837a27e43d533c219e0d8,0088,FFAA,FUERZA AEREA DE CHILE COMANDO LOGISTICO,6946,4191,ACADEMIA DE GUERRA AÉREA,Metropolitana,https://transparenciachc.blob.core.windows.net/oc-da/Instituciones_compradoras.zip,2026-03-04T17:59:21.648688+00:00
4409662bc5e84416a11a1cf73d471bc66b32dc4ad7eebc450e41b75668eab2a0,5003,FFAA,FUERZA AEREA DE CHILE COMANDO LOGISTICO,6946,4192,"CLUB DE CAMPO DE OFICIALES ""QUINCHAMALÍ",Metropolitana,https://transparenciachc.blob.core.windows.net/oc-da/Instituciones_compradoras.zip,2026-03-04T17:59:21.648688+00:00
c486dc5d79fd017d79cf34295b660568bd7a26167278eabe5eaea381669841d0,0223,FFAA,FUERZA AEREA DE CHILE COMANDO LOGISTICO,6946,4198,REGIMIENTO DE ARTILLERÍA ANTIAÉREA Y FUERZAS ESPECIALES,Valparaíso,https://transparenciachc.blob.core.windows.net/oc-da/Instituciones_compradoras.zip,2026-03-04T17:59:21.648688+00:00
2750cf0e7bc8af9fe975ec843658116d2077fe4bd7c64c191bee4c73bbb56c23,0096,FFAA,FUERZA AEREA DE CHILE COMANDO LOGISTICO,6946,4203,CLUB DE OFICIALES,Metropolitana,https://transparenciachc.blob.core.windows.net/oc-da/Instituciones_compradoras.zip,2026-03-04T17:59:21.648688+00:00
fab726fd72bfb804807532ec5f54cf3c199e760eb80706eaf5d10e86efcc3474,0347,FFAA,FUERZA AEREA DE CHILE COMANDO LOGISTICO,6946,4231,FERIA INTERNACIONAL DEL AIRE Y DEL ESPACIO,Metropolitana,https://transparenciachc.blob.core.windows.net/oc-da/Instituciones_compradoras.zip,2026-03-04T17:59:21.648688+00:00
2ab68ada0030fe72a021eb11914e73654a48da876adf412736f36d022d1b5e72,0037,FFAA,FUERZA AEREA DE CHILE COMANDO LOGISTICO,6946,4241,DPTO. DE ABASTTO. DEL CUARTEL GENERAL,Metropolitana,https://transparenciachc.blob.core.windows.net/oc-da/Instituciones_compradoras.zip,2026-03-04T17:59:21.648688+00:00
dd48b468d9b29932b7bb635e5e3854b1cb6dcf078ccf52e2081f480d77310a2c,3007,FFAA,FUERZA AEREA DE CHILE COMANDO LOGISTICO,6946,4249,"HOSPITAL CLINICO "" GENERAL DR. RAÚL YAZIGI J.",Metropolitana,https://transparenciachc.blob.core.windows.net/oc-da/Instituciones_compradoras.zip,2026-03-04T17:59:21.648688+00:00
4e3f463bcd18d0aa07cd48a9be1db550a36a19568840b42f3105dec05ea5e68b,8670,FFAA,FUERZA AEREA DE CHILE COMANDO LOGISTICO,6946,6109,IIª BRIGADA AÉREA,Valparaíso,https://transparenciachc.blob.core.windows.net/oc-da/Instituciones_compradoras.zip,2026-03-04T17:59:21.648688+00:00
6341662f0c98e27354577820ce1ba660ca28bcbe08a5175ff86cbca557c2972b,2608,FFAA,FUERZA AEREA DE CHILE COMANDO LOGISTICO,6946,750775,RED INSTITUCIONAL DE CONSULTORIOS,Metropolitana,https://transparenciachc.blob.core.windows.net/oc-da/Instituciones_compradoras.zip,2026-03-04T17:59:21.648688+00:00
d0e682a7e78892ba2d29a3b1612fbe180d98030b4f6fa7c769ac5db5cfc1d93a,0320,FFAA,FUERZA AEREA DE CHILE COMANDO LOGISTICO,6946,761391,BASE AÉREA EL BOSQUE,Metropolitana,https://transparenciachc.blob.core.windows.net/oc-da/Instituciones_compradoras.zip,2026-03-04T17:59:21.648688+00:00
2e35326de75ddc717464f7de3035ff7abe3ad3c18f662358c9effe508c4b66dd,5401,"GOB. CENTRAL, UNIVERSIDADES",SUBSECRETARIA DE SERVICIOS SOCIALES,6947,1048606,SEREMI XVI REGION ÑUBLE,Ñuble,https://transparenciachc.blob.core.windows.net/oc-da/Instituciones_compradoras.zip,2026-03-04T17:59:21.648688+00:00
9dab987969db0acfa78d963f1c60c4e97ed25dc475b27087c1af6c7394641f89,0004,"GOB. CENTRAL, UNIVERSIDADES",SUBSECRETARIA DE SERVICIOS SOCIALES,6947,711841,SUBSECRETARIA DE SERVICIOS SOCIALES,Metropolitana,https://transparenciachc.blob.core.windows.net/oc-da/Instituciones_compradoras.zip,2026-03-04T17:59:21.648688+00:00
cbc029c01b9bcafef80fb2e4ef7380cfd3da8d74090ce3e8c3a09dc263f9985c,4000,"GOB. CENTRAL, UNIVERSIDADES",SUBSECRETARIA DE SERVICIOS SOCIALES,6947,2451,SERPLAC VI REGIÓN,Lib. Gral. Bdo. O'Higgins,https://transparenciachc.blob.core.windows.net/oc-da/Instituciones_compradoras.zip,2026-03-04T17:59:21.648688+00:00
0e753a5c9b3703eadcce70ae479b7a6e39174c9bc56a8c86910b0e6709ff9e40,0063,"GOB. CENTRAL, UNIVERSIDADES",SUBSECRETARIA DE SERVICIOS SOCIALES,6947,2452,SERPLAC IV REGIÓN,Coquimbo,https://transparenciachc.blob.core.windows.net/oc-da/Instituciones_compradoras.zip,2026-03-04T17:59:21.648688+00:00
0440d153c694bc8243d4a9a2070f7c342980f9c79c6e6457e62c1fe782bd92a1,0071,"GOB. CENTRAL, UNIVERSIDADES",SUBSECRETARIA DE SERVICIOS SOCIALES,6947,2453,SERPLAC VIII REGIÓN,Bío-Bío,https://transparenciachc.blob.core.windows.net/oc-da/Instituciones_compradoras.zip,2026-03-04T17:59:21.648688+00:00
78fef4e8d3bba2523fc73570bdd68912358f8842e154f1fa90dd4d27e8b3fae6,0039,"GOB. CENTRAL, UNIVERSIDADES",SUBSECRETARIA DE SERVICIOS SOCIALES,6947,2454,SERPLAC XI REGIÓN,Aysén,https://transparenciachc.blob.core.windows.net/oc-da/Instituciones_compradoras.zip,2026-03-04T17:59:21.648688+00:00
33a31f3159e696888a39ae879c67be247fede4f679464518f7f781b82e0e93ea,9110,"GOB. CENTRAL, UNIVERSIDADES",SUBSECRETARIA DE SERVICIOS SOCIALES,6947,2485,SEREMI ARICA Y PARINACOTA,Arica y Parinacota,https://transparenciachc.blob.core.windows.net/oc-da/Instituciones_compradoras.zip,2026-03-04T17:59:21.648688+00:00
dadada7fc032dd698506477ac0f12311c0465335c5c5e80ba742c96502414799,0005,"GOB. CENTRAL, UNIVERSIDADES",SUBSECRETARIA DE SERVICIOS SOCIALES,6947,296140,SERPLAC REGION METROPOLITANA,Metropolitana,https://transparenciachc.blob.core.windows.net/oc-da/Instituciones_compradoras.zip,2026-03-04T17:59:21.648688+00:00
2901bb7e306d40ec28808a26a60ec534f830bf2c5f573a5f927188319531e671,0012,"GOB. CENTRAL, UNIVERSIDADES",SUBSECRETARIA DE SERVICIOS SOCIALES,6947,2994,SERPLAC II REGIÓN,Antofagasta,https://transparenciachc.blob.core.windows.net/oc-da/Instituciones_compradoras.zip,2026-03-04T17:59:21.648688+00:00
86a3aca21cbcac3086909bcc29b3a56f82181a8d85adf47245a2e800a9777d72,0000,"GOB. CENTRAL, UNIVERSIDADES",SUBSECRETARIA DE SERVICIOS SOCIALES,6947,2995,SEREMI III REGION,Atacama,https://transparenciachc.blob.core.windows.net/oc-da/Instituciones_compradoras.zip,2026-03-04T17:59:21.648688+00:00
a9cfc8810933629370cfa519cb42e980edffa506f6ddbe60f0fb3e60619d5e5e,0047,"GOB. CENTRAL, UNIVERSIDADES",SUBSECRETARIA DE SERVICIOS SOCIALES,6947,2996,SERPLAC V REGIÓN,Valparaíso,https://transparenciachc.blob.core.windows.net/oc-da/Instituciones_compradoras.zip,2026-03-04T17:59:21.648688+00:00
21bb6d7ea1e0eab6d74fe40f69899a1a6c4e6473c6f5773ea9f7c2062e62c93a,0055,"GOB. CENTRAL, UNIVERSIDADES",SUBSECRETARIA DE SERVICIOS SOCIALES,6947,2997,SERPLAC VII REGIÓN,Maule,https://transparenciachc.blob.core.windows.net/oc-da/Instituciones_compradoras.zip,2026-03-04T17:59:21.648688+00:00
d63a779ef1175799aa70a6394edc330c5a2f66c262f6fb44ec33e1bb23106955,3008,"GOB. CENTRAL, UNIVERSIDADES",SUBSECRETARIA DE SERVICIOS SOCIALES,6947,2998,SERPLAC X REGIÓN,Los Lagos,https://transparenciachc.blob.core.windows.net/oc-da/Instituciones_compradoras.zip,2026-03-04T17:59:21.648688+00:00
b695266776076bfb62b95dcdac1fd8d7fca442cb572546cc889e9c37ba09a45f,0098,"GOB. CENTRAL, UNIVERSIDADES",SUBSECRETARIA DE SERVICIOS SOCIALES,6947,2999,SERPLAC XII REGIÓN,Magallanes y Antártica,https://transparenciachc.blob.core.windows.net/oc-da/Instituciones_compradoras.zip,2026-03-04T17:59:21.648688+00:00
50a5503db42a9ea710aabac211f6680150e67d5b530ce432671ef5c1c3830a9d,0020,"GOB. CENTRAL, UNIVERSIDADES",SUBSECRETARIA DE SERVICIOS SOCIALES,6947,3033,SERPLAC I REGIÓN,Tarapacá,https://transparenciachc.blob.core.windows.net/oc-da/Instituciones_compradoras.zip,2026-03-04T17:59:21.648688+00:00
5211578b85c164b86c9b8a6a785b3c0cdd5f0fb1787dac7f0197b8d9830e5c7f,0101,"GOB. CENTRAL, UNIVERSIDADES",SUBSECRETARIA DE SERVICIOS SOCIALES,6947,3034,SERPLAC IX REGIÓN,Araucanía,https://transparenciachc.blob.core.windows.net/oc-da/Instituciones_compradoras.zip,2026-03-04T17:59:21.648688+00:00
cf692c498aa834e490161b6b1eee60bc0b0b299d3a0563f80b9b6ad357995659,1606,"GOB. CENTRAL, UNIVERSIDADES",SUBSECRETARIA DE SERVICIOS SOCIALES,6947,508994,SERPLAC LOS RIOS,Los Ríos,https://transparenciachc.blob.core.windows.net/oc-da/Instituciones_compradoras.zip,2026-03-04T17:59:21.648688+00:00
125b2ca1e478499f5320b9a90ee7960667193b59540568c050a49d12c7838cdf,0006,SALUD,SERVICIO DE SALUD HOSPITAL DE SAN VICENTE DE TAGUA TAGUA,7443,1118931,ADMINISTRACIÓN FONDOS DE TERCEROS SERNAMEG,Lib. Gral. Bdo. O'Higgins,https://transparenciachc.blob.core.windows.net/oc-da/Instituciones_compradoras.zip,2026-03-04T17:59:21.648688+00:00
be6cab887716aa1f995727856025c44825079e638c719e5e603671b80d1a1db1,0032,"GOB. CENTRAL, UNIVERSIDADES",MINISTERIO SECRETARIA GENERAL DE LA PRESIDENCIA DE LA REPUBLICA,6949,1271638,PLAN BUEN VIVIR,Metropolitana,https://transparenciachc.blob.core.windows.net/oc-da/Instituciones_compradoras.zip,2026-03-04T17:59:21.648688+00:00
7118c740029a4104a77c1640b5718fc66fa7e9c39a1d60090e98ee4babc3eb6f,4900,"GOB. CENTRAL, UNIVERSIDADES",SERVICIO DE COOPERACION TECNICA,6950,2764,OFICINA PROVINCIAL DE OSORNO,Los Lagos,https://transparenciachc.blob.core.windows.net/oc-da/Instituciones_compradoras.zip,2026-03-04T17:59:21.648688+00:00
7a9658024e88e81ea34bae665b3be1c715e489024e6c0f2bc31713404b994cb3,6106,OBRAS PÚBLICAS,SUBSECRETARIA DEL MINISTERIO DE LA VIVIENDA Y URBANISMO,6951,1070997,SEREMI ÑUBLE-REGIÓN XVI,Ñuble,https://transparenciachc.blob.core.windows.net/oc-da/Instituciones_compradoras.zip,2026-03-04T17:59:21.648688+00:00
ac33c9f3d90ce656d2021df3d4622148e00feccd3c9d8610bcf53b805253a72e,0007,OBRAS PÚBLICAS,SUBSECRETARIA DEL MINISTERIO DE LA VIVIENDA Y URBANISMO,6951,1583,MINISTERIO DE VIVIENDA Y URBANISMO(766),Metropolitana,https://transparenciachc.blob.core.windows.net/oc-da/Instituciones_compradoras.zip,2026-03-04T17:59:21.648688+00:00
317d665908e9ea97360ffcd0fcb49a89073143b69b5a8e2df99a8213881bc31a,0008,OBRAS PÚBLICAS,SUBSECRETARIA DEL MINISTERIO DE LA VIVIENDA Y URBANISMO,6951,1609,SEREMI MINVU XI REGION,Aysén,https://transparenciachc.blob.core.windows.net/oc-da/Instituciones_compradoras.zip,2026-03-04T17:59:21.648688+00:00
5e452c4ee23fdef813c3c12dbe42319d3786caa9bd610bd6bca65fb83b52c5d9,0010,OBRAS PÚBLICAS,SUBSECRETARIA DEL MINISTERIO DE LA VIVIENDA Y URBANISMO,6951,1610,SEREMI MINVU I REGION,Tarapacá,https://transparenciachc.blob.core.windows.net/oc-da/Instituciones_compradoras.zip,2026-03-04T17:59:21.648688+00:00
3a158b5bd3998f729bda033f3a96e4a6bf7c190d0b5c4162b6a39d9386ac49b3,0061,OBRAS PÚBLICAS,SUBSECRETARIA DEL MINISTERIO DE LA VIVIENDA Y URBANISMO,6951,1611,SEREMI MINVU VI REGION,Lib. Gral. Bdo. O'Higgins,https://transparenciachc.blob.core.windows.net/oc-da/Instituciones_compradoras.zip,2026-03-04T17:59:21.648688+00:00
c7946c8677a36f09d4f61f77a8a96a11814eb28a900dab0eca11f51d3418fbab,0053,OBRAS PÚBLICAS,SUBSECRETARIA DEL MINISTERIO DE LA VIVIENDA Y URBANISMO,6951,1628,SEREMI MINVU V REGION,Valparaíso,https://transparenciachc.blob.core.windows.net/oc-da/Instituciones_compradoras.zip,2026-03-04T17:59:21.648688+00:00
e9a861b39c8383627ac6c49262053f5f7b0080361ed8a3f77096b6b7db663ed0,0008,OBRAS PÚBLICAS,SUBSECRETARIA DEL MINISTERIO DE LA VIVIENDA Y URBANISMO,6951,1636,SEREMI  MINVU RM,Metropolitana,https://transparenciachc.blob.core.windows.net/oc-da/Instituciones_compradoras.zip,2026-03-04T17:59:21.648688+00:00
7ba56de46af7efee64f38200a4bf7fea4a96cef6c890c02ff8bef89d96dbf843,2010,OBRAS PÚBLICAS,SUBSECRETARIA DEL MINISTERIO DE LA VIVIENDA Y URBANISMO,6951,1640,SEREMI MINVU X REGION,Los Lagos,https://transparenciachc.blob.core.windows.net/oc-da/Instituciones_compradoras.zip,2026-03-04T17:59:21.648688+00:00
e254370cdb4d39445e4a9bea5b391a648541636777b29e9e0366ed8d3ba3e584,0037,OBRAS PÚBLICAS,SUBSECRETARIA DEL MINISTERIO DE LA VIVIENDA Y URBANISMO,6951,1641,SEREMI MINVU III REGION,Atacama,https://transparenciachc.blob.core.windows.net/oc-da/Instituciones_compradoras.zip,2026-03-04T17:59:21.648688+00:00
54d70740c2a16a656847faa1ca687512c545c8aa9ac530fd032ad0fec3b8a214,5000,OBRAS PÚBLICAS,SUBSECRETARIA DEL MINISTERIO DE LA VIVIENDA Y URBANISMO,6951,1645,SEREMI MINVU II REGION,Antofagasta,https://transparenciachc.blob.core.windows.net/oc-da/Instituciones_compradoras.zip,2026-03-04T17:59:21.648688+00:00
f219144eb25bc11bc8efd5bbc90997892d3293ee08c0c20726cda7e22c4c2948,0045,OBRAS PÚBLICAS,SUBSECRETARIA DEL MINISTERIO DE LA VIVIENDA Y URBANISMO,6951,1654,SEREMI IV REGION,Coquimbo,https://transparenciachc.blob.core.windows.net/oc-da/Instituciones_compradoras.zip,2026-03-04T17:59:21.648688+00:00
5a75c45c9edc712c6f9060ca0b4c44c936264810244352d865744756d27496ba,0088,OBRAS PÚBLICAS,SUBSECRETARIA DEL MINISTERIO DE LA VIVIENDA Y URBANISMO,6951,1655,SEREMI VIII REGION,Bío-Bío,https://transparenciachc.blob.core.windows.net/oc-da/Instituciones_compradoras.zip,2026-03-04T17:59:21.648688+00:00
b62288aa688733ce1c3bf16739ae19b3f1103c2b840405456b92686e68279ff7,0007,OBRAS PÚBLICAS,SUBSECRETARIA DEL MINISTERIO DE LA VIVIENDA Y URBANISMO,6951,1656,SEREMI IX REGION,Araucanía,https://transparenciachc.blob.core.windows.net/oc-da/Instituciones_compradoras.zip,2026-03-04T17:59:21.648688+00:00
572db8a8da491028a457a87e7827a6201d05aa4851fbec33e4563674d1eb7b09,0126,OBRAS PÚBLICAS,SUBSECRETARIA DEL MINISTERIO DE LA VIVIENDA Y URBANISMO,6951,1657,SEREMI-MINVU XII REGIÓN,Magallanes y Antártica,https://transparenciachc.blob.core.windows.net/oc-da/Instituciones_compradoras.zip,2026-03-04T17:59:21.648688+00:00
16b50aaa62e0b8161b4a3b5ba20c580d74ea8134c75b0e518ab2b880936fa8a1,2007,OBRAS PÚBLICAS,SUBSECRETARIA DEL MINISTERIO DE LA VIVIENDA Y URBANISMO,6951,1687,SEREMI MINVU VII REGION,Maule,https://transparenciachc.blob.core.windows.net/oc-da/Instituciones_compradoras.zip,2026-03-04T17:59:21.648688+00:00
1ef6fb7c022897390e74f823e559ea55bda920f1bc044279fe6634ccb2557f69,0003,OBRAS PÚBLICAS,SUBSECRETARIA DEL MINISTERIO DE LA VIVIENDA Y URBANISMO,6951,5513,SERVICIO DE BIENESTAR MINVU SERVIU,Metropolitana,https://transparenciachc.blob.core.windows.net/oc-da/Instituciones_compradoras.zip,2026-03-04T17:59:21.648688+00:00
ce70146f0ade24f7c7a1505348ed7c6ca88b2d901167544e1205b97b53d4ac56,0707,OBRAS PÚBLICAS,SUBSECRETARIA DEL MINISTERIO DE LA VIVIENDA Y URBANISMO,6951,6561,SEREMI MINVU REGION  ARICA Y PARINACOTA,Arica y Parinacota,https://transparenciachc.blob.core.windows.net/oc-da/Instituciones_compradoras.zip,2026-03-04T17:59:21.648688+00:00
bf08e87fc6b7c801f175fdd963624fed65a9f363f69fefbaba953c3c759fef5b,0901,OBRAS PÚBLICAS,SUBSECRETARIA DEL MINISTERIO DE LA VIVIENDA Y URBANISMO,6951,6596,SEREMI DE LOS RIOS,Los Ríos,https://transparenciachc.blob.core.windows.net/oc-da/Instituciones_compradoras.zip,2026-03-04T17:59:21.648688+00:00
f404461b25198c01c232965a523febfc7226d44550cd0cb3b1ee7de8566f0a61,0021,"GOB. CENTRAL, UNIVERSIDADES",SERVICIO NACIONAL DE ADUANAS,6952,2223,DIRECCIÓN REGIONAL ADUANA DE IQUIQUE,Tarapacá,https://transparenciachc.blob.core.windows.net/oc-da/Instituciones_compradoras.zip,2026-03-04T17:59:21.648688+00:00
25dd80b44db9f2bcd49f779fae2387f9d63beb327428aec5b2ba20c65c0f98a9,0102,"GOB. CENTRAL, UNIVERSIDADES",SERVICIO NACIONAL DE ADUANAS,6952,2229,DIRECCIÓN REGIONAL ADUANA METROPOLITANA,Metropolitana,https://transparenciachc.blob.core.windows.net/oc-da/Instituciones_compradoras.zip,2026-03-04T17:59:21.648688+00:00
f0bd933d4a1f833ddcddf53e2f778049614fcc5289e61f367ff7b1898331c40d,0080,"GOB. CENTRAL, UNIVERSIDADES",SERVICIO NACIONAL DE ADUANAS,6952,2227,DIRECCIÓN REGIONAL ADUANA DE VALPARAÍSO,Valparaíso,https://transparenciachc.blob.core.windows.net/oc-da/Instituciones_compradoras.zip,2026-03-04T17:59:21.648688+00:00
2eb644c5771fb4fdd9b7da5a3a4c61e48083e4af25957d1a9a3ccbd8c91f135b,0048,"GOB. CENTRAL, UNIVERSIDADES",SERVICIO NACIONAL DE ADUANAS,6952,2771,DIRECCIÓN REGIONAL ADUANA DE ANTOFAGASTA,Antofagasta,https://transparenciachc.blob.core.windows.net/oc-da/Instituciones_compradoras.zip,2026-03-04T17:59:21.648688+00:00
a0d5055619c874c5398879fb9bb85a4901e9c1c68706e0b3d686e8e78674d734,0005,"GOB. CENTRAL, UNIVERSIDADES",SERVICIO NACIONAL DE ADUANAS,6952,552528,UNIDAD DE COMPRA BIENESTAR,Valparaíso,https://transparenciachc.blob.core.windows.net/oc-da/Instituciones_compradoras.zip,2026-03-04T17:59:21.648688+00:00
f62134f8f65aa647d30da9102cc8c43829f214dac1a826ebd2b6c20bad3903df,0013,"GOB. CENTRAL, UNIVERSIDADES",SERVICIO NACIONAL DE ADUANAS,6952,2770,DIRECCIÓN REGIONAL ADUANA DE ARICA,Arica y Parinacota,https://transparenciachc.blob.core.windows.net/oc-da/Instituciones_compradoras.zip,2026-03-04T17:59:21.648688+00:00
719dec5a563f7374bdd8b6bb292e280be2db175be64ec58dd92585f88acf9478,4003,"GOB. CENTRAL, UNIVERSIDADES",SERVICIO NACIONAL DE ADUANAS,6952,904669,ADMINISTRACION ADUANA DE TOCOPILLA,Antofagasta,https://transparenciachc.blob.core.windows.net/oc-da/Instituciones_compradoras.zip,2026-03-04T17:59:21.648688+00:00
c68adbd24e5f9c3e070154c297631e17c0dedaf10d3a59d18a31654a674364dd,0072,"GOB. CENTRAL, UNIVERSIDADES",SERVICIO NACIONAL DE ADUANAS,6952,2226,ADMINISTRACIÓN ADUANA DE LOS ANDES,Valparaíso,https://transparenciachc.blob.core.windows.net/oc-da/Instituciones_compradoras.zip,2026-03-04T17:59:21.648688+00:00
21631b8e6381e7153a0bac0038c2830cae9b2de9235b6403d411ab36634743cd,0110,"GOB. CENTRAL, UNIVERSIDADES",SERVICIO NACIONAL DE ADUANAS,6952,2228,ADMINISTRACIÓN ADUANA DE SAN ANTONIO,Valparaíso,https://transparenciachc.blob.core.windows.net/oc-da/Instituciones_compradoras.zip,2026-03-04T17:59:21.648688+00:00
bc1a34159ffb67cc12a642c23fb32e2fc0bf91d7baba3ce4b29c41504f7e0f24,0129,"GOB. CENTRAL, UNIVERSIDADES",SERVICIO NACIONAL DE ADUANAS,6952,2773,DIRECCIÓN REGIONAL ADUANA DE TALCAHUANO,Bío-Bío,https://transparenciachc.blob.core.windows.net/oc-da/Instituciones_compradoras.zip,2026-03-04T17:59:21.648688+00:00
5811e31a036b47e9a0363a4545090a8b028d797050bd32e23ec09ab9b82c0fbf,0145,"GOB. CENTRAL, UNIVERSIDADES",SERVICIO NACIONAL DE ADUANAS,6952,1811,DIRECCIÓN REGIONAL ADUANA DE PUERTO MONTT,Los Lagos,https://transparenciachc.blob.core.windows.net/oc-da/Instituciones_compradoras.zip,2026-03-04T17:59:21.648688+00:00
fb27dd455803cc8adaaaea2ce6f89a42061d3a3ac0aa3d4b352aa87c1e69dff4,0056,"GOB. CENTRAL, UNIVERSIDADES",SERVICIO NACIONAL DE ADUANAS,6952,2224,ADMINISTRACIÓN ADUANA DE CHAÑARAL,Atacama,https://transparenciachc.blob.core.windows.net/oc-da/Instituciones_compradoras.zip,2026-03-04T17:59:21.648688+00:00
5c5e55f1091440d23f08266acc771e0f677883c838e6f68461a101c9fab65b38,0064,"GOB. CENTRAL, UNIVERSIDADES",SERVICIO NACIONAL DE ADUANAS,6952,2225,DIRECCIÓN REGIONAL ADUANA DE COQUIMBO,Coquimbo,https://transparenciachc.blob.core.windows.net/oc-da/Instituciones_compradoras.zip,2026-03-04T17:59:21.648688+00:00
36210e10896bdd720dfa8d4e03b11171f9d8ad426907195d482eba6ffb0773a9,0196,"GOB. CENTRAL, UNIVERSIDADES",SERVICIO NACIONAL DE ADUANAS,6952,2230,DIRECCIÓN REGIONAL ADUANA DE COYHAIQUE,Aysén,https://transparenciachc.blob.core.windows.net/oc-da/Instituciones_compradoras.zip,2026-03-04T17:59:21.648688+00:00
eed62f034c0025319480d912e4bba90658b149b108e897fd01670114de46bf45,4017,"GOB. CENTRAL, UNIVERSIDADES",SERVICIO NACIONAL DE ADUANAS,6952,2772,DIRECCIÓN REGIONAL ADUANA DE PUNTA ARENAS,Magallanes y Antártica,https://transparenciachc.blob.core.windows.net/oc-da/Instituciones_compradoras.zip,2026-03-04T17:59:21.648688+00:00
81790e770d804b1466f51df81bade2d453aa942bbca83902d9d8d9605a0c9c52,0188,"GOB. CENTRAL, UNIVERSIDADES",SERVICIO NACIONAL DE ADUANAS,6952,2783,ADMINISTRACIÓN ADUANA DE OSORNO,Los Lagos,https://transparenciachc.blob.core.windows.net/oc-da/Instituciones_compradoras.zip,2026-03-04T17:59:21.648688+00:00
6a05ccdc4c1f8e0a334ceb728a41875f453a9645e93707923046915e92874093,0161,"GOB. CENTRAL, UNIVERSIDADES",SERVICIO NACIONAL DE ADUANAS,6952,709554,ADMINISTRACION ADUANA DE PUERTO AYSEN,Aysén,https://transparenciachc.blob.core.windows.net/oc-da/Instituciones_compradoras.zip,2026-03-04T17:59:21.648688+00:00
e3b8e9fd059117ad33a014c2ec891543c5b3bd6b57cb384edc07d601f9d0bca6,0000,"GOB. CENTRAL, UNIVERSIDADES",INSTITUTO DE SEGURIDAD LABORAL,6953,6480,ISL REGIÓN DE MAGALLANES,Magallanes y Antártica,https://transparenciachc.blob.core.windows.net/oc-da/Instituciones_compradoras.zip,2026-03-04T17:59:21.648688+00:00
bc8551f8de0f08850b54bd10f2a68f1119cb98ab8b04bd008ea80344fd527c2c,0000,SALUD,FONDO NACIONAL DE SALUD,6954,575571,FONASA SERVICIO DE BIENESTAR,Metropolitana,https://transparenciachc.blob.core.windows.net/oc-da/Instituciones_compradoras.zip,2026-03-04T17:59:21.648688+00:00
000df4e1766c84e44bbdebdfc1a393310dc3a38c36ebbd43dc3833a939be0623,0000,"GOB. CENTRAL, UNIVERSIDADES",TESORERIA GENERAL DE LA REPUBLICA,6956,1618,TESORERÍA GENERAL DE LA REPÚBLICA,Metropolitana,https://transparenciachc.blob.core.windows.net/oc-da/Instituciones_compradoras.zip,2026-03-04T17:59:21.648688+00:00
d2d9b9806e190b84b3064ee63cf0c98e88ecc1b469573aac2403696c950d0e1c,0086,"GOB. CENTRAL, UNIVERSIDADES",TESORERIA GENERAL DE LA REPUBLICA,6956,1596,TESORERÍA REGIONAL METROPOLITANA,Metropolitana,https://transparenciachc.blob.core.windows.net/oc-da/Instituciones_compradoras.zip,2026-03-04T17:59:21.648688+00:00
09cce192d0153d34515bbd236dd6bfb36a56ba4fc16ae2566d6f9d4be3463cd2,3093,"GOB. CENTRAL, UNIVERSIDADES",TESORERIA GENERAL DE LA REPUBLICA,6956,2242,TESORERÍA PROVINCIAL SAN ANTONIO,Valparaíso,https://transparenciachc.blob.core.windows.net/oc-da/Instituciones_compradoras.zip,2026-03-04T17:59:21.648688+00:00
ea347bf7ab55be7981e90f8769228c3af79e6cf874b0f739daf1774ffb1d9cd9,0043,"GOB. CENTRAL, UNIVERSIDADES",TESORERIA GENERAL DE LA REPUBLICA,6956,2244,TESORERÍA REGIONAL DE ATACAMA-COPIAPÓ,Atacama,https://transparenciachc.blob.core.windows.net/oc-da/Instituciones_compradoras.zip,2026-03-04T17:59:21.648688+00:00
985724c08ae791b497d8489a1e2745bf0bad0176f0a71b61a85851d96d4826c1,0027,"GOB. CENTRAL, UNIVERSIDADES",TESORERIA GENERAL DE LA REPUBLICA,6956,2245,TESORERÍA REGIONAL DE TARAPACÁ,Tarapacá,https://transparenciachc.blob.core.windows.net/oc-da/Instituciones_compradoras.zip,2026-03-04T17:59:21.648688+00:00
d4fcc003acf76437a358b0a9d5f03c98e94c961feddcc832f2d914745ab8f272,0558,"GOB. CENTRAL, UNIVERSIDADES",TESORERIA GENERAL DE LA REPUBLICA,6956,2249,TESORERÍA PROVINCIAL EL LOA - CALAMA,Antofagasta,https://transparenciachc.blob.core.windows.net/oc-da/Instituciones_compradoras.zip,2026-03-04T17:59:21.648688+00:00
bf35e3bf0f473d3792a95d12944ffdaa4a539d63cb221cd5126e30a11e44e470,0159,"GOB. CENTRAL, UNIVERSIDADES",TESORERIA GENERAL DE LA REPUBLICA,6956,2250,TESORERÍA REGIONAL DE CHILLAN,Ñuble,https://transparenciachc.blob.core.windows.net/oc-da/Instituciones_compradoras.zip,2026-03-04T17:59:21.648688+00:00
39e4e6af20055009f864cde7cca951e6dd5d13aec6cf1a7c6add746dcccdb845,0310,"GOB. CENTRAL, UNIVERSIDADES",TESORERIA GENERAL DE LA REPUBLICA,6956,2251,TESORERÍA PROVINCIAL DE LA LIGUA,Valparaíso,https://transparenciachc.blob.core.windows.net/oc-da/Instituciones_compradoras.zip,2026-03-04T17:59:21.648688+00:00
51223fbc2763cc6cc42b22c36e74a9c71cd8f6af75bc5b6686854c7823abdded,0256,"GOB. CENTRAL, UNIVERSIDADES",TESORERIA GENERAL DE LA REPUBLICA,6956,2252,TESORERÍA REGIONAL DE AYSÉN,Aysén,https://transparenciachc.blob.core.windows.net/oc-da/Instituciones_compradoras.zip,2026-03-04T17:59:21.648688+00:00
db8baa89ade5a31fad09dfff01f9c0fbcaa8a1192c060fd7ae63411975433aee,0884,"GOB. CENTRAL, UNIVERSIDADES",TESORERIA GENERAL DE LA REPUBLICA,6956,2272,TESORERÍA PROVINCIAL DE SAN FELIPE,Valparaíso,https://transparenciachc.blob.core.windows.net/oc-da/Instituciones_compradoras.zip,2026-03-04T17:59:21.648688+00:00
933793148c4b1461c0e4cbf2ef5294a0682ea0685e8db8aa48183b7bb6e14377,0264,"GOB. CENTRAL, UNIVERSIDADES",TESORERIA GENERAL DE LA REPUBLICA,6956,2273,TESORERÍA REGIONAL DE MAGALLLANES Y ANTÁRTICA CHIL,Magallanes y Antártica,https://transparenciachc.blob.core.windows.net/oc-da/Instituciones_compradoras.zip,2026-03-04T17:59:21.648688+00:00
cebad0fe837f537f60b85ef76171e415af93f5c8e76e981141149ed781c02ba0,0140,"GOB. CENTRAL, UNIVERSIDADES",TESORERIA GENERAL DE LA REPUBLICA,6956,2275,TESORERÍA PROVINCIAL DE CAUQUENES--,Maule,https://transparenciachc.blob.core.windows.net/oc-da/Instituciones_compradoras.zip,2026-03-04T17:59:21.648688+00:00
fffa89e56df616ef6f243519e9c524f85c4cdb0067b5dfaa4b1894fcf26d7837,5023,"GOB. CENTRAL, UNIVERSIDADES",TESORERIA GENERAL DE LA REPUBLICA,6956,2285,TESORERIA REGIONAL X REGIÓN - PTO MONTT,Los Lagos,https://transparenciachc.blob.core.windows.net/oc-da/Instituciones_compradoras.zip,2026-03-04T17:59:21.648688+00:00
d8a117a1fb4b0f56551b3b0acc164e91d5057dd837563211dd7dd9a15a5118ad,1007,"GOB. CENTRAL, UNIVERSIDADES",TESORERIA GENERAL DE LA REPUBLICA,6956,2295,TESORERÍA  REGIONAL SANTIAGO ORIENTE,Metropolitana,https://transparenciachc.blob.core.windows.net/oc-da/Instituciones_compradoras.zip,2026-03-04T17:59:21.648688+00:00
5d9836850ac2614571efde37579467f1efb73ff70db603b0ab9c952b0715f321,0078,"GOB. CENTRAL, UNIVERSIDADES",TESORERIA GENERAL DE LA REPUBLICA,6956,2360,TESORERÍA REGIONAL DE VALPARAÍSO,Valparaíso,https://transparenciachc.blob.core.windows.net/oc-da/Instituciones_compradoras.zip,2026-03-04T17:59:21.648688+00:00
3a3fa49160e26b9845e492d0f7fd10ee7b0103d5ec93910064183d016b2ad000,0213,"GOB. CENTRAL, UNIVERSIDADES",TESORERIA GENERAL DE LA REPUBLICA,6956,2472,TESORERÍA REGIONAL DE LOS RIOS,Los Ríos,https://transparenciachc.blob.core.windows.net/oc-da/Instituciones_compradoras.zip,2026-03-04T17:59:21.648688+00:00
17552e177fcb1625afa121f16e687b6fb087a2e891c830c0590ef08978d14080,0183,"GOB. CENTRAL, UNIVERSIDADES",TESORERIA GENERAL DE LA REPUBLICA,6956,2787,TESORERÍA  PROVINCIAL BIO BIO - LOS ANGELES,Bío-Bío,https://transparenciachc.blob.core.windows.net/oc-da/Instituciones_compradoras.zip,2026-03-04T17:59:21.648688+00:00
322d26cd7287cbbf7db7c7688adc249a2460e867a9343503c061e4b8bd6093cb,0167,"GOB. CENTRAL, UNIVERSIDADES",TESORERIA GENERAL DE LA REPUBLICA,6956,2788,TESORERÍA REGIONAL CONCEPCIÓN,Bío-Bío,https://transparenciachc.blob.core.windows.net/oc-da/Instituciones_compradoras.zip,2026-03-04T17:59:21.648688+00:00
2f55306088e56a57e6949ef4cea634f2d32bf7033cc808b042b1d70ab96c0104,0051,"GOB. CENTRAL, UNIVERSIDADES",TESORERIA GENERAL DE LA REPUBLICA,6956,2789,TESORERÍA REGIONAL DE COQUIMBO - LA SERENA,Coquimbo,https://transparenciachc.blob.core.windows.net/oc-da/Instituciones_compradoras.zip,2026-03-04T17:59:21.648688+00:00
f3877aff85ca1a7c2e16c27b73c0c398e2311becbdbe0c9674eaf13f7edf829d,0116,"GOB. CENTRAL, UNIVERSIDADES",TESORERIA GENERAL DE LA REPUBLICA,6956,2803,TESORERÍA PROVINCIAL DE CURICÓ,Maule,https://transparenciachc.blob.core.windows.net/oc-da/Instituciones_compradoras.zip,2026-03-04T17:59:21.648688+00:00
3203a171263d4e938207276addfb9a04043a9a1428a7415ac096009a2d55eb7a,0132,"GOB. CENTRAL, UNIVERSIDADES",TESORERIA GENERAL DE LA REPUBLICA,6956,2804,TESORERÍA PROVINCIAL DE LINARES,Maule,https://transparenciachc.blob.core.windows.net/oc-da/Instituciones_compradoras.zip,2026-03-04T17:59:21.648688+00:00
753133559907e918866d6f95c3eec71d44d5c83115355d91cbae4ab263690352,3301,"GOB. CENTRAL, UNIVERSIDADES",TESORERIA GENERAL DE LA REPUBLICA,6956,2842,TESORERÍA PROVINCIAL DE QUILLOTA,Valparaíso,https://transparenciachc.blob.core.windows.net/oc-da/Instituciones_compradoras.zip,2026-03-04T17:59:21.648688+00:00
e119ba0f795516f76f80af98862e458003a6ee64439ea03e1bd94e252a9aae23,0248,"GOB. CENTRAL, UNIVERSIDADES",TESORERIA GENERAL DE LA REPUBLICA,6956,2843,TESORERÍA PROVINCIAL DE CHILOÉ,Los Lagos,https://transparenciachc.blob.core.windows.net/oc-da/Instituciones_compradoras.zip,2026-03-04T17:59:21.648688+00:00
056c03cfc2344a8b4e42f64844ef36bbbdd0bfdc6c4e7ca0c53603161ef5e342,0124,"GOB. CENTRAL, UNIVERSIDADES",TESORERIA GENERAL DE LA REPUBLICA,6956,2845,TESORERÍA REGIONAL DE TALCA,Maule,https://transparenciachc.blob.core.windows.net/oc-da/Instituciones_compradoras.zip,2026-03-04T17:59:21.648688+00:00
3ea6907a6744494c9e5491ea0fb9a68b300ee279b63d36ef7233b7c56fd01cbf,2505,"GOB. CENTRAL, UNIVERSIDADES",TESORERIA GENERAL DE LA REPUBLICA,6956,526039,TESORERÍA PROVINCIAL DE VIÑA DEL MAR,Valparaíso,https://transparenciachc.blob.core.windows.net/oc-da/Instituciones_compradoras.zip,2026-03-04T17:59:21.648688+00:00
a80564f653b6d070b614292a88683db3b393b2bd72c1d3545eb954c0db2e2c88,3404,"GOB. CENTRAL, UNIVERSIDADES",TESORERIA GENERAL DE LA REPUBLICA,6956,526061,TESORERIA PROVINCIAL DE VILLA ALEMANA,Valparaíso,https://transparenciachc.blob.core.windows.net/oc-da/Instituciones_compradoras.zip,2026-03-04T17:59:21.648688+00:00
fef5145a0750f407d8a7a0422558bb67dfab02d0befe6207b4a6e16bf68645ed,3123,"GOB. CENTRAL, UNIVERSIDADES",TESORERIA GENERAL DE LA REPUBLICA,6956,575437,BIENESTAR,Metropolitana,https://transparenciachc.blob.core.windows.net/oc-da/Instituciones_compradoras.zip,2026-03-04T17:59:21.648688+00:00
006b0f7217915ebde3a0ed555668bd3f6d98858aa5fccefe71e6444fae5949d1,8605,"GOB. CENTRAL, UNIVERSIDADES",TESORERIA GENERAL DE LA REPUBLICA,6956,639843,TESORERIA PROVINCIAL LA FLORIDA,Metropolitana,https://transparenciachc.blob.core.windows.net/oc-da/Instituciones_compradoras.zip,2026-03-04T17:59:21.648688+00:00
0e3a5de843dbe0c7b90f26d884ba8cb9e4294e2a6d72e8a40754c6eed9b6401a,9900,"GOB. CENTRAL, UNIVERSIDADES",TESORERIA GENERAL DE LA REPUBLICA,6956,729761,TESORERIA PROVINCIAL DEL MAIPO,Metropolitana,https://transparenciachc.blob.core.windows.net/oc-da/Instituciones_compradoras.zip,2026-03-04T17:59:21.648688+00:00
c75c160523feccf8e9403c30845e5188520fbf834a04e9ba10bb93127e20ac9e,7205,"GOB. CENTRAL, UNIVERSIDADES",TESORERIA GENERAL DE LA REPUBLICA,6956,729909,TESORERÍA REGIONAL SANTIAGO SUR,Metropolitana,https://transparenciachc.blob.core.windows.net/oc-da/Instituciones_compradoras.zip,2026-03-04T17:59:21.648688+00:00
86260bebda62747c2036bfd9731758df61f97fa585d176bdf3353186c53f57b1,0035,"GOB. CENTRAL, UNIVERSIDADES",TESORERIA GENERAL DE LA REPUBLICA,6956,734069,TESORERÍA  REGIONAL ANTOFAGASTA,Antofagasta,https://transparenciachc.blob.core.windows.net/oc-da/Instituciones_compradoras.zip,2026-03-04T17:59:21.648688+00:00
b60963c673207faeab883b345eaf8ae437ce7f09b52a4dd047748556cbeb413f,7404,"GOB. CENTRAL, UNIVERSIDADES",TESORERIA GENERAL DE LA REPUBLICA,6956,736996,TESORERIA PROVINCIAL NUNOA,Metropolitana,https://transparenciachc.blob.core.windows.net/oc-da/Instituciones_compradoras.zip,2026-03-04T17:59:21.648688+00:00
f30444acb3f2a8a082036666d1a9ba143da981e3d86c6f2fd5e59e8e38a58fea,6802,"GOB. CENTRAL, UNIVERSIDADES",TESORERIA GENERAL DE LA REPUBLICA,6956,738477,TESORERIA PROVINCIAL LAS CONDES,Metropolitana,https://transparenciachc.blob.core.windows.net/oc-da/Instituciones_compradoras.zip,2026-03-04T17:59:21.648688+00:00
8cc1ad545a26769886b315010e458912e4f59224f1f953c3c825a0ba669da9d9,5068,"GOB. CENTRAL, UNIVERSIDADES",TESORERIA GENERAL DE LA REPUBLICA,6956,743127,TESORERIA PROVINCIAL DE OVALLE,Coquimbo,https://transparenciachc.blob.core.windows.net/oc-da/Instituciones_compradoras.zip,2026-03-04T17:59:21.648688+00:00
4c0273e414feae67b996a39eb6659ffd43dc891c40941f3eca28f3ef7a2776c6,9690,"GOB. CENTRAL, UNIVERSIDADES",TESORERIA GENERAL DE LA REPUBLICA,6956,743136,TESORERÍA PROVINCIAL DE COQUIMBO,Coquimbo,https://transparenciachc.blob.core.windows.net/oc-da/Instituciones_compradoras.zip,2026-03-04T17:59:21.648688+00:00
09a167756c275a0a9eab4bc4529e354f43f01c0ae2fa52d42e55cd63bf00f69e,7000,"GOB. CENTRAL, UNIVERSIDADES",TESORERIA GENERAL DE LA REPUBLICA,6956,744609,TESORERIA PROVINCIAL DE TALCAHUANO,Bío-Bío,https://transparenciachc.blob.core.windows.net/oc-da/Instituciones_compradoras.zip,2026-03-04T17:59:21.648688+00:00
71920af07ddc08e7001bbd973fcf9a1664a9206da2e1231b8c3bc669fada0632,0019,"GOB. CENTRAL, UNIVERSIDADES",TESORERIA GENERAL DE LA REPUBLICA,6956,749893,TESORERIA REGIONAL DE ARICA,Arica y Parinacota,https://transparenciachc.blob.core.windows.net/oc-da/Instituciones_compradoras.zip,2026-03-04T17:59:21.648688+00:00
6e178d990e6abfff17781888f3ecbacf5818fd8d8bec70e05022afd6b1f574b9,0175,"GOB. CENTRAL, UNIVERSIDADES",TESORERIA GENERAL DE LA REPUBLICA,6956,755818,TESORERIA PROVINCIAL DE LEBU,Bío-Bío,https://transparenciachc.blob.core.windows.net/oc-da/Instituciones_compradoras.zip,2026-03-04T17:59:21.648688+00:00
499f8ea251c3719eb2aafbd781ac32ade208d1c48458ab6df7d786485e7f2d5f,9320,"GOB. CENTRAL, UNIVERSIDADES",TESORERIA GENERAL DE LA REPUBLICA,6956,772145,TESORERIA PROVINCIAL DEL RANCO,Los Ríos,https://transparenciachc.blob.core.windows.net/oc-da/Instituciones_compradoras.zip,2026-03-04T17:59:21.648688+00:00
5b25ac66869f61147ac2f1eea48ce7fae581095a757acafd3d6952996ab17a49,0094,"GOB. CENTRAL, UNIVERSIDADES",TESORERIA GENERAL DE LA REPUBLICA,6956,793397,TESORERÍA REGIONAL RANCAGUA,Lib. Gral. Bdo. O'Higgins,https://transparenciachc.blob.core.windows.net/oc-da/Instituciones_compradoras.zip,2026-03-04T17:59:21.648688+00:00
6a9312ebee986e443e52af5319c827a8e18bdcaa9bf85c59241ff13f8c526a83,0205,"GOB. CENTRAL, UNIVERSIDADES",TESORERIA GENERAL DE LA REPUBLICA,6956,838486,TESRORERIA REGIONAL DE LA ARAUCANIA,Araucanía,https://transparenciachc.blob.core.windows.net/oc-da/Instituciones_compradoras.zip,2026-03-04T17:59:21.648688+00:00
a7df6e07dfc2488ddf22555e7eead255a00ac788e45b84b00cd070b044ebf46f,6008,"GOB. CENTRAL, UNIVERSIDADES",TESORERIA GENERAL DE LA REPUBLICA,6956,838487,TESORERIA REGIONAL SANTIAGO PONIENTE,Metropolitana,https://transparenciachc.blob.core.windows.net/oc-da/Instituciones_compradoras.zip,2026-03-04T17:59:21.648688+00:00
5f23774268a1501d7b00ba8e064a55a8fac0d86790b3c9871a201abb7474a280,0221,"GOB. CENTRAL, UNIVERSIDADES",TESORERIA GENERAL DE LA REPUBLICA,6956,871064,TESORERIA PROVINCIAL DE OSORNO,Los Lagos,https://transparenciachc.blob.core.windows.net/oc-da/Instituciones_compradoras.zip,2026-03-04T17:59:21.648688+00:00
48602916555e5b7493de880e2a112f1153997784563a8789b986f12c8eaf79ab,0191,"GOB. CENTRAL, UNIVERSIDADES",TESORERIA GENERAL DE LA REPUBLICA,6956,903782,TESORERÍA PROVINCIAL DE ANGOL,Araucanía,https://transparenciachc.blob.core.windows.net/oc-da/Instituciones_compradoras.zip,2026-03-04T17:59:21.648688+00:00
5f49e62b914f271b5b02dfcbc256b2efafb1b42a802eb22246dcedab0e2f34c1,1509,"GOB. CENTRAL, UNIVERSIDADES",TESORERIA GENERAL DE LA REPUBLICA,6956,908494,TESORERÍA PROVINCIAL DE MELIPILLA,Metropolitana,https://transparenciachc.blob.core.windows.net/oc-da/Instituciones_compradoras.zip,2026-03-04T17:59:21.648688+00:00
a512eea05b5900fe4fa3a4ed82750a2e5528d407e6b2cc5ea6d3cf52596ffd9a,0108,"GOB. CENTRAL, UNIVERSIDADES",TESORERIA GENERAL DE LA REPUBLICA,6956,908502,TESORERÍA PROVINCIAL DE SAN FERNANDO,Lib. Gral. Bdo. O'Higgins,https://transparenciachc.blob.core.windows.net/oc-da/Instituciones_compradoras.zip,2026-03-04T17:59:21.648688+00:00
dc5a55fcf009a87b9384d4e2592829f0c4b9247d72f1f7f907ceca442c8dbd06,5278,"GOB. CENTRAL, UNIVERSIDADES",TESORERIA GENERAL DE LA REPUBLICA,6956,909848,TESORERÍA PROVINCIAL DE MAIPU,Metropolitana,https://transparenciachc.blob.core.windows.net/oc-da/Instituciones_compradoras.zip,2026-03-04T17:59:21.648688+00:00
e5a34b9c4c6e23718c8b9064cd77abd6208b3c7aba83f565edcd9b1d2c593164,0590,"GOB. CENTRAL, UNIVERSIDADES",TESORERIA GENERAL DE LA REPUBLICA,6956,909862,TESORERÍA PROVINCIAL DE VALLENAR,Atacama,https://transparenciachc.blob.core.windows.net/oc-da/Instituciones_compradoras.zip,2026-03-04T17:59:21.648688+00:00
9242577b9b5cda9c74b7253fa42be40d3ea301055831b56113bf4d855b89d032,0744,"GOB. CENTRAL, UNIVERSIDADES",TESORERIA GENERAL DE LA REPUBLICA,6956,909863,TESORERÍA PROVINCIAL DE ILLAPEL,Coquimbo,https://transparenciachc.blob.core.windows.net/oc-da/Instituciones_compradoras.zip,2026-03-04T17:59:21.648688+00:00
2c9f6a06e5659d26d067e6a531c776d09079f15b83fc497f6987a03451679e57,7002,SALUD,CENTRAL DE ABASTECIMIENTO DEL SISTEMA NACIONAL DE SERVICIO DE SALUD,6957,6513,(5600),Metropolitana,https://transparenciachc.blob.core.windows.net/oc-da/Instituciones_compradoras.zip,2026-03-04T17:59:21.648688+00:00
14f3663f44ecc040ce96c190b32d1500e418ad4a140eb17feeb1b40e4f77eefb,3004,"GOB. CENTRAL, UNIVERSIDADES",SUBSECRETARIA DEL MINISTERIO DE EDUCACION PUBLICA,6958,1040,DEPARTAMENTO PROVINCIAL DE MALLECO,Araucanía,https://transparenciachc.blob.core.windows.net/oc-da/Instituciones_compradoras.zip,2026-03-04T17:59:21.648688+00:00
658a6fae7f8e198a6648ad1032662bec8b1ec6105fed6fc0911057a458032853,4804,"GOB. CENTRAL, UNIVERSIDADES",SUBSECRETARIA DEL MINISTERIO DE EDUCACION PUBLICA,6958,1043030,SECRETARIA REGIONAL MINISTERIAL ÑUBLE,Ñuble,https://transparenciachc.blob.core.windows.net/oc-da/Instituciones_compradoras.zip,2026-03-04T17:59:21.648688+00:00
c1a5f6b4cd0e74bf5efb13e06503ef553945ca97f25425a49bf16e5e090f45a8,0037,"GOB. CENTRAL, UNIVERSIDADES",SUBSECRETARIA DEL MINISTERIO DE EDUCACION PUBLICA,6958,1944,MINEDUC ADMINISTRACIÓN I REGIÓN,Tarapacá,https://transparenciachc.blob.core.windows.net/oc-da/Instituciones_compradoras.zip,2026-03-04T17:59:21.648688+00:00
6b1baf2166971fb9c54f9f9a78462162301cdfea5d66ba06562948b29c9e01d6,0002,"GOB. CENTRAL, UNIVERSIDADES",SUBSECRETARIA DEL MINISTERIO DE EDUCACION PUBLICA,6958,661932,PASAJES AEREOS - INFORMATICA,Metropolitana,https://transparenciachc.blob.core.windows.net/oc-da/Instituciones_compradoras.zip,2026-03-04T17:59:21.648688+00:00
8a8bae8e09e1408f972117cfef3291df651bbb57b09176a5b954bae97bce390a,1010,"GOB. CENTRAL, UNIVERSIDADES",SUBSECRETARIA DEL MINISTERIO DE EDUCACION PUBLICA,6958,2752,MINEDUC ADMINISTRACIÓN VIII REGIÓN,Bío-Bío,https://transparenciachc.blob.core.windows.net/oc-da/Instituciones_compradoras.zip,2026-03-04T17:59:21.648688+00:00
6bcc79c29151a542b0d7861b2e3165b931e31a6dce78f75731784b255e1de520,0709,"GOB. CENTRAL, UNIVERSIDADES",SUBSECRETARIA DEL MINISTERIO DE EDUCACION PUBLICA,6958,2477,DEPARTAMENTO PROVINCIAL ELQUI,Coquimbo,https://transparenciachc.blob.core.windows.net/oc-da/Instituciones_compradoras.zip,2026-03-04T17:59:21.648688+00:00
eccac5798779f1faa858d67a7c29ede562dd331fad2236b461f729accc0fc859,0180,"GOB. CENTRAL, UNIVERSIDADES",SUBSECRETARIA DEL MINISTERIO DE EDUCACION PUBLICA,6958,2478,DEPARTAMENTO PROVINCIAL CHOAPA,Coquimbo,https://transparenciachc.blob.core.windows.net/oc-da/Instituciones_compradoras.zip,2026-03-04T17:59:21.648688+00:00
192a70c4dc856ad41a166ce53bf0222c8f182f1689fed1c084c7c0834bde80e5,0134,"GOB. CENTRAL, UNIVERSIDADES",SUBSECRETARIA DEL MINISTERIO DE EDUCACION PUBLICA,6958,2754,MINEDUC ADMINISTRACIÓN XI REGIÓN,Aysén,https://transparenciachc.blob.core.windows.net/oc-da/Instituciones_compradoras.zip,2026-03-04T17:59:21.648688+00:00
fdc98d9a9cfe2075f7ffc1ca18dcc9e92bdc198bf1ffc6433d24427b40d04fa5,0641,"GOB. CENTRAL, UNIVERSIDADES",SUBSECRETARIA DEL MINISTERIO DE EDUCACION PUBLICA,6958,3074,CENTRO DE PERFECC. EXPERIM. E INVESTIG. PEDAGOGICAS (CPEIP),Metropolitana,https://transparenciachc.blob.core.windows.net/oc-da/Instituciones_compradoras.zip,2026-03-04T17:59:21.648688+00:00
bbc3deeb89601eec00eda4f6fe428e999f065d8f59919765f4a17216a4931f80,0150,"GOB. CENTRAL, UNIVERSIDADES",SUBSECRETARIA DEL MINISTERIO DE EDUCACION PUBLICA,6958,1918,MINEDUC ADMINISTRACIÓN RM,Metropolitana,https://transparenciachc.blob.core.windows.net/oc-da/Instituciones_compradoras.zip,2026-03-04T17:59:21.648688+00:00
13ca227c4ef589b48ed6fa2a6ffcf5f3cd7f8478a9f672302bf996558b4b4833,0053,"GOB. CENTRAL, UNIVERSIDADES",SUBSECRETARIA DEL MINISTERIO DE EDUCACION PUBLICA,6958,1945,MINEDUC ADMINISTRACIÓN III REGIÓN,Atacama,https://transparenciachc.blob.core.windows.net/oc-da/Instituciones_compradoras.zip,2026-03-04T17:59:21.648688+00:00
1af557b46caf4bd01385e8aca4fbdfc9466ca7f821d1ca14d38a489dbf7e0bd5,1007,"GOB. CENTRAL, UNIVERSIDADES",SUBSECRETARIA DEL MINISTERIO DE EDUCACION PUBLICA,6958,1946,MINEDUC ADMINISTRACIÓN V REGIÓN,Valparaíso,https://transparenciachc.blob.core.windows.net/oc-da/Instituciones_compradoras.zip,2026-03-04T17:59:21.648688+00:00
660c69b250fe850bd60b659b1639fbc69481b1db3718c1f32fbc7f793426ce16,0045,"GOB. CENTRAL, UNIVERSIDADES",SUBSECRETARIA DEL MINISTERIO DE EDUCACION PUBLICA,6958,2205,MINEDUC ADMINISTRACIÓN II REGIÓN,Antofagasta,https://transparenciachc.blob.core.windows.net/oc-da/Instituciones_compradoras.zip,2026-03-04T17:59:21.648688+00:00
19a6d7340b98b69d62d3c44fe17a218b02ed064ccfa3360497c7c3c5bd533117,0061,"GOB. CENTRAL, UNIVERSIDADES",SUBSECRETARIA DEL MINISTERIO DE EDUCACION PUBLICA,6958,2206,MINEDUC ADMINISTRACIÓN IV REGIÓN,Coquimbo,https://transparenciachc.blob.core.windows.net/oc-da/Instituciones_compradoras.zip,2026-03-04T17:59:21.648688+00:00
99dd80d0459fba2c404cee05efdfdc7ac135dfdeb2996407acf879f8c420277c,0088,"GOB. CENTRAL, UNIVERSIDADES",SUBSECRETARIA DEL MINISTERIO DE EDUCACION PUBLICA,6958,2207,MINEDUC ADMINISTRACIÓN VI REGIÓN,Lib. Gral. Bdo. O'Higgins,https://transparenciachc.blob.core.windows.net/oc-da/Instituciones_compradoras.zip,2026-03-04T17:59:21.648688+00:00
270bd330779dd3e2e88c8582f58071b6fad74748c9786f82a3ad17d0d63a908d,0118,"GOB. CENTRAL, UNIVERSIDADES",SUBSECRETARIA DEL MINISTERIO DE EDUCACION PUBLICA,6958,2334,SEREMI IX,Araucanía,https://transparenciachc.blob.core.windows.net/oc-da/Instituciones_compradoras.zip,2026-03-04T17:59:21.648688+00:00
f69b3b83677eca7761f113f20ef54a5fe2faf201443d7b8b2df0847184e76dd1,1003,"GOB. CENTRAL, UNIVERSIDADES",SUBSECRETARIA DEL MINISTERIO DE EDUCACION PUBLICA,6958,2383,DEPARTAMENTO PROVINCIAL DE EDUCACIÓN SUR,Metropolitana,https://transparenciachc.blob.core.windows.net/oc-da/Instituciones_compradoras.zip,2026-03-04T17:59:21.648688+00:00
01cf575ad02d7499ec0f88d1b84ccb9a92607fe16ca229d925a2c5d5c8863093,5009,"GOB. CENTRAL, UNIVERSIDADES",SUBSECRETARIA DEL MINISTERIO DE EDUCACION PUBLICA,6958,2384,DEPARTAMENTO PROVINCIAL DE EDUCACIÓN ORIENTE,Metropolitana,https://transparenciachc.blob.core.windows.net/oc-da/Instituciones_compradoras.zip,2026-03-04T17:59:21.648688+00:00
26ef63bf16a6289738a49835233b199ce35c103e39cc7ea39411e0199b57fa08,4000,"GOB. CENTRAL, UNIVERSIDADES",SUBSECRETARIA DEL MINISTERIO DE EDUCACION PUBLICA,6958,2385,DEPARTAMENTO PROVINCIAL DE EDUCACIÓN CENTRO,Metropolitana,https://transparenciachc.blob.core.windows.net/oc-da/Instituciones_compradoras.zip,2026-03-04T17:59:21.648688+00:00
4c5ff74e0ca2bb730deae66b598fde636aa7bb4d4b22bbaf8969d5f5d80ec5ca,6005,"GOB. CENTRAL, UNIVERSIDADES",SUBSECRETARIA DEL MINISTERIO DE EDUCACION PUBLICA,6958,2386,DEPARTAMENTO PROVINCIAL DE EDUCACIÓN TALAGANTE,Metropolitana,https://transparenciachc.blob.core.windows.net/oc-da/Instituciones_compradoras.zip,2026-03-04T17:59:21.648688+00:00
10e6fba64e57d7f712932ce56940ff650e286b8a01fff4645d7dc5c4787e4c03,0113,"GOB. CENTRAL, UNIVERSIDADES",SUBSECRETARIA DEL MINISTERIO DE EDUCACION PUBLICA,6958,2475,DEPTO. PROVINCIAL EDUCACIÓN OSORNO,Los Lagos,https://transparenciachc.blob.core.windows.net/oc-da/Instituciones_compradoras.zip,2026-03-04T17:59:21.648688+00:00
32ec7d3251777113df7175477ef41c7946e1fc21fd5b0bae6ce1c454bcee42e9,0040,"GOB. CENTRAL, UNIVERSIDADES",SUBSECRETARIA DEL MINISTERIO DE EDUCACION PUBLICA,6958,2476,DEPTO. PROVINCIAL EDUCACIÓN CHILOE,Los Lagos,https://transparenciachc.blob.core.windows.net/oc-da/Instituciones_compradoras.zip,2026-03-04T17:59:21.648688+00:00
fc25247f18dd99b769e49f0a3aa639247d04f9bd4ff416841593f474ec8e9d32,0185,"GOB. CENTRAL, UNIVERSIDADES",SUBSECRETARIA DEL MINISTERIO DE EDUCACION PUBLICA,6958,2479,DEPARTAMENTO PROVINCIAL EL LOA,Antofagasta,https://transparenciachc.blob.core.windows.net/oc-da/Instituciones_compradoras.zip,2026-03-04T17:59:21.648688+00:00
e8707bb41e284a69bd2971d0474ce6fb43a55fc7b96424208c2b80b7008810ef,0547,"GOB. CENTRAL, UNIVERSIDADES",SUBSECRETARIA DEL MINISTERIO DE EDUCACION PUBLICA,6958,2480,DEPARTAMENTO PROVINCIAL ARAUCO,Bío-Bío,https://transparenciachc.blob.core.windows.net/oc-da/Instituciones_compradoras.zip,2026-03-04T17:59:21.648688+00:00
bb9017b8dfe72dd4e40f3b4207df27952eb28f95dd457aa626f7b218615a176a,0660,"GOB. CENTRAL, UNIVERSIDADES",SUBSECRETARIA DEL MINISTERIO DE EDUCACION PUBLICA,6958,2481,DEPARTAMENTO PROVINCIAL BÍO BÍO,Bío-Bío,https://transparenciachc.blob.core.windows.net/oc-da/Instituciones_compradoras.zip,2026-03-04T17:59:21.648688+00:00
dba9ba8004d0f2020d2fea71f19bc05086c67efeae953b60df2c2ffc289c42ff,2013,"GOB. CENTRAL, UNIVERSIDADES",SUBSECRETARIA DEL MINISTERIO DE EDUCACION PUBLICA,6958,2482,DEPARTAMENTO PROVINCIAL IQUIQUE,Tarapacá,https://transparenciachc.blob.core.windows.net/oc-da/Instituciones_compradoras.zip,2026-03-04T17:59:21.648688+00:00
5df34c242358e69426f319fb4271d939983dee2c84353c66d2aaff82d4408a8d,7006,"GOB. CENTRAL, UNIVERSIDADES",SUBSECRETARIA DEL MINISTERIO DE EDUCACION PUBLICA,6958,2517,DEPARTAMENTO PROVINCIAL DE COYHAIQUE,Aysén,https://transparenciachc.blob.core.windows.net/oc-da/Instituciones_compradoras.zip,2026-03-04T17:59:21.648688+00:00
ec119e6db523f2713b0b834f5655fec5ea24c37b1904fed5998e2914683b8367,0733,"GOB. CENTRAL, UNIVERSIDADES",SUBSECRETARIA DEL MINISTERIO DE EDUCACION PUBLICA,6958,2521,DEPARTAMENTO PROVINCIAL DE TALCA,Maule,https://transparenciachc.blob.core.windows.net/oc-da/Instituciones_compradoras.zip,2026-03-04T17:59:21.648688+00:00
00bdf9fdfcb3b816b879cd13bd411b5273e8ad81700a2073e2618bfa3f3600b5,0679,"GOB. CENTRAL, UNIVERSIDADES",SUBSECRETARIA DEL MINISTERIO DE EDUCACION PUBLICA,6958,2538,DEPARTAMENTO PROVINCIAL SAN ANTONIO,Valparaíso,https://transparenciachc.blob.core.windows.net/oc-da/Instituciones_compradoras.zip,2026-03-04T17:59:21.648688+00:00
8040122bb8b868ff1f7039a976706fb44a465e56fa66cf563e03d51658768653,0717,"GOB. CENTRAL, UNIVERSIDADES",SUBSECRETARIA DEL MINISTERIO DE EDUCACION PUBLICA,6958,2539,DEPARTAMENTO PROVINCIAL QUILLOTA-PETORCA,Valparaíso,https://transparenciachc.blob.core.windows.net/oc-da/Instituciones_compradoras.zip,2026-03-04T17:59:21.648688+00:00
308a3d6c09e5ea5f8f66aba6756935ff83c47e93d008f7a6304be5220497ca2b,0096,"GOB. CENTRAL, UNIVERSIDADES",SUBSECRETARIA DEL MINISTERIO DE EDUCACION PUBLICA,6958,2751,MINEDUC ADMINISTRACIÓN VII REGIÓN,Maule,https://transparenciachc.blob.core.windows.net/oc-da/Instituciones_compradoras.zip,2026-03-04T17:59:21.648688+00:00
d6940bf97f453951d93175364fa5c1b715cd60d27b53a9aef688ca616cd28773,0126,"GOB. CENTRAL, UNIVERSIDADES",SUBSECRETARIA DEL MINISTERIO DE EDUCACION PUBLICA,6958,2753,MINEDUC  ADMINISTRACIÓN X REGIÓN,Los Lagos,https://transparenciachc.blob.core.windows.net/oc-da/Instituciones_compradoras.zip,2026-03-04T17:59:21.648688+00:00
0f2df487b0c9d53eaf35c3f71d81cb27993bfcb58844977b67b4bf2e96a17c83,0142,"GOB. CENTRAL, UNIVERSIDADES",SUBSECRETARIA DEL MINISTERIO DE EDUCACION PUBLICA,6958,2755,MINEDUC ADMINISTRACIÓN XII REGIÓN,Magallanes y Antártica,https://transparenciachc.blob.core.windows.net/oc-da/Instituciones_compradoras.zip,2026-03-04T17:59:21.648688+00:00
822310235468e03471e3486c9b2562601efee804337e98401bf1826ccce0fa5c,0405,"GOB. CENTRAL, UNIVERSIDADES",SUBSECRETARIA DEL MINISTERIO DE EDUCACION PUBLICA,6958,6193,PASAJES AEREOS - SERVICIO BIENESTAR,Metropolitana,https://transparenciachc.blob.core.windows.net/oc-da/Instituciones_compradoras.zip,2026-03-04T17:59:21.648688+00:00
7e6d8eee0c6e57b82d47d1a1dde87a2413afe258b78c0315b5ca9c82431b1e58,9002,"GOB. CENTRAL, UNIVERSIDADES",SUBSECRETARIA DEL MINISTERIO DE EDUCACION PUBLICA,6958,2949,DEPARTAMENTO PROVINCIAL DE EDUCACIÓN NORTE,Metropolitana,https://transparenciachc.blob.core.windows.net/oc-da/Instituciones_compradoras.zip,2026-03-04T17:59:21.648688+00:00
db74cb2721284ce98952a83fae52134eae17b046365d32c0c98749594f155def,7400,"GOB. CENTRAL, UNIVERSIDADES",SUBSECRETARIA DEL MINISTERIO DE EDUCACION PUBLICA,6958,2950,DEPARTAMENTO PROVINCIAL DE EDUCACIÓN PONIENTE,Metropolitana,https://transparenciachc.blob.core.windows.net/oc-da/Instituciones_compradoras.zip,2026-03-04T17:59:21.648688+00:00
82bef86bd750c6bdaf72cbd4709099e16622c60679b1633471dafe83f065085e,9404,"GOB. CENTRAL, UNIVERSIDADES",SUBSECRETARIA DEL MINISTERIO DE EDUCACION PUBLICA,6958,2951,DEPARTAMENTO PROVINCIAL DE EDUCACIÓN CORDILLERA,Metropolitana,https://transparenciachc.blob.core.windows.net/oc-da/Instituciones_compradoras.zip,2026-03-04T17:59:21.648688+00:00
1d34ce791aa8131bcc7181dce6e47ffc76378bf2b97b52973bd1653e4b7c3552,1304,"GOB. CENTRAL, UNIVERSIDADES",SUBSECRETARIA DEL MINISTERIO DE EDUCACION PUBLICA,6958,296139,DEPARTAMENTO PROVINCIAL DE EDUCACIÓN DE RANCO,Los Ríos,https://transparenciachc.blob.core.windows.net/oc-da/Instituciones_compradoras.zip,2026-03-04T17:59:21.648688+00:00
5ec703cafc14121db46633d95e769bf492e67238604aeb1167e4d1b4dadfbdfa,0156,"GOB. CENTRAL, UNIVERSIDADES",SUBSECRETARIA DEL MINISTERIO DE EDUCACION PUBLICA,6958,3022,DEPTO. PROVINCIAL EDUCACIÓN  VALDIVIA,Los Ríos,https://transparenciachc.blob.core.windows.net/oc-da/Instituciones_compradoras.zip,2026-03-04T17:59:21.648688+00:00
307f46f653713f31b14d4d57cf80f4f9eb522381544e66032d8dd488e19feb62,0393,"GOB. CENTRAL, UNIVERSIDADES",SUBSECRETARIA DEL MINISTERIO DE EDUCACION PUBLICA,6958,3023,DEPTO. PROVINCIAL EDUCACIÓN LLANQUIHUE,Los Lagos,https://transparenciachc.blob.core.windows.net/oc-da/Instituciones_compradoras.zip,2026-03-04T17:59:21.648688+00:00
585af25c07baec33a76a01d9ce907f1a2934e24717212327766dbe1845ce2e6d,0695,"GOB. CENTRAL, UNIVERSIDADES",SUBSECRETARIA DEL MINISTERIO DE EDUCACION PUBLICA,6958,3024,DEPTO. PROVINCIAL EDUCACIÓN PALENA,Los Lagos,https://transparenciachc.blob.core.windows.net/oc-da/Instituciones_compradoras.zip,2026-03-04T17:59:21.648688+00:00
7d6e72ad5edfab55f0abe2e800e8161a56690c290313c2264e1be9be52f2a91f,0520,"GOB. CENTRAL, UNIVERSIDADES",SUBSECRETARIA DEL MINISTERIO DE EDUCACION PUBLICA,6958,3025,DEPARTAMENTO PROVINCIAL LIMARI,Coquimbo,https://transparenciachc.blob.core.windows.net/oc-da/Instituciones_compradoras.zip,2026-03-04T17:59:21.648688+00:00
290140f737d8081dc259f6d208522c1c1e0037eef1a06ed1ba4496183ae74e1b,0177,"GOB. CENTRAL, UNIVERSIDADES",SUBSECRETARIA DEL MINISTERIO DE EDUCACION PUBLICA,6958,3026,DEPARTAMENTO PROVINCIAL ANTOFAGASTA,Antofagasta,https://transparenciachc.blob.core.windows.net/oc-da/Instituciones_compradoras.zip,2026-03-04T17:59:21.648688+00:00
709e0c1d757964996b98ee0abf994bc322ac3af37c0750ceabecc6853e4a84ea,0555,"GOB. CENTRAL, UNIVERSIDADES",SUBSECRETARIA DEL MINISTERIO DE EDUCACION PUBLICA,6958,3027,DEPARTAMENTO PROVINCIAL ÑUBLE,Ñuble,https://transparenciachc.blob.core.windows.net/oc-da/Instituciones_compradoras.zip,2026-03-04T17:59:21.648688+00:00
d532ffe66e087990d337ac588b7af6729a66b805586e2d62620fca29fd76acc9,0193,"GOB. CENTRAL, UNIVERSIDADES",SUBSECRETARIA DEL MINISTERIO DE EDUCACION PUBLICA,6958,3028,DEPARTAMENTO PROVINCIAL CONCEPCIÓN,Bío-Bío,https://transparenciachc.blob.core.windows.net/oc-da/Instituciones_compradoras.zip,2026-03-04T17:59:21.648688+00:00
594a9ac8f01b179eeaa779891e9533ed3162f16ab99b6fbdaf3e8fee757f363d,2000,"GOB. CENTRAL, UNIVERSIDADES",SUBSECRETARIA DEL MINISTERIO DE EDUCACION PUBLICA,6958,3029,DEPARTAMENTO PROVINCIAL ARICA,Arica y Parinacota,https://transparenciachc.blob.core.windows.net/oc-da/Instituciones_compradoras.zip,2026-03-04T17:59:21.648688+00:00
74d14497da5a5aba536aa7a3f9b4a262d621f7bf78add95c2a0d24b55f985c6d,0512,"GOB. CENTRAL, UNIVERSIDADES",SUBSECRETARIA DEL MINISTERIO DE EDUCACION PUBLICA,6958,3057,DEPARTAMENTO PROVINCIAL DE CACHAPOAL,Lib. Gral. Bdo. O'Higgins,https://transparenciachc.blob.core.windows.net/oc-da/Instituciones_compradoras.zip,2026-03-04T17:59:21.648688+00:00
834309e43479ec2f71db467a88b8b0fde5e9ed5ccba0e01b7ae3fe7f356e4de7,0207,"GOB. CENTRAL, UNIVERSIDADES",SUBSECRETARIA DEL MINISTERIO DE EDUCACION PUBLICA,6958,3058,DEPARTAMENTO PROVINCIAL DE EDUCACIÓN COLCHAGUA,Lib. Gral. Bdo. O'Higgins,https://transparenciachc.blob.core.windows.net/oc-da/Instituciones_compradoras.zip,2026-03-04T17:59:21.648688+00:00
41450f0363de05d1e117427d8df7720ca6edc9649f6498908ffef6d73f1a88dc,0687,"GOB. CENTRAL, UNIVERSIDADES",SUBSECRETARIA DEL MINISTERIO DE EDUCACION PUBLICA,6958,3059,DEPARTAMENTO PROVINCIAL DE EDUCACIÓN CARDENAL CARO,Lib. Gral. Bdo. O'Higgins,https://transparenciachc.blob.core.windows.net/oc-da/Instituciones_compradoras.zip,2026-03-04T17:59:21.648688+00:00
d1a3e1406f131110952871f18a8089aa45ad87867e249b85f961f314dd616732,0725,"GOB. CENTRAL, UNIVERSIDADES",SUBSECRETARIA DEL MINISTERIO DE EDUCACION PUBLICA,6958,3069,DEPARTAMENTO PROVINCIAL DE MAGALLANES,Magallanes y Antártica,https://transparenciachc.blob.core.windows.net/oc-da/Instituciones_compradoras.zip,2026-03-04T17:59:21.648688+00:00
f9e6718656610960393ef718a759a2a452aabf8a554a09375159e66b3b32b160,0245,"GOB. CENTRAL, UNIVERSIDADES",SUBSECRETARIA DEL MINISTERIO DE EDUCACION PUBLICA,6958,3086,DEPARTAMENTO PROVINCIAL SAN FELIPE-LOS ANDES,Valparaíso,https://transparenciachc.blob.core.windows.net/oc-da/Instituciones_compradoras.zip,2026-03-04T17:59:21.648688+00:00
d4051f9fa88320f8d58c2d0bf5f2253e823040c25c1cc2b2402a7349a85aefe5,0288,"GOB. CENTRAL, UNIVERSIDADES",SUBSECRETARIA DEL MINISTERIO DE EDUCACION PUBLICA,6958,3087,DEPARTAMENTO PROVINCIAL VALPARAÍSO-ISLA DE PASCUA,Valparaíso,https://transparenciachc.blob.core.windows.net/oc-da/Instituciones_compradoras.zip,2026-03-04T17:59:21.648688+00:00
5c7d8cf3683cf4dc04be80df9234f7d542485f58fffbc7232676049a582bb14b,0504,"GOB. CENTRAL, UNIVERSIDADES",SUBSECRETARIA DEL MINISTERIO DE EDUCACION PUBLICA,6958,3122,DEPARTAMENTO PROVINCIAL CAUQUENES,Maule,https://transparenciachc.blob.core.windows.net/oc-da/Instituciones_compradoras.zip,2026-03-04T17:59:21.648688+00:00
1983172ee926d364a6c4136381aca29d22201ea437e7b6f47b67a93dfaddd465,3000,"GOB. CENTRAL, UNIVERSIDADES",SUBSECRETARIA DEL MINISTERIO DE EDUCACION PUBLICA,6958,3209,DEPARTAMENTO PROVINCIAL CAUTIN NORTE,Araucanía,https://transparenciachc.blob.core.windows.net/oc-da/Instituciones_compradoras.zip,2026-03-04T17:59:21.648688+00:00
ce62256c63e10e8eec3a71f3ff99c87a2404c0b764ceb26bb83ee0756ddfcf3a,5006,"GOB. CENTRAL, UNIVERSIDADES",SUBSECRETARIA DEL MINISTERIO DE EDUCACION PUBLICA,6958,3249,DEPARTAMENTO PROVINCIAL DE LINARES,Maule,https://transparenciachc.blob.core.windows.net/oc-da/Instituciones_compradoras.zip,2026-03-04T17:59:21.648688+00:00
b80c476ea67f06d00c9da21c2868ae19b43f42a196e1d2243e7b2f1b28d9364d,0229,"GOB. CENTRAL, UNIVERSIDADES",SUBSECRETARIA DEL MINISTERIO DE EDUCACION PUBLICA,6958,3250,DPTO PROVINCIAL DE CURICÓ,Maule,https://transparenciachc.blob.core.windows.net/oc-da/Instituciones_compradoras.zip,2026-03-04T17:59:21.648688+00:00
af5515fa465f6c00cea8a7baec4227f4703af36d4a64e3350b9959c65d7c1bc6,2004,"GOB. CENTRAL, UNIVERSIDADES",SUBSECRETARIA DEL MINISTERIO DE EDUCACION PUBLICA,6958,3263,DEPARTAMENTO  PROVINCIAL  EDUCACIÓN  CAUTÍN SUR,Araucanía,https://transparenciachc.blob.core.windows.net/oc-da/Instituciones_compradoras.zip,2026-03-04T17:59:21.648688+00:00
2c08cad2e254ed54b2668f0207ef87714589137a18f0bb74da2e96f89279cea4,0004,"GOB. CENTRAL, UNIVERSIDADES",SUBSECRETARIA DEL MINISTERIO DE EDUCACION PUBLICA,6958,3592,CONSEJO DE CALIFICACIÓN CINEMATROGRÁFICA,Metropolitana,https://transparenciachc.blob.core.windows.net/oc-da/Instituciones_compradoras.zip,2026-03-04T17:59:21.648688+00:00
2f01b5bc9a485c37c8f3031b8fe14a40b07d136835d77a4468732ebbecf73461,0024,"GOB. CENTRAL, UNIVERSIDADES",SUBSECRETARIA DEL MINISTERIO DE EDUCACION PUBLICA,6958,3597,DEPARTAMENTO PROVINCIAL DE EDUCACIÓN HUASCO,Atacama,https://transparenciachc.blob.core.windows.net/oc-da/Instituciones_compradoras.zip,2026-03-04T17:59:21.648688+00:00
10f02fdb4ad5408b36045d1b9b470c0d015b0b2e5414c10806e4248496fb41ed,0016,"GOB. CENTRAL, UNIVERSIDADES",SUBSECRETARIA DEL MINISTERIO DE EDUCACION PUBLICA,6958,3598,DEPARTAMENTO PROVINCIAL DE EDUCACIÓN COPIAPO-CHAÑARAL,Atacama,https://transparenciachc.blob.core.windows.net/oc-da/Instituciones_compradoras.zip,2026-03-04T17:59:21.648688+00:00
5310c020b174c7c6ebded04e84ee05dc1ff2facc0ee161d788c187fc38c48e72,7702,"GOB. CENTRAL, UNIVERSIDADES",SUBSECRETARIA DEL MINISTERIO DE EDUCACION PUBLICA,6958,6192,CM-SERVICIO DE BIENESTAR,Metropolitana,https://transparenciachc.blob.core.windows.net/oc-da/Instituciones_compradoras.zip,2026-03-04T17:59:21.648688+00:00
22f159496c3e203033fbdf81396b9386d814aa971f40d3b48f752041a7164abb,0804,"GOB. CENTRAL, UNIVERSIDADES",SUBSECRETARIA DEL MINISTERIO DE EDUCACION PUBLICA,6958,6580,SECRETARÍA MINISTERIAL DE EDUCACIÓN ARICA Y PARINACOTA,Arica y Parinacota,https://transparenciachc.blob.core.windows.net/oc-da/Instituciones_compradoras.zip,2026-03-04T17:59:21.648688+00:00
cf426fa6018c60cd5ee5818264c267d99a5ce43094b07af183a8803794a7d0c7,0007,OTROS,BANCO DEL ESTADO DE CHILE,6959,1041,BANCO DEL ESTADO DE CHILE,Metropolitana,https://transparenciachc.blob.core.windows.net/oc-da/Instituciones_compradoras.zip,2026-03-04T17:59:21.648688+00:00
3a1d7acf8fd540dbb94e3ba914e1dcc19809234bb607f515527a06222e7e3ef3,0003,"GOB. CENTRAL, UNIVERSIDADES",SERVICIO DE REGISTRO CIVIL E IDENTIFICACION,6960,545854,SERVICIO DE REGISTRO CIVIL E IDENTIFICACION,Metropolitana,https://transparenciachc.blob.core.windows.net/oc-da/Instituciones_compradoras.zip,2026-03-04T17:59:21.648688+00:00
4eca8f711549ff24914e1dca2f63099222256b1597e2728e5758d4b1305385d4,6009,"GOB. CENTRAL, UNIVERSIDADES",SERVICIO DE REGISTRO CIVIL E IDENTIFICACION,6960,1057124,DIRECCIÓN REGIONAL DE ÑUBLE DEL SRCEI,Metropolitana,https://transparenciachc.blob.core.windows.net/oc-da/Instituciones_compradoras.zip,2026-03-04T17:59:21.648688+00:00
7a248433b1f74e6ddc1a7f234ab5527ae61e6b5bed1fc38bfee8ec329a9ae4f1,9202,"GOB. CENTRAL, UNIVERSIDADES",SERVICIO DE REGISTRO CIVIL E IDENTIFICACION,6960,6600,DIRECCION REGIONAL  XV  ARICA PARINACOTA,Arica y Parinacota,https://transparenciachc.blob.core.windows.net/oc-da/Instituciones_compradoras.zip,2026-03-04T17:59:21.648688+00:00
4fa41b913cb79e5fd5f84e1f4d445763a2c3e9412cd9782ac7941fd15d2f632d,0070,"GOB. CENTRAL, UNIVERSIDADES",SERVICIO DE REGISTRO CIVIL E IDENTIFICACION,6960,2351,DIRECCIÓN REGIONAL  I REGIÓN,Tarapacá,https://transparenciachc.blob.core.windows.net/oc-da/Instituciones_compradoras.zip,2026-03-04T17:59:21.648688+00:00
04baa96532b19224cf2b50a1bc516d8ae0e6027801f5a57694eabc725d191d45,4920,"GOB. CENTRAL, UNIVERSIDADES",SERVICIO DE REGISTRO CIVIL E IDENTIFICACION,6960,2343,DIRECCIÓN REGIONAL  MAGALLANES Y DE LA ANTÁRTIC CH,Magallanes y Antártica,https://transparenciachc.blob.core.windows.net/oc-da/Instituciones_compradoras.zip,2026-03-04T17:59:21.648688+00:00
1c715e29a904b36bfb2dd190976a233be0d7e24370903f2c2d51d77e6aca9950,0259,"GOB. CENTRAL, UNIVERSIDADES",SERVICIO DE REGISTRO CIVIL E IDENTIFICACION,6960,2344,DIRECCIÓN REGIONAL X REGIÓN,Los Lagos,https://transparenciachc.blob.core.windows.net/oc-da/Instituciones_compradoras.zip,2026-03-04T17:59:21.648688+00:00
21e7d1b1313bce4336bf232156a18f1802dbfb7c8c4ec1524994b69e3e734de1,0194,"GOB. CENTRAL, UNIVERSIDADES",SERVICIO DE REGISTRO CIVIL E IDENTIFICACION,6960,2345,DIRECCIÓN REGIONAL VIII REGIÓN,Bío-Bío,https://transparenciachc.blob.core.windows.net/oc-da/Instituciones_compradoras.zip,2026-03-04T17:59:21.648688+00:00
699d931edd13bc72093b84b6ba1699216d2cc62f666aa637dd7f2f0a8512fa9e,0135,"GOB. CENTRAL, UNIVERSIDADES",SERVICIO DE REGISTRO CIVIL E IDENTIFICACION,6960,2346,"DIRECCIÓN REGIONAL VI REGIÓN, LIB.B. OHIGGINS",Lib. Gral. Bdo. O'Higgins,https://transparenciachc.blob.core.windows.net/oc-da/Instituciones_compradoras.zip,2026-03-04T17:59:21.648688+00:00
3d2c89ae34452abf247126e441ce1702b02380a17b9c8a5e923570326d80d7eb,0127,"GOB. CENTRAL, UNIVERSIDADES",SERVICIO DE REGISTRO CIVIL E IDENTIFICACION,6960,2347,DIRECCIÓN REGIONAL V REGIÓN,Valparaíso,https://transparenciachc.blob.core.windows.net/oc-da/Instituciones_compradoras.zip,2026-03-04T17:59:21.648688+00:00
1c69f467a76189917246fbe20a8ca952ca6e9e978cd243f8a1ade7db4b7cbc49,0100,"GOB. CENTRAL, UNIVERSIDADES",SERVICIO DE REGISTRO CIVIL E IDENTIFICACION,6960,2348,DIRECCIÓN REGIONAL IV REGIÓN,Coquimbo,https://transparenciachc.blob.core.windows.net/oc-da/Instituciones_compradoras.zip,2026-03-04T17:59:21.648688+00:00
ca3fbc447c0a638d7f6399dd2ed40eda01241f497bf016a9a29d31af45e0e2ec,0097,"GOB. CENTRAL, UNIVERSIDADES",SERVICIO DE REGISTRO CIVIL E IDENTIFICACION,6960,2349,DIRECCIÓN REGIONAL III REGIÓN,Atacama,https://transparenciachc.blob.core.windows.net/oc-da/Instituciones_compradoras.zip,2026-03-04T17:59:21.648688+00:00
59d18e743dcd6574b0d06b6a13217744dbc701cf4ce37ac92aca0a20e7429d34,0089,"GOB. CENTRAL, UNIVERSIDADES",SERVICIO DE REGISTRO CIVIL E IDENTIFICACION,6960,2350,DIRECCIÓN REGIONAL II REGIÓN,Antofagasta,https://transparenciachc.blob.core.windows.net/oc-da/Instituciones_compradoras.zip,2026-03-04T17:59:21.648688+00:00
d23cc238cee40c19c685412deb513e979b9066437b8480ee3307c64386ac889e,0900,"GOB. CENTRAL, UNIVERSIDADES",SERVICIO DE REGISTRO CIVIL E IDENTIFICACION,6960,2356,DIRECCIÓN REGIÓN METROPOLITANA XIII,Metropolitana,https://transparenciachc.blob.core.windows.net/oc-da/Instituciones_compradoras.zip,2026-03-04T17:59:21.648688+00:00
f47e68225b03f889e8a363774ec426bb6bcb05fc99b06153492b4562e437d2f1,0275,"GOB. CENTRAL, UNIVERSIDADES",SERVICIO DE REGISTRO CIVIL E IDENTIFICACION,6960,2900,DIRECCIÓN REGIONAL XI REGIÓN,Aysén,https://transparenciachc.blob.core.windows.net/oc-da/Instituciones_compradoras.zip,2026-03-04T17:59:21.648688+00:00
1d9c55ec8521836ef84cbd33296b0e449a6499de1ad74b20f7306c703ac5bd27,0224,"GOB. CENTRAL, UNIVERSIDADES",SERVICIO DE REGISTRO CIVIL E IDENTIFICACION,6960,2901,DIRECCIÓN REGIONAL IX REGIÓN,Araucanía,https://transparenciachc.blob.core.windows.net/oc-da/Instituciones_compradoras.zip,2026-03-04T17:59:21.648688+00:00
371fbbe66bca76cb371f974f43cc145af7aaf1612a97dbb0eae7b832ef24a9f9,0046,"GOB. CENTRAL, UNIVERSIDADES",SERVICIO DE REGISTRO CIVIL E IDENTIFICACION,6960,2902,DIRECCIÓN REGIONAL DEL MAULE VII REGIÓN,Maule,https://transparenciachc.blob.core.windows.net/oc-da/Instituciones_compradoras.zip,2026-03-04T17:59:21.648688+00:00
3fefda7e0032fd18f1136a1f6b324fc47e9d2b8d2e06fe370dec905c22a750d7,2002,"GOB. CENTRAL, UNIVERSIDADES",SERVICIO DE REGISTRO CIVIL E IDENTIFICACION,6960,576152,SERVICIO DE BIENESTAR Y ATENCIÓN A LAS PERSONAS,Arica y Parinacota,https://transparenciachc.blob.core.windows.net/oc-da/Instituciones_compradoras.zip,2026-03-04T17:59:21.648688+00:00
40536a420607f19a3dfaa1d55b9026f75e89b38dd9ed148c6b62c23e7cb191cf,9105,"GOB. CENTRAL, UNIVERSIDADES",SERVICIO DE REGISTRO CIVIL E IDENTIFICACION,6960,6601,DIRECCION REGIONAL XIV REGION DE LOS RIOS,Los Ríos,https://transparenciachc.blob.core.windows.net/oc-da/Instituciones_compradoras.zip,2026-03-04T17:59:21.648688+00:00
a99a088b77f56a408ca5a3e9c3c56b1414ab28596f71cfdc39d5e031651645fa,1000,"GOB. CENTRAL, UNIVERSIDADES",SERVICIO NACIONAL DE CAPACITACION Y EMPLEO,6962,739791,COMPRA DE CURSOS,Metropolitana,https://transparenciachc.blob.core.windows.net/oc-da/Instituciones_compradoras.zip,2026-03-04T17:59:21.648688+00:00
18eb86d6c64b25220251d54199d9448be16c385fe2888ad5846a00ed6ec9c9a9,0008,SALUD,SERVICIO DE SALUD METROPOLITANO NORTE,6963,2958,SECCIÓN ABASTECIMIENTO SSMN,Metropolitana,https://transparenciachc.blob.core.windows.net/oc-da/Instituciones_compradoras.zip,2026-03-04T17:59:21.648688+00:00
17f1ffa2110416dcf6f6f663f9441e22d6406269b615995306aca8cc9279af0b,0002,OBRAS PÚBLICAS,SERVIU REGION DE MAGALLANES Y DE LA ANTARTICA CHILENA,6964,1634,SERVIU XII REGIÓN,Magallanes y Antártica,https://transparenciachc.blob.core.windows.net/oc-da/Instituciones_compradoras.zip,2026-03-04T17:59:21.648688+00:00
6f8ba0f20a2dbfaa7888b38541eb177ff8b0c25c8dc14e86f0ad94c2bba741c0,0007,OBRAS PÚBLICAS,SERVICIO DE VIVIENDA Y URBANIZACION AREA METROPOLITANA,6965,1164956,OBRA PUBLICA,Metropolitana,https://transparenciachc.blob.core.windows.net/oc-da/Instituciones_compradoras.zip,2026-03-04T17:59:21.648688+00:00
fd2800c0cd4bbb0a92c5cb31b321f2d05e4e55092db5566965b5dc488db52ddc,0004,OBRAS PÚBLICAS,SERVICIO DE VIVIENDA Y URBANIZACION V REGION,6968,704093,OFICINA DE PROPUESTAS,Valparaíso,https://transparenciachc.blob.core.windows.net/oc-da/Instituciones_compradoras.zip,2026-03-04T17:59:21.648688+00:00
83ec09926320618ca377a3403d4a8ca3f8e2022f8dd15b33b3460b517928fed9,0009,OBRAS PÚBLICAS,SERVICIO DE VIVIENDA Y URBANIZACION IV REGION,6972,894863,PROPUESTAS Y CONTRATOS,Coquimbo,https://transparenciachc.blob.core.windows.net/oc-da/Instituciones_compradoras.zip,2026-03-04T17:59:21.648688+00:00
d7d4927a60d4a97e20ab847dc4c4266d934e328ae37c74034a004a7b9a5ee3d1,0008,OBRAS PÚBLICAS,SERVICIO DE VIVIENDA Y URBANIZACION II REGION,6974,1646,SERVIU II REGIÓN,Antofagasta,https://transparenciachc.blob.core.windows.net/oc-da/Instituciones_compradoras.zip,2026-03-04T17:59:21.648688+00:00
edf22ab859068a24eb5776fa6c682925dd6f07361e7b9e06f36ff1e7102fd40c,0003,OBRAS PÚBLICAS,SERVICIO DE VIVIENDA Y URBANIZACION III REGION,6975,861693,UNIDAD DE COMPRAS TECNICAS,Atacama,https://transparenciachc.blob.core.windows.net/oc-da/Instituciones_compradoras.zip,2026-03-04T17:59:21.648688+00:00
9a92bcf2d0b808fa7c9af7d62ee9d9f202b946ee60ae59d40a6b0ecf71cf6844,5001,SALUD,SERVICIO DE SALUD ARAUCO,6976,860729,BIENESTAR SSA,Bío-Bío,https://transparenciachc.blob.core.windows.net/oc-da/Instituciones_compradoras.zip,2026-03-04T17:59:21.648688+00:00
a281c48dd36a84a4cd4b359562571f6c08b4481c84615a11680914cb481338cd,8000,OBRAS PÚBLICAS,SERVICIO DE VIVIENDA Y URBANIZACION VI REGION,6977,1638,SERVIU VI REGION,Lib. Gral. Bdo. O'Higgins,https://transparenciachc.blob.core.windows.net/oc-da/Instituciones_compradoras.zip,2026-03-04T17:59:21.648688+00:00
23c927d858018fb569ecc8edd12dc4c4379da4288fc89852f72ee1fe71c757d2,0005,OBRAS PÚBLICAS,SERVICIO DE VIVIENDA Y URBANIZACION VII REGION,6978,5521,SERVICIOS GENERALES,Maule,https://transparenciachc.blob.core.windows.net/oc-da/Instituciones_compradoras.zip,2026-03-04T17:59:21.648688+00:00
a9533d28af35fb06b2b329a56c7cb64fcb3c99f1bb11d2c40a96241c62c11e74,0043,OBRAS PÚBLICAS,SERVICIO DE VIVIENDA Y URBANIZACION REGIÓN DEL BIO BIO,6979,6320,DEPARTAMENTO TÉCNICO,Bío-Bío,https://transparenciachc.blob.core.windows.net/oc-da/Instituciones_compradoras.zip,2026-03-04T17:59:21.648688+00:00
c5f5013155aa5ef26b6d8a5a99ee9afbce4e01273ae5d45c864ae597fadd4494,0006,OBRAS PÚBLICAS,SERVICIO DE VIVIENDA Y URBANIZACION IX REGION,6980,712307,LICITACIONES Y COSTOS,Araucanía,https://transparenciachc.blob.core.windows.net/oc-da/Instituciones_compradoras.zip,2026-03-04T17:59:21.648688+00:00
c911a0052fabe72367122fdaf5617286e79024072ed3f6bc986aac713453ad07,0018,OBRAS PÚBLICAS,SERVICIO DE VIVIENDA Y URBANIZACION X REGION,6981,1652,SERVIU X REGION,Los Lagos,https://transparenciachc.blob.core.windows.net/oc-da/Instituciones_compradoras.zip,2026-03-04T17:59:21.648688+00:00
887ebe074c40050d6fefee857308f1111c027c8bb55caa2221dc99e9555a51a1,0042,OBRAS PÚBLICAS,SERVICIO DE VIVIENDA Y URBANIZACION X REGION,6981,2514,DELEGACIÓN PROVINCIAL OSORNO,Los Lagos,https://transparenciachc.blob.core.windows.net/oc-da/Instituciones_compradoras.zip,2026-03-04T17:59:21.648688+00:00
8b162872c7e2b0c37c3c763d543e3e034f999180d55b3d189a8625ff2efcf34a,0034,OBRAS PÚBLICAS,SERVICIO DE VIVIENDA Y URBANIZACION X REGION,6981,2515,DELEGACIÓN PROVINCIAL CHILOE,Los Lagos,https://transparenciachc.blob.core.windows.net/oc-da/Instituciones_compradoras.zip,2026-03-04T17:59:21.648688+00:00
0894a629b2fab60ad900d46ed9679058da488bf357f9dc9645b218c49e5f221c,0007,OBRAS PÚBLICAS,SERVICIO DE VIVIENDA Y URBANIZACION XI REGION,6982,1653,SERVIU XI REGION,Aysén,https://transparenciachc.blob.core.windows.net/oc-da/Instituciones_compradoras.zip,2026-03-04T17:59:21.648688+00:00
447e97f7a2b380141d7c5b45197eb322a9f02dd75ea1f1817fdc8674d69845e4,0001,"GOB. CENTRAL, UNIVERSIDADES",DIRECCION DEL TRABAJO,7000,934040,ESCUELA TECNICA,Metropolitana,https://transparenciachc.blob.core.windows.net/oc-da/Instituciones_compradoras.zip,2026-03-04T17:59:21.648688+00:00
e5fbb81816d6c69ead7f1d3cd21a0a723904e6a61ad948ebead4d75ee185198f,2001,"GOB. CENTRAL, UNIVERSIDADES",DIRECCION DEL TRABAJO,7000,565020,SERVICIO DE BIENESTAR DT,Metropolitana,https://transparenciachc.blob.core.windows.net/oc-da/Instituciones_compradoras.zip,2026-03-04T17:59:21.648688+00:00
efa4c5f989fd737f1cc83e11a878a9ab0414cce6af6c48fa8ffe6dc563e1cdeb,0000,"GOB. CENTRAL, UNIVERSIDADES",JUNTA NACIONAL DE AUXILIO ESCOLAR Y BECA,7002,287011,JUNAEB REGIÓN DE ARICA Y PARINACOTA,Arica y Parinacota,https://transparenciachc.blob.core.windows.net/oc-da/Instituciones_compradoras.zip,2026-03-04T17:59:21.648688+00:00
78c8c44702b33ea62d4ee0ebc2a3f4a7c84fc10d4059c8b56b6fd4063df839bc,0003,"GOB. CENTRAL, UNIVERSIDADES",INSTITUTO ANTARTICO CHILENO,7004,1693,INSTITUTO ANTARTICO CHILENO,Magallanes y Antártica,https://transparenciachc.blob.core.windows.net/oc-da/Instituciones_compradoras.zip,2026-03-04T17:59:21.648688+00:00
0ae7f894fbda0364525e6c47ade56ff369601dc4b09bf1566a297adf261c0e0c,1005,"GOB. CENTRAL, UNIVERSIDADES",OFICINA DE ESTUDIOS Y POLITICAS AGRARIAS,7005,1684,OFICINA DE ESTUDIOS Y POLITICAS AGRARIAS,Metropolitana,https://transparenciachc.blob.core.windows.net/oc-da/Instituciones_compradoras.zip,2026-03-04T17:59:21.648688+00:00
cb8b7e9654b62e7f323de1e0326268a3858c8e8a04cab62470bbb7b543160a79,8108,SALUD,SERVICIO DE SALUD SUR UNIDAD HOSPITALARI,7006,984639,PROYECTO HSLB,Metropolitana,https://transparenciachc.blob.core.windows.net/oc-da/Instituciones_compradoras.zip,2026-03-04T17:59:21.648688+00:00
dce267708838afb0d00aea4da0c97525545c90a81829d10e8d8633a5dc0c24a3,1098,SALUD,SERVICIO DE SALUD SUR UNIDAD HOSPITALARI,7006,746040,SERVICIO DE BIENESTAR,Metropolitana,https://transparenciachc.blob.core.windows.net/oc-da/Instituciones_compradoras.zip,2026-03-04T17:59:21.648688+00:00
ef13e36dbb7bb1cee87bcdbc322aa8eada0c23fbf1d8b18dc0a033e55c4a298f,0005,"GOB. CENTRAL, UNIVERSIDADES",SUBSECRETARIA DE TRANSPORTES,7007,545927,BIENESTAR,Metropolitana,https://transparenciachc.blob.core.windows.net/oc-da/Instituciones_compradoras.zip,2026-03-04T17:59:21.648688+00:00
fd1908803bfbf7b888f29aada29221f29f7c1174f87c0e13024b497abee1b6b4,6002,"GOB. CENTRAL, UNIVERSIDADES",SUBSECRETARIA DE TRANSPORTES,7007,4675,FISCALIZACIÓN Y CONTROL,Metropolitana,https://transparenciachc.blob.core.windows.net/oc-da/Instituciones_compradoras.zip,2026-03-04T17:59:21.648688+00:00
2a9eb4582e50127aae65435765632e38536e9a2b7b01646778da3b3907a3d6ad,7001,"GOB. CENTRAL, UNIVERSIDADES",SUBSECRETARIA DE TRANSPORTES,7007,1922,DIRECTORIO DE TRANSPORTES DE SANTIAGO - MTT,Metropolitana,https://transparenciachc.blob.core.windows.net/oc-da/Instituciones_compradoras.zip,2026-03-04T17:59:21.648688+00:00
9d09fc4c2b32fc62700f0f72bc36bfd25be335ff5d18587933ac590fa62ce195,1004,"GOB. CENTRAL, UNIVERSIDADES",SUBSECRETARIA DE TRANSPORTES,7007,3902,UNIDAD OPERATIVA CONTROL DE TRÁNSITO,Metropolitana,https://transparenciachc.blob.core.windows.net/oc-da/Instituciones_compradoras.zip,2026-03-04T17:59:21.648688+00:00
77c0e5bf198a91a2d7ddc8dd01dc70d5aaa082d8b361e9db67329b7bfe863e0e,9740,"GOB. CENTRAL, UNIVERSIDADES",SUBSECRETARIA DE TRANSPORTES,7007,577289,PROGRAMA DE DESARROLLO LOGÍSTICO,Metropolitana,https://transparenciachc.blob.core.windows.net/oc-da/Instituciones_compradoras.zip,2026-03-04T17:59:21.648688+00:00
f3ab7501c62b99618a89e389588fbb82ecee9179e15714690b56f6443881f014,7507,"GOB. CENTRAL, UNIVERSIDADES",SUBSECRETARIA DE TRANSPORTES,7007,577290,SUBSIDIO NACIONAL TRANSPORTE PUBLICO,Metropolitana,https://transparenciachc.blob.core.windows.net/oc-da/Instituciones_compradoras.zip,2026-03-04T17:59:21.648688+00:00
6177d4dc9c597592c823743965f33d6b46bec9917d61276f96e7c7c05d0e548a,0001,"GOB. CENTRAL, UNIVERSIDADES",SUBSECRETARIA DE TRANSPORTES,7007,619284,PROGRAMA DE VIALIDAD Y TRANSPORTE URBANO - SECTRA,Metropolitana,https://transparenciachc.blob.core.windows.net/oc-da/Instituciones_compradoras.zip,2026-03-04T17:59:21.648688+00:00
36f6740b0d9409ff8a92efd891abb2bf08b4bd1a5ae87431c367db0c96673a4e,4405,"GOB. CENTRAL, UNIVERSIDADES",SERV NACIONAL DE PESCA,7008,1044007,XVI - SERVICIO NACIONAL DE PESCA Y ACUICULTURA,Ñuble,https://transparenciachc.blob.core.windows.net/oc-da/Instituciones_compradoras.zip,2026-03-04T17:59:21.648688+00:00
9378102842109158857a64fa1b174ad679d139a8efe59123d23a381545d04f6d,0021,"GOB. CENTRAL, UNIVERSIDADES",SERV NACIONAL DE PESCA,7008,6099,FONDO DE FOMENTO PARA LA PESCA ARTESANAL,Valparaíso,https://transparenciachc.blob.core.windows.net/oc-da/Instituciones_compradoras.zip,2026-03-04T17:59:21.648688+00:00
6e19ec6a970460e9487139b7a8b202bc59e90429e1c1718917309875db20818e,0129,"GOB. CENTRAL, UNIVERSIDADES",SERV NACIONAL DE PESCA,7008,2419,I - SERVICIO NACIONAL DE PESCA Y ACUICULTURA,Tarapacá,https://transparenciachc.blob.core.windows.net/oc-da/Instituciones_compradoras.zip,2026-03-04T17:59:21.648688+00:00
24ad94b06a0774421caf1830e755a374910c0083571f9d33a30e9a9229aeaa52,0102,"GOB. CENTRAL, UNIVERSIDADES",SERV NACIONAL DE PESCA,7008,2420,III - SERVICIO NACIONAL DE PESCA Y ACUICULTURA,Atacama,https://transparenciachc.blob.core.windows.net/oc-da/Instituciones_compradoras.zip,2026-03-04T17:59:21.648688+00:00
cca1bb3fa451a636ad9f6d8a6fb659e3dee79e3f9fac2d18568bfad5595ec268,0080,"GOB. CENTRAL, UNIVERSIDADES",SERV NACIONAL DE PESCA,7008,2421,V - SERVICIO NACIONAL DE PESCA Y ACUICULTURA,Valparaíso,https://transparenciachc.blob.core.windows.net/oc-da/Instituciones_compradoras.zip,2026-03-04T17:59:21.648688+00:00
2c73dca09aedff2ab207ceee66ea9dc97ac48a9576335ea26d0cf593341fc5e7,0072,"GOB. CENTRAL, UNIVERSIDADES",SERV NACIONAL DE PESCA,7008,2422,VII - SERVICIO NACIONAL DE PESCA Y ACUICULTURA,Maule,https://transparenciachc.blob.core.windows.net/oc-da/Instituciones_compradoras.zip,2026-03-04T17:59:21.648688+00:00
d92e7f6cbbf8264ee71efa1df3d235b3a28e6a5eee0ddd6daf6b22e06300d793,0188,"GOB. CENTRAL, UNIVERSIDADES",SERV NACIONAL DE PESCA,7008,2423,IX - SERVICIO NACIONAL DE PESCA Y ACUICULTURA,Araucanía,https://transparenciachc.blob.core.windows.net/oc-da/Instituciones_compradoras.zip,2026-03-04T17:59:21.648688+00:00
87370c3f7ebfb95d985ac20e4c53811412cc54057ae760140896516fabd1e496,0048,"GOB. CENTRAL, UNIVERSIDADES",SERV NACIONAL DE PESCA,7008,2424,XI - SERVICIO NACIONAL DE PESCA Y ACUICULTURA,Aysén,https://transparenciachc.blob.core.windows.net/oc-da/Instituciones_compradoras.zip,2026-03-04T17:59:21.648688+00:00
307bf6f8cb1dcf285e35129d932c8760bce662a453cacf5ca77ecfb3e77837df,0153,"GOB. CENTRAL, UNIVERSIDADES",SERV NACIONAL DE PESCA,7008,2425,R.M - SERVICIO NACIONAL DE PESCA Y ACUICULTURA,Metropolitana,https://transparenciachc.blob.core.windows.net/oc-da/Instituciones_compradoras.zip,2026-03-04T17:59:21.648688+00:00
b5300ff4e097c217894de168728ba53fd46a4398a41806e3d15c3c1a3048a75e,0110,"GOB. CENTRAL, UNIVERSIDADES",SERV NACIONAL DE PESCA,7008,2978,II - SERVICIO NACIONAL DE PESCA Y ACUICULTURA,Antofagasta,https://transparenciachc.blob.core.windows.net/oc-da/Instituciones_compradoras.zip,2026-03-04T17:59:21.648688+00:00
e1de406946bea01c7f9f8980f9c7af207bc19711961fc4c20ad3ed5b1d39241d,0099,"GOB. CENTRAL, UNIVERSIDADES",SERV NACIONAL DE PESCA,7008,2979,IV - SERVICIO NACIONAL DE PESCA Y ACUICULTURA,Coquimbo,https://transparenciachc.blob.core.windows.net/oc-da/Instituciones_compradoras.zip,2026-03-04T17:59:21.648688+00:00
4ef92b4f8471b63f4ea0e192ad93f1c4dca7cbdfcbac42f6f0b015cb7ab69537,0064,"GOB. CENTRAL, UNIVERSIDADES",SERV NACIONAL DE PESCA,7008,2981,VIII - SERVICIO NACIONAL DE PESCA Y ACUICULTURA,Bío-Bío,https://transparenciachc.blob.core.windows.net/oc-da/Instituciones_compradoras.zip,2026-03-04T17:59:21.648688+00:00
1985e776ae07c828a9d4fc1971da4e469a9ada9665ece7e416f5367ba0c7ae83,0056,"GOB. CENTRAL, UNIVERSIDADES",SERV NACIONAL DE PESCA,7008,2982,X - SERVICIO NACIONAL DE PESCA Y ACUICULTURA,Los Lagos,https://transparenciachc.blob.core.windows.net/oc-da/Instituciones_compradoras.zip,2026-03-04T17:59:21.648688+00:00
c5045ac809baf8714723722e0045f2c3868f0263da7ceba73ce0e74bbfe441b3,1003,"GOB. CENTRAL, UNIVERSIDADES",SERV NACIONAL DE PESCA,7008,2983,XII - SERVICIO NACIONAL DE PESCA Y ACUICULTURA,Magallanes y Antártica,https://transparenciachc.blob.core.windows.net/oc-da/Instituciones_compradoras.zip,2026-03-04T17:59:21.648688+00:00
eb5596e18ecbd4641923e3620da094d6cc73b387f87567187f59082bb628d7e0,1100,"GOB. CENTRAL, UNIVERSIDADES",SERV NACIONAL DE PESCA,7008,3668,VI - SERVICIO NACIONAL DE PESCA Y ACUICULTURA,Lib. Gral. Bdo. O'Higgins,https://transparenciachc.blob.core.windows.net/oc-da/Instituciones_compradoras.zip,2026-03-04T17:59:21.648688+00:00
386c951357ebc542e976c4ec649d506a63f00984d255cc998f60507004d0b365,0006,"GOB. CENTRAL, UNIVERSIDADES",SERV NACIONAL DE PESCA,7008,6535,XV - SERVICIO NACIONAL DE PESCA Y ACUICULTURA,Arica y Parinacota,https://transparenciachc.blob.core.windows.net/oc-da/Instituciones_compradoras.zip,2026-03-04T17:59:21.648688+00:00
d65c3a2e01f552914f248259be89ba265dafa5c7dea43d243b415c53db8fde83,9903,"GOB. CENTRAL, UNIVERSIDADES",SERV NACIONAL DE PESCA,7008,6538,XIV - SERVICIO NACIONAL DE PESCA Y ACUICULTURA,Los Ríos,https://transparenciachc.blob.core.windows.net/oc-da/Instituciones_compradoras.zip,2026-03-04T17:59:21.648688+00:00
96081531b71a4d30bd29703d5e36e7f01ce98d43da06bf2f494f1febf99dffb5,0568,"GOB. CENTRAL, UNIVERSIDADES",GOBERNACION PROVINCIAL DE LOS ANDES,7009,643274,COMPLEJO LIBERTADORES,Valparaíso,https://transparenciachc.blob.core.windows.net/oc-da/Instituciones_compradoras.zip,2026-03-04T17:59:21.648688+00:00
f69b0b832679112251ad915e65bfd6b4aa73e6dac38d6bff3525dcb12296d27c,1902,"GOB. CENTRAL, UNIVERSIDADES",DIRECCIÓN DE RELACIONES ECONÓMICAS,7010,1846,SUBDEPARTAMENTO ADMINISTRACIÓN DE SERVICIOS,Metropolitana,https://transparenciachc.blob.core.windows.net/oc-da/Instituciones_compradoras.zip,2026-03-04T17:59:21.648688+00:00
7e9cbf38ab60c5386df6603c194b471ff3b89898f37fb09d72377509d6529297,0004,"GOB. CENTRAL, UNIVERSIDADES",SERVICIO NACIONAL DEL PATRIMONIO CULTURAL,7011,954902,SUBDIRECCION DE PLANIFICACIÓN Y PRESUPUESTO,Metropolitana,https://transparenciachc.blob.core.windows.net/oc-da/Instituciones_compradoras.zip,2026-03-04T17:59:21.648688+00:00
208d9791c9b061738177c04606d1f4ef569eaf6db68c78deb5bc378ef9e24b1a,0012,"GOB. CENTRAL, UNIVERSIDADES",SERVICIO NACIONAL DEL PATRIMONIO CULTURAL,7011,1171234,MUSEO NACIONAL DE BELLAS ARTES DOS,Metropolitana,https://transparenciachc.blob.core.windows.net/oc-da/Instituciones_compradoras.zip,2026-03-04T17:59:21.648688+00:00
979602d482cce7672984d1039d53d47e850f85c7b31541d4f470fa0bcaf1c1df,0152,"GOB. CENTRAL, UNIVERSIDADES",SERVICIO NACIONAL DEL PATRIMONIO CULTURAL,7011,1212698,DIRECCIÓN REGIONAL DE VALPARAÍSO PROYECTOS GORE,Valparaíso,https://transparenciachc.blob.core.windows.net/oc-da/Instituciones_compradoras.zip,2026-03-04T17:59:21.648688+00:00
6029985f3c754ae96f8bee02726b11f153c164d6b9168eae8f500b1eba9e2e6e,0063,"GOB. CENTRAL, UNIVERSIDADES",SERVICIO NACIONAL DEL PATRIMONIO CULTURAL,7011,1191449,SUBDIRECCIÓN ARCHIVO NACIONAL DOS,Metropolitana,https://transparenciachc.blob.core.windows.net/oc-da/Instituciones_compradoras.zip,2026-03-04T17:59:21.648688+00:00
104cc8f797b1a6bed6894bdf83542183349467187837995148989d6d5ce26152,0020,"GOB. CENTRAL, UNIVERSIDADES",SERVICIO NACIONAL DEL PATRIMONIO CULTURAL,7011,1212413,MUSEO NACIONAL DE HISTORIA NATURAL DOS,Metropolitana,https://transparenciachc.blob.core.windows.net/oc-da/Instituciones_compradoras.zip,2026-03-04T17:59:21.648688+00:00
851f83ac9f7c5830895a0f27159092fb24965b35574bc62407d5bc06ec68bd05,0039,"GOB. CENTRAL, UNIVERSIDADES",SERVICIO NACIONAL DEL PATRIMONIO CULTURAL,7011,1217466,MUSEO HISTÓRICO NACIONAL DOS,Metropolitana,https://transparenciachc.blob.core.windows.net/oc-da/Instituciones_compradoras.zip,2026-03-04T17:59:21.648688+00:00
d9343d34994564e48cf7839143276d4bb9049d7143dc62ed3b925cb89dda36c5,0470,"GOB. CENTRAL, UNIVERSIDADES",SERVICIO NACIONAL DEL PATRIMONIO CULTURAL,7011,1220203,DIRECCION REGIONAL DE ANTOFAGASTA,Antofagasta,https://transparenciachc.blob.core.windows.net/oc-da/Instituciones_compradoras.zip,2026-03-04T17:59:21.648688+00:00
c5b58e45a07bba8413e224e58d17dca940764166dc6c958122fb2b9a029a049a,0004,"GOB. CENTRAL, UNIVERSIDADES",DIRECCION DE PRESUPUESTOS MINISTERIO DE,7012,2614,MINISTERIO DE HACIENDA - DIPRES,Metropolitana,https://transparenciachc.blob.core.windows.net/oc-da/Instituciones_compradoras.zip,2026-03-04T17:59:21.648688+00:00
ea28865654bfbbeaadfad1156cbfcd7673dc95d5d1254979fb9b186fc87a82eb,1007,"GOB. CENTRAL, UNIVERSIDADES",GOBIERNO REGIONAL DE LA ARAUCANIA,7013,554889,SERVICIO DE BIENESTAR GORE ARAUCANIA,Araucanía,https://transparenciachc.blob.core.windows.net/oc-da/Instituciones_compradoras.zip,2026-03-04T17:59:21.648688+00:00
2810c3b0261a62e81cbf40dfc157b2ab943ee495c0c9bb818124924e243ef5e2,0007,"GOB. CENTRAL, UNIVERSIDADES",JUNTA DE AERONAUTICA CIVIL,7014,1721,JUNTA DE AERONÁUTICA CIVIL,Metropolitana,https://transparenciachc.blob.core.windows.net/oc-da/Instituciones_compradoras.zip,2026-03-04T17:59:21.648688+00:00
3ac2f36542627fd57d9abec0422cb9ee62ba3b7959c01f44520bd12539093ef2,5001,"GOB. CENTRAL, UNIVERSIDADES",GOBIERNO REGIONAL DE LA REGION DEL BIO BIO,7015,554892,BIENESTAR,Bío-Bío,https://transparenciachc.blob.core.windows.net/oc-da/Instituciones_compradoras.zip,2026-03-04T17:59:21.648688+00:00
9fa15711caace0d2c5b488988e8f4dea879ecef304ace160fc97f91ef4c7a9b7,0016,"GOB. CENTRAL, UNIVERSIDADES",COMISION PARA EL MERCADO FINANCIERO,7016,598002,SERVICIO DE BIENESTAR,Metropolitana,https://transparenciachc.blob.core.windows.net/oc-da/Instituciones_compradoras.zip,2026-03-04T17:59:21.648688+00:00
f023940e4a69cc510e74b0d78cca301b74a566e49bcdbfc8dd3aada9d65ef5d6,0006,"GOB. CENTRAL, UNIVERSIDADES",SERVICIO NACIONAL DE MENORES,7017,898115,RESIDENCIAS ARICA,Arica y Parinacota,https://transparenciachc.blob.core.windows.net/oc-da/Instituciones_compradoras.zip,2026-03-04T17:59:21.648688+00:00
3cdcd42283912f51dec17b3361c1cebd6a21c5acfa3fc3a121185b261d3390a4,0003,"GOB. CENTRAL, UNIVERSIDADES",SUBSECRETARIA DEL MINISTERIO DE MINERIA,7018,561201,BIENESTAR SUB MINERIA,Metropolitana,https://transparenciachc.blob.core.windows.net/oc-da/Instituciones_compradoras.zip,2026-03-04T17:59:21.648688+00:00
734dabd9c905d593ce0b562e99036e48432cf0a0ff2c74a25f3a2c082681f281,2000,SALUD,SERVICIO SALUD METROPOLITANO OCCIDENTE,7029,759916,CESFAM ANDES,Metropolitana,https://transparenciachc.blob.core.windows.net/oc-da/Instituciones_compradoras.zip,2026-03-04T17:59:21.648688+00:00
8786263980dbc3f55cbaa052d3b6adc0e9c7ef9ebbeb0b15b5b0507455a10a54,0008,"GOB. CENTRAL, UNIVERSIDADES",SERVICIO NACIONAL DEL ADULTO MAYOR,7032,2296,SERVICIO NACIONAL DEL ADULTO MAYOR,Metropolitana,https://transparenciachc.blob.core.windows.net/oc-da/Instituciones_compradoras.zip,2026-03-04T17:59:21.648688+00:00
93ec7b8194d66352785fc56da61abb39bd1f7d404a794f55e00003edf3d73841,5512,"GOB. CENTRAL, UNIVERSIDADES",SERVICIO NACIONAL DEL ADULTO MAYOR,7032,780334,SERVICIO DE BIENESTAR DEL SERVICIO NACIONAL DEL AM,Metropolitana,https://transparenciachc.blob.core.windows.net/oc-da/Instituciones_compradoras.zip,2026-03-04T17:59:21.648688+00:00
44a9a9f14cdcde12190d21cd848fe6ba0527c98ed4ae90616fc13717e33f4107,9006,"GOB. CENTRAL, UNIVERSIDADES",DEFENSORIA PENAL PUBLICA,7034,5259,DEFENSORÍA REGIONAL METROPOLITANA NORTE,Metropolitana,https://transparenciachc.blob.core.windows.net/oc-da/Instituciones_compradoras.zip,2026-03-04T17:59:21.648688+00:00
848ca9d5c93ed671dc07d18889a8525de4ae09e9602b6e62fcf03c845934ca87,6500,"GOB. CENTRAL, UNIVERSIDADES",DEFENSORIA PENAL PUBLICA,7034,5637,SERV. BIENESTAR  DEFENSORIA PENAL PUBLICA,Metropolitana,https://transparenciachc.blob.core.windows.net/oc-da/Instituciones_compradoras.zip,2026-03-04T17:59:21.648688+00:00
11f359e86840a9f399bde3426ed2b32614b9ada7018769a945cd737690ac541d,0428,"GOB. CENTRAL, UNIVERSIDADES",DELEGACIÓN PRESIDENCIAL PROVINCIAL DE LIMARÍ,7037,2339,GOBERNACIÓN PROVINCIAL DE LIMARÍ,Coquimbo,https://transparenciachc.blob.core.windows.net/oc-da/Instituciones_compradoras.zip,2026-03-04T17:59:21.648688+00:00
f79c0508b2ff10717d1f150e75368b1b7d14ddefd5ef307f77e3b738782cd917,0010,SALUD,HOSPITAL CLINICO HERMINDA MARTIN,7042,6042,COMPRAS SERVICIOS ASISTENCIALES HOSPITAL C.HERMINDA MARTIN,Ñuble,https://transparenciachc.blob.core.windows.net/oc-da/Instituciones_compradoras.zip,2026-03-04T17:59:21.648688+00:00
852f026fdce728553afbedadfe142d58133b576e1012a259c66c8dafba912c69,2005,"GOB. CENTRAL, UNIVERSIDADES",COMITÉ DE SEGUROS DEL AGRO,7043,2367,COMITÉ DE SEGURO AGRICOLA,Metropolitana,https://transparenciachc.blob.core.windows.net/oc-da/Instituciones_compradoras.zip,2026-03-04T17:59:21.648688+00:00
00790e357da81347ef08786cf71c1a385474825c2519b9fca24d49e6f573fbcf,0032,SALUD,INSTITUTO PSIQUIATRICO DR JOSE HORWITZ BARAK,7044,3254,UNIDAD DE ADQUISICIONES FARMACIA,Metropolitana,https://transparenciachc.blob.core.windows.net/oc-da/Instituciones_compradoras.zip,2026-03-04T17:59:21.648688+00:00
ef83ee948583123f649a9e967d18297ad5bb3ac47bc2c758f4e282bcfef97478,0040,SALUD,SERVICIO DE SALUD NORTE HOSPITAL ROBERTO DEL RIO,7045,2942,ABASTECIMIENTO,Metropolitana,https://transparenciachc.blob.core.windows.net/oc-da/Instituciones_compradoras.zip,2026-03-04T17:59:21.648688+00:00
22e43f19b3fd57dceea301aa3541af05bec63c0a0624f78296c4f61fdeb21e04,2326,SALUD,HOSPITAL DOCTOR HERNAN HENRIQUEZ ARAVENA,7046,3128,HOSPITAL DR HERNAN HENRIQUEZ A COMPRA DE SERVICIO,Araucanía,https://transparenciachc.blob.core.windows.net/oc-da/Instituciones_compradoras.zip,2026-03-04T17:59:21.648688+00:00
739cf18d395f9a2da7f180ac8648e33213d46333886434b173ea8fdacaeef0c2,2458,SALUD,SERVICIO DE SALUD ARAUCANIA SUR HOSPITAL DE GORBEA,7047,2377,HOSPITAL GORBEA,Araucanía,https://transparenciachc.blob.core.windows.net/oc-da/Instituciones_compradoras.zip,2026-03-04T17:59:21.648688+00:00
3960c4d71f47cfeb7a2eaf44f0be1776e5443d080713b38c787cd09d1ed916ac,2385,SALUD,SERVICIO SALUD ARAUCANIA SUR HOSPITAL PITRUFQUEN,7048,2945,HOSPITAL PITRUFQUÉN,Araucanía,https://transparenciachc.blob.core.windows.net/oc-da/Instituciones_compradoras.zip,2026-03-04T17:59:21.648688+00:00
18723f867a094576a629362cbbdea8361c6abbe978156edb8ccdb47af66493e4,2423,SALUD,HOSPITAL VILCUN,7049,2379,HOSPITAL VILCÚN,Araucanía,https://transparenciachc.blob.core.windows.net/oc-da/Instituciones_compradoras.zip,2026-03-04T17:59:21.648688+00:00
56c9284b71a5c0cb30539b07407763260599fc91f566b17a7277a6f5977f1512,1005,MUNICIPALIDADES,I MUNICIPALIDAD DE ARAUCO,7050,976780,CEMENTERIO MUNICIPAL,Bío-Bío,https://transparenciachc.blob.core.windows.net/oc-da/Instituciones_compradoras.zip,2026-03-04T17:59:21.648688+00:00
98a2f4af3b9699c06fe7cd60bd4ec27ccbbee182b4e0bd2cb417e28677eca680,3009,MUNICIPALIDADES,I MUNICIPALIDAD DE NINHUE,7051,5041,MUNICIPALIDAD DE NINHUE-SECRETARIA PLANIFICACION,Ñuble,https://transparenciachc.blob.core.windows.net/oc-da/Instituciones_compradoras.zip,2026-03-04T17:59:21.648688+00:00
60b4cdfad656d57630f9a5170ede65045a0acfce6224b988961dcd9ae856df01,3017,MUNICIPALIDADES,I MUNICIPALIDAD DE NINHUE,7051,5040,MUNICIPALIDAD DE NINHUE-EDUCACION,Ñuble,https://transparenciachc.blob.core.windows.net/oc-da/Instituciones_compradoras.zip,2026-03-04T17:59:21.648688+00:00
f73c76fdec26738aa90473db53a4b99f0c9aba76df30dd4a3460075bac6625fe,3025,MUNICIPALIDADES,I MUNICIPALIDAD DE NINHUE,7051,5043,MUNICIPALIDAD DE NINHUE-SALUD,Ñuble,https://transparenciachc.blob.core.windows.net/oc-da/Instituciones_compradoras.zip,2026-03-04T17:59:21.648688+00:00
b98c93fdd9a9978b0a03dbb9d02d7fe7466f3bd406515607c1a1240cb74fe38c,4002,SALUD,SERVICIO DE SALUD COQUIMBO HOSPITAL DE LOS VILOS,7471,1159292,SERVICIO DE BIENESTAR DEL SERVICIO SALUD COQUIMBO,Coquimbo,https://transparenciachc.blob.core.windows.net/oc-da/Instituciones_compradoras.zip,2026-03-04T17:59:21.648688+00:00
202534438ff6948939d7b4543eb81016ce86ecf57ca58fb2d8f15dfa6fdaa20c,0045,SALUD,SERVICIO DE SALUD NUBLE HOSPITAL DE YUNG,7053,2392,HOSPITAL PEDRO MORALES C.,Ñuble,https://transparenciachc.blob.core.windows.net/oc-da/Instituciones_compradoras.zip,2026-03-04T17:59:21.648688+00:00
3ec89d10a01ddd011adf334dd3629bc155e54cd417761c9d305f5ab48e9afec2,8008,SALUD,SERVICIO DE SALUD LIBERTADOR BDO OHIGGINS,7054,2394,SERVICIO DE SALUD OHIGGINS,Lib. Gral. Bdo. O'Higgins,https://transparenciachc.blob.core.windows.net/oc-da/Instituciones_compradoras.zip,2026-03-04T17:59:21.648688+00:00
9ece879d6980e011932ae813b1ec05b2bb807c2bc8fc06f6bba146c100d67db0,8032,SALUD,SERVICIO DE SALUD LIBERTADOR BDO OHIGGINS,7054,1090178,SERVICIO BIENESTAR DEL PERSONAL,Lib. Gral. Bdo. O'Higgins,https://transparenciachc.blob.core.windows.net/oc-da/Instituciones_compradoras.zip,2026-03-04T17:59:21.648688+00:00
406e2a84f814e4770948b37e3447038730c375eb525c875e3c6fadecafc8e242,1327,"GOB. CENTRAL, UNIVERSIDADES",DELEGACIÓN PRESIDENCIAL PROVINCIAL DE TALAGANTE,7055,2396,GOBERNACIÓN PROVINCIAL DE TALAGANTE,Metropolitana,https://transparenciachc.blob.core.windows.net/oc-da/Instituciones_compradoras.zip,2026-03-04T17:59:21.648688+00:00
90ac377bf77e6ba336ec8011b31e6e4d156b68c53c25b1271aafff04854fb986,1335,"GOB. CENTRAL, UNIVERSIDADES",DELEGACIÓN PRESIDENCIAL PROVINCIAL DE MELIPILLA,7056,551505,135-O,Metropolitana,https://transparenciachc.blob.core.windows.net/oc-da/Instituciones_compradoras.zip,2026-03-04T17:59:21.648688+00:00
ca997d8f1249cb8938a78bf6f7f92d402302787807eb41b2ed047482454a8720,6003,"GOB. CENTRAL, UNIVERSIDADES",COMITÉ SEP,7057,2408,COMITÉ SEP,Metropolitana,https://transparenciachc.blob.core.windows.net/oc-da/Instituciones_compradoras.zip,2026-03-04T17:59:21.648688+00:00
854c8467e060e5c858ec0fbc064745dcdfbaf569d58190d5c700259e0f32b3cc,1114,"GOB. CENTRAL, UNIVERSIDADES",DELEGACIÓN PRESIDENCIAL PROVINCIAL DE AYSÉN,7059,2411,DELEGACIÓN PRESIDENCIAL PROVINCIAL DE AYSÉN,Aysén,https://transparenciachc.blob.core.windows.net/oc-da/Instituciones_compradoras.zip,2026-03-04T17:59:21.648688+00:00
63b4b718f25371252d379c9851ac8a7e26ac4ec4aa24bae58d6d7a65becfa168,4016,SALUD,SERVICIO DE SALUD ARAUCANIA SUR HOSPITAL DE NUEVA IMPERIAL,7060,2974,HOSPITAL NUEVA IMPERIAL,Araucanía,https://transparenciachc.blob.core.windows.net/oc-da/Instituciones_compradoras.zip,2026-03-04T17:59:21.648688+00:00
d72389f1281970f161222228a9bce0adecc37c4cac851354122aa7a950f2eacd,0924,"GOB. CENTRAL, UNIVERSIDADES",GOBERNACION DE CAUTIN,7061,549986,ORASMI 91-0,Araucanía,https://transparenciachc.blob.core.windows.net/oc-da/Instituciones_compradoras.zip,2026-03-04T17:59:21.648688+00:00
e56530a5ff257f2ea89622e99590918ecd3171f860118f74ecff3097c25b08ed,0908,"GOB. CENTRAL, UNIVERSIDADES",DELEGACIÓN PRESIDENCIAL REGIONAL DE LA ARAUCANÍA,7220,2585,DELEGACION PRESIDENCIAL REGIONAL DE LA ARAUCANIA,Araucanía,https://transparenciachc.blob.core.windows.net/oc-da/Instituciones_compradoras.zip,2026-03-04T17:59:21.648688+00:00
534c61df258f2988a7f93d87d96f0a1a3704010f2ed1d89f0623523568371cbb,2431,SALUD,SERVICIO SALUD ARAUCANIA SUR HOSPITAL TOLTEN,7062,2987,HOSPITAL TOLTÉN,Araucanía,https://transparenciachc.blob.core.windows.net/oc-da/Instituciones_compradoras.zip,2026-03-04T17:59:21.648688+00:00
ff6102503fac157eea7206d8e8696fdd4f26aa27424abaf17ee088ac2b85fe59,0215,"GOB. CENTRAL, UNIVERSIDADES",DELEGACIÓN PRESIDENCIAL PROVINCIAL DE TOCOPILLA,7063,2989,DELEGACION PRESIDENCIAL PROVINCIAL DE TOCOPILLA,Antofagasta,https://transparenciachc.blob.core.windows.net/oc-da/Instituciones_compradoras.zip,2026-03-04T17:59:21.648688+00:00
196b17f96ad867d91f731b60e394d01836eeb08e2156d661d93686b8e6ffd6ba,3003,MUNICIPALIDADES,I MUNICIPALIDAD DE LLANQUIHUE,7064,2433,ILUSTRE MUNICIPALIDAD DE LLANQUIHUE,Los Lagos,https://transparenciachc.blob.core.windows.net/oc-da/Instituciones_compradoras.zip,2026-03-04T17:59:21.648688+00:00
a49fa1c93a4561ed3ac0a11e8536ae5754e74dbd76d6e8f3f247782b2e307ca4,0302,MUNICIPALIDADES,I MUNICIPALIDAD DE LLANQUIHUE,7064,3794,ILUSTRE MUNICIPALIDAD DE LLANQUIHUE-DEPTO. DE SALUD,Los Lagos,https://transparenciachc.blob.core.windows.net/oc-da/Instituciones_compradoras.zip,2026-03-04T17:59:21.648688+00:00
b4eeed91f440124944406cfe449843a2be3a5c1c22c16562577f0be577f75aa5,3011,MUNICIPALIDADES,I MUNICIPALIDAD DE LLANQUIHUE,7064,3795,ILUSTRE MUNICIPALIDAD LLANQUIHUE - DAEM,Los Lagos,https://transparenciachc.blob.core.windows.net/oc-da/Instituciones_compradoras.zip,2026-03-04T17:59:21.648688+00:00
02dc921e7eff5a810eeed83e6a643e5378865c9bdffeba34843c770c04cb116b,4007,MUNICIPALIDADES,I MUNICIPALIDAD DE LLANQUIHUE,7064,5434,LICEO POLITECNICO HOLANDA,Los Lagos,https://transparenciachc.blob.core.windows.net/oc-da/Instituciones_compradoras.zip,2026-03-04T17:59:21.648688+00:00
d6aa80bff113530f7dc4a0f762afc23c7ed96a7b3115341ef3cfdab69e5a1f9a,7000,MUNICIPALIDADES,I MUNICIPALIDAD DE EL TABO,7066,5762,DEPARTAMENTO DE SALUD,Valparaíso,https://transparenciachc.blob.core.windows.net/oc-da/Instituciones_compradoras.zip,2026-03-04T17:59:21.648688+00:00
c11adaf347b85c64b04e65bfaf9bdeca0d35172ac61348c5f149857497d95511,0000,OBRAS PÚBLICAS,MOP DIRECCIÓN GENERAL DE CONCESIONES,7353,3211,MOP DIRECCIÓN GENERAL DE CONCESIONES,Metropolitana,https://transparenciachc.blob.core.windows.net/oc-da/Instituciones_compradoras.zip,2026-03-04T17:59:21.648688+00:00
634869aef38cca0f1bed80ecf853a1400d6b173e1d433cfa8d37db8c2abdc704,0008,"GOB. CENTRAL, UNIVERSIDADES",INSTITUTO DE FOMENTO PESQUERO,7070,2045,IFOP,Valparaíso,https://transparenciachc.blob.core.windows.net/oc-da/Instituciones_compradoras.zip,2026-03-04T17:59:21.648688+00:00
39b3b0990cfaea8e3aa565326c2fd1b18de8cd8a49357304676eb4e6594b3bbb,3002,MUNICIPALIDADES,I MUNICIPALIDAD DE COYHAIQUE,7071,6488,DEP. GESTION MEDIOAMBIENTE Y SERVIC,Aysén,https://transparenciachc.blob.core.windows.net/oc-da/Instituciones_compradoras.zip,2026-03-04T17:59:21.648688+00:00
5e2511c14758c84e4609e4046b54d4f273d706b9a2ba64dd3d4588d4cdac88da,0003,OTROS,EMPRESA DE TRANSPORTE DE PASAJEROS METRO S A,7074,681563,GERENCIA ABASTECIMIENTO Y CONTRATOS,Metropolitana,https://transparenciachc.blob.core.windows.net/oc-da/Instituciones_compradoras.zip,2026-03-04T17:59:21.648688+00:00
d3859987a3db744a71781c4e226b37abab212abf6b6b3cd6954b849d973e3152,0000,"GOB. CENTRAL, UNIVERSIDADES",COMISIÓN CHILENA DEL COBRE - COCHILCO,7075,543511,SERVICIO DE BIENESTAR,Metropolitana,https://transparenciachc.blob.core.windows.net/oc-da/Instituciones_compradoras.zip,2026-03-04T17:59:21.648688+00:00
c049f27e6ecac76bed77fb4c8983a66a77f58e8ac234b9b4a07bc55d91881188,0013,"GOB. CENTRAL, UNIVERSIDADES",FISCALIA NACIONAL ECONOMICA,7076,1831,MINISTERIO DE ECONOMÍA - FNE,Metropolitana,https://transparenciachc.blob.core.windows.net/oc-da/Instituciones_compradoras.zip,2026-03-04T17:59:21.648688+00:00
38770dd00155e17ce4f71b6c315940a038ad06951f6c5a377c15a4555a2762cc,2002,"GOB. CENTRAL, UNIVERSIDADES",GOBIERNO REGIONAL DE ATACAMA,7077,1747,GOBIERNO REGIONAL DE ATACAMA,Atacama,https://transparenciachc.blob.core.windows.net/oc-da/Instituciones_compradoras.zip,2026-03-04T17:59:21.648688+00:00
c4b0465533180d3959b0fc7cdda139fbb721a2fb36a849fad32246a43908f1d1,0005,"GOB. CENTRAL, UNIVERSIDADES",SUBSECRETARIA DE ECONOMIA Y EMPRESAS DE MENOR TAMANO,7078,847400,CNID,Metropolitana,https://transparenciachc.blob.core.windows.net/oc-da/Instituciones_compradoras.zip,2026-03-04T17:59:21.648688+00:00
9b903116c320c267f1ae7d8d92a2f7d58e7858bb2142fc802926aeab14327e1f,0000,"GOB. CENTRAL, UNIVERSIDADES",SUBSECRETARIA DE ECONOMIA Y EMPRESAS DE MENOR TAMANO,7078,846929,CNID/CONSEJO NACIONAL INNOVACION DESARROLLO,Metropolitana,https://transparenciachc.blob.core.windows.net/oc-da/Instituciones_compradoras.zip,2026-03-04T17:59:21.648688+00:00
c48da1ad5b515cacac9fe0581a3d1fe23091418b40edfdf751cb7cb05d3ec206,1000,SALUD,SUBSECRETARIA DE SALUD PUBLICA,7079,6515,SEREMI DE SALUD ARICA Y PARINACOTA,Arica y Parinacota,https://transparenciachc.blob.core.windows.net/oc-da/Instituciones_compradoras.zip,2026-03-04T17:59:21.648688+00:00
789ccd0b35ebe1b892da5210433d49528bbca5598952a8eedfce6d0a25a4b973,7009,SALUD,SUBSECRETARIA DE SALUD PUBLICA,7079,5047,SUBSECRETARIA DE REDES ASISTENCIALES,Metropolitana,https://transparenciachc.blob.core.windows.net/oc-da/Instituciones_compradoras.zip,2026-03-04T17:59:21.648688+00:00
e2ace908d13fdae3ca882151002ac1c651c0f9cbb08ede7eb0fe9569fefc5875,0008,"GOB. CENTRAL, UNIVERSIDADES",SUBSECRETARIA DEL MINISTERIO DE JUSTICIA,7080,1755,MINISTERIO DE JUSTICIA - SUBSECRETARÍA DE JUSTICIA,Metropolitana,https://transparenciachc.blob.core.windows.net/oc-da/Instituciones_compradoras.zip,2026-03-04T17:59:21.648688+00:00
a2b73c771e1ea1420930f29672f0762b7090656782d02662d8b18f98cdccdde7,0024,"GOB. CENTRAL, UNIVERSIDADES",SUBSECRETARIA DEL MINISTERIO DE JUSTICIA,7080,1166422,SERVICIO DE BIENESTAR,Metropolitana,https://transparenciachc.blob.core.windows.net/oc-da/Instituciones_compradoras.zip,2026-03-04T17:59:21.648688+00:00
6aaf8c9eaafac55ec7f9598f8a0fe59ab46840eea7458c72f71aabe0d8dbfaad,0004,"GOB. CENTRAL, UNIVERSIDADES",SUBSECRETARIA DE DESARROLLO REGIONAL Y ADMINISTRATIVO,7081,1757,MINISTERIO DEL INTERIOR - SUBSECRETARÍA DE DESARROLLO REGIONAL,Metropolitana,https://transparenciachc.blob.core.windows.net/oc-da/Instituciones_compradoras.zip,2026-03-04T17:59:21.648688+00:00
12429695f9e25c29fcc9b88325f98a0d47dfd20f9f97a25c9ea721efb92c7f38,0000,"GOB. CENTRAL, UNIVERSIDADES",CONSEJO NACIONAL DE EDUCACION,7082,1186801,SERVICIO DE BIENESTAR CNED,Metropolitana,https://transparenciachc.blob.core.windows.net/oc-da/Instituciones_compradoras.zip,2026-03-04T17:59:21.648688+00:00
6af7792ebb4acd241562242ff92ef35895a07339263de4953c685ce1f30ac594,1007,"GOB. CENTRAL, UNIVERSIDADES",GOBIERNO REGIONAL DE TARAPACA,7084,1764,GOBIERNO REGIONAL DE TARAPACÁ,Tarapacá,https://transparenciachc.blob.core.windows.net/oc-da/Instituciones_compradoras.zip,2026-03-04T17:59:21.648688+00:00
1ae5196b5226c82dda8126c1c811f810e4eb74d9d41ee73e363e841b952d66a4,0005,"GOB. CENTRAL, UNIVERSIDADES",GOBIERNO REGIONAL DE AYSEN,7085,566513,SERVICIO DE BIENESTAR GOBIERNO REGIONAL DE AYSEN,Aysén,https://transparenciachc.blob.core.windows.net/oc-da/Instituciones_compradoras.zip,2026-03-04T17:59:21.648688+00:00
f47e6d4ea4722c2497758051af67a92b7dfae6ebe2a0a376e6420fcd161d3c1d,0001,"GOB. CENTRAL, UNIVERSIDADES",AGENCIA CHILENA DE COOPERACION INTERNACIONAL PARA EL DESARROLLO,7086,2602,AGCID,Arica y Parinacota,https://transparenciachc.blob.core.windows.net/oc-da/Instituciones_compradoras.zip,2026-03-04T17:59:21.648688+00:00
3c0b13997a613696327313220d07473a6c59f3dc36980e3cb07163882ac6a533,8004,"GOB. CENTRAL, UNIVERSIDADES",GOBIERNO REGIONAL XII REGION MAGALLANES Y ANTARTICA CHILENA,7087,2605,GOBIERNO REGIONAL,Magallanes y Antártica,https://transparenciachc.blob.core.windows.net/oc-da/Instituciones_compradoras.zip,2026-03-04T17:59:21.648688+00:00
ee8c239d0ce3f4017ecba37fb3719a6a2b9949033d911d256a9bcde5a70fb077,6030,SALUD,SERVICIO DE SALUD METROPOLITANO CENTRAL,7088,1003598,SERVICIO DE SALUD CENTRAL SERVICIO DE BIENESTAR,Metropolitana,https://transparenciachc.blob.core.windows.net/oc-da/Instituciones_compradoras.zip,2026-03-04T17:59:21.648688+00:00
438f90ceb134b2800dbb297d535c61b997a2799be1ff95588edb3b3eab7b45a2,6006,SALUD,SERVICIO DE SALUD METROPOLITANO CENTRAL,7088,1771,SERVICIO DE SALUD METROPOLITANO  CENTRAL,Metropolitana,https://transparenciachc.blob.core.windows.net/oc-da/Instituciones_compradoras.zip,2026-03-04T17:59:21.648688+00:00
a762ca00394158f35cfa47e12a3ba956508481b1bb68f8d21032ad72edd8f279,4008,SALUD,SERVICIO DE SALUD ARAUCANIA SUR,7102,2171,SERVICIO DE SALUD ARAUCANÍA SUR,Araucanía,https://transparenciachc.blob.core.windows.net/oc-da/Instituciones_compradoras.zip,2026-03-04T17:59:21.648688+00:00
cfe3b9614a9a7f2a91bbf2fe05a71a51a1d4556e632bc82fb76e2f6fbb98e31d,7007,SALUD,SERVICIO SALUD DEL RELONCAVI,7104,955084,UNIDAD DE ADMINISTRACIÓN INTERNA,Los Lagos,https://transparenciachc.blob.core.windows.net/oc-da/Instituciones_compradoras.zip,2026-03-04T17:59:21.648688+00:00
7a27ebcf28e2187583d5d34987a1bf825c17e4c4e6a779b89cc31b78fe12053a,2644,SALUD,SERVICIO SALUD DEL RELONCAVI,7104,2494,HOSPITAL PUERTO MONTT,Los Lagos,https://transparenciachc.blob.core.windows.net/oc-da/Instituciones_compradoras.zip,2026-03-04T17:59:21.648688+00:00
8ad5d6c469c632ba5d10856728b0ec9ed58fa45a6a99cad88b7eb19453476411,2687,SALUD,SERVICIO SALUD DEL RELONCAVI,7104,2657,HOSPITAL DE LLANQUIHUE,Los Lagos,https://transparenciachc.blob.core.windows.net/oc-da/Instituciones_compradoras.zip,2026-03-04T17:59:21.648688+00:00
73200ece2fc56f276795aaab05ef5419e95a18c0c5cc96836710a2c1ab680236,2733,SALUD,SERVICIO SALUD DEL RELONCAVI,7104,2658,HOSPITAL CALBUCO,Los Lagos,https://transparenciachc.blob.core.windows.net/oc-da/Instituciones_compradoras.zip,2026-03-04T17:59:21.648688+00:00
6ec7b9559f19d876a3bbbbc2cf09682970b1f9a40937c40d5e5d5ea5ffca6d83,2717,SALUD,SERVICIO SALUD DEL RELONCAVI,7104,2660,HOSPITAL DE FRESIA,Los Lagos,https://transparenciachc.blob.core.windows.net/oc-da/Instituciones_compradoras.zip,2026-03-04T17:59:21.648688+00:00
10f6a48ba9d54d7593295e39632d2f346267d5d276c90f020f5f7df5edabbabc,2311,SALUD,SERVICIO SALUD DEL RELONCAVI,7104,2661,HOSPITAL DE CHAITEN,Los Lagos,https://transparenciachc.blob.core.windows.net/oc-da/Instituciones_compradoras.zip,2026-03-04T17:59:21.648688+00:00
57d4b18605b10cd486194e121db7353b88ce084cb9d7d25b3f28facc45a64aa7,2725,SALUD,SERVICIO SALUD DEL RELONCAVI,7104,2662,HOSPITAL DE MAULLÍN,Los Lagos,https://transparenciachc.blob.core.windows.net/oc-da/Instituciones_compradoras.zip,2026-03-04T17:59:21.648688+00:00
cf268f9d0741310b0494eefce5d5966d8bfc9abb2a61a7ebcc332db5384972cb,2709,SALUD,SERVICIO SALUD DEL RELONCAVI,7104,3131,HOSPITAL DE FRUTILLAR,Los Lagos,https://transparenciachc.blob.core.windows.net/oc-da/Instituciones_compradoras.zip,2026-03-04T17:59:21.648688+00:00
b6bd154114d5c9b7b9571413e651b3de87220885f4ea8a4cfc2ca8785f4c8e5c,3128,SALUD,SERVICIO SALUD DEL RELONCAVI,7104,3134,HOSPITAL DE PALENA,Los Lagos,https://transparenciachc.blob.core.windows.net/oc-da/Instituciones_compradoras.zip,2026-03-04T17:59:21.648688+00:00
1b78e6ab09e3d6b8c363d8739de2801e05832db71a7658a1ebedcfcb8b882bad,2741,SALUD,SERVICIO SALUD DEL RELONCAVI,7104,3135,SALUD HOSPITAL FUTALEUFU,Los Lagos,https://transparenciachc.blob.core.windows.net/oc-da/Instituciones_compradoras.zip,2026-03-04T17:59:21.648688+00:00
442f331d0e26dfb4ee515835407333b40a2b32f6f74de7e50029bc19e1a59e09,7405,SALUD,SERVICIO SALUD DEL RELONCAVI,7104,5820,CONSULTORIO RIO NEGRO HORNOPIREN,Los Lagos,https://transparenciachc.blob.core.windows.net/oc-da/Instituciones_compradoras.zip,2026-03-04T17:59:21.648688+00:00
59c954010ae2b255512eb6032445b7257567a96b1bbb2702def56056f5d51179,7009,MUNICIPALIDADES,CORP MUNICIPAL DE EDUC SALUD CULTURA Y RECREACION DE LA FLORIDA,7105,2219,CORPORACIÓN MUNICIPAL DE LA FLORIDA,Metropolitana,https://transparenciachc.blob.core.windows.net/oc-da/Instituciones_compradoras.zip,2026-03-04T17:59:21.648688+00:00
439e3da7ec1b4f6f9bbcfa98bf1d3ba62bfd37ae508b2dffaf0dcd4da71b75b5,5004,SALUD,SERVICIO DE SALUD LOS RIOS,7106,893254,SERVICIO DE SALUD VALDIVIA,Los Ríos,https://transparenciachc.blob.core.windows.net/oc-da/Instituciones_compradoras.zip,2026-03-04T17:59:21.648688+00:00
e7385156b142d9530ad27c6361113bc58561c6b2a44cc2d1595f356a16834465,3000,"GOB. CENTRAL, UNIVERSIDADES",SERVICIO DE IMPUESTOS INTERNOS DIRECCION,7113,791756,SII DR19 DIRECCION REGIONAL SANTIAGO NORTE,Metropolitana,https://transparenciachc.blob.core.windows.net/oc-da/Instituciones_compradoras.zip,2026-03-04T17:59:21.648688+00:00
3487fa1670495999022732f0de7f944c60f4b2859a0b9694253661d801385de5,4358,"GOB. CENTRAL, UNIVERSIDADES",SERVICIO DE IMPUESTOS INTERNOS DIRECCION,7113,973182,BIENESTAR SII - DRMS NORTE,Metropolitana,https://transparenciachc.blob.core.windows.net/oc-da/Instituciones_compradoras.zip,2026-03-04T17:59:21.648688+00:00
e299fda6a52ba44ea476ee34729ff3207ba3eb58376d8f4552d4f9d739fd643a,9000,"GOB. CENTRAL, UNIVERSIDADES",SUPERINTENDENCIA DE SEGURIDAD SOCIAL,7114,840793,UNIDAD DE BIENESTAR,Metropolitana,https://transparenciachc.blob.core.windows.net/oc-da/Instituciones_compradoras.zip,2026-03-04T17:59:21.648688+00:00
30f156335ebb0998a479a6287205d15502a479cfb6907cadf83bcc9af7686046,0304,"GOB. CENTRAL, UNIVERSIDADES",DELEGACIÓN PRESIDENCIAL REGIONAL DE ATACAMA,7115,550999,ORASMI-DELEGACIÓN PRESIDENCIAL REGIONAL DE ATACAMA,Atacama,https://transparenciachc.blob.core.windows.net/oc-da/Instituciones_compradoras.zip,2026-03-04T17:59:21.648688+00:00
4cd4f19f93be471a3e030e401da56a50a5db8e3659d059d188b400eb83c81a2c,0000,FFAA,DIRECCION GENERAL DE MOVILIZACIONN NACIONAL,7127,2862,DIRECCION GENERAL DE MOVILIZACIONN NACIONAL,Metropolitana,https://transparenciachc.blob.core.windows.net/oc-da/Instituciones_compradoras.zip,2026-03-04T17:59:21.648688+00:00
d3c4b4eaab02ae422865e5a9ca2b9c38ad240defcb5d2ae9f5844fee875a27f5,0005,"GOB. CENTRAL, UNIVERSIDADES",DEFENSA CIVIL DE CHILE,7129,2941,DEFENSA CIVIL DE CHILE,Metropolitana,https://transparenciachc.blob.core.windows.net/oc-da/Instituciones_compradoras.zip,2026-03-04T17:59:21.648688+00:00
50a0d16a6b8f5ddbcb89714e789697b7feaf79f144b5cf47708e255a0fe2a36c,8008,SALUD,HOSPITAL ORIENTE DR LUIS TISNE BROUSSE,7130,2954,HOSPITAL SANTIAGO ORIENTE DR. LUIS TISNE BROUSSE,Metropolitana,https://transparenciachc.blob.core.windows.net/oc-da/Instituciones_compradoras.zip,2026-03-04T17:59:21.648688+00:00
4a65f2bf16f8f1ec1f1d0e851c5c0789d94b459c9767e6fd85531706303b39bd,2466,SALUD,SERVICIO DE SALUD ARAUCANIA SUR HOSPITAL CARAHUE,7131,2946,HOSPITAL CARAHUE,Araucanía,https://transparenciachc.blob.core.windows.net/oc-da/Instituciones_compradoras.zip,2026-03-04T17:59:21.648688+00:00
a37529de7367168d638b9c63160266d0e56e9339a349468d1ddfd387fabd7991,2482,SALUD,HOSPITAL VILLARRICA,7132,2947,HOSPITAL VILLARRICA,Araucanía,https://transparenciachc.blob.core.windows.net/oc-da/Instituciones_compradoras.zip,2026-03-04T17:59:21.648688+00:00
899d8781dcae5ac1763ff8238eedec2913aaadf1654fc80bfa7e849dbfe4e4b9,7001,SALUD,CONSULTORIO MIRAFLORES,7133,2378,CONSULTORIO MIRAFLORES,Araucanía,https://transparenciachc.blob.core.windows.net/oc-da/Instituciones_compradoras.zip,2026-03-04T17:59:21.648688+00:00
e48fc1601bbe392013702ca3481add4fbef02db180b8faeb09ba9ab0451b6874,1130,"GOB. CENTRAL, UNIVERSIDADES",DELEGACIÓN PRESIDENCIAL PROVINCIAL DE CAPITÁN PRAT,7134,2401,DELEGACIÓN PRESIDENCIAL PROVINCIAL DE CAPITÁN PRAT,Aysén,https://transparenciachc.blob.core.windows.net/oc-da/Instituciones_compradoras.zip,2026-03-04T17:59:21.648688+00:00
0b110298c01486394ce2d4628116940b69a7303b30a592fa6e67641ef2e6731a,6008,MUNICIPALIDADES,I MUNICIPALIDAD SAN JOAQUIN,7135,1216,ILUSTRE MUNICIPALIDAD DE SAN JOAQUIN,Metropolitana,https://transparenciachc.blob.core.windows.net/oc-da/Instituciones_compradoras.zip,2026-03-04T17:59:21.648688+00:00
463039d8097e4799dbde185e6b3a0e2d8c295838eb487d38cc1ebe5f59187ad9,2007,SALUD,CENTRO DE REFERENCIA DE SALUD DE PENALOLEN CORDILLERA ORIENTE,7136,2968,CRS DE PEÑALOLEN CORDILLERA ORIENTE,Metropolitana,https://transparenciachc.blob.core.windows.net/oc-da/Instituciones_compradoras.zip,2026-03-04T17:59:21.648688+00:00
2f2e37673d3d2dc6ddab02333851b4edbc181a3cfa69e2c6ab8b09d8c8f9c5ff,0037,SALUD,HOSPITAL COMUNITARIO DE SALUD FAMILIAR DE BULNES,7137,2969,HOSPITAL DE BULNES,Ñuble,https://transparenciachc.blob.core.windows.net/oc-da/Instituciones_compradoras.zip,2026-03-04T17:59:21.648688+00:00
a7855130f43a580dbe08778074654da2ddf370a5c17df34ddbb895579139a6a7,0061,SALUD,SERVICIO DE SALUD NUBLE HOSPITAL DE EL C,7139,2970,HOSPITAL EL CARMEN,Ñuble,https://transparenciachc.blob.core.windows.net/oc-da/Instituciones_compradoras.zip,2026-03-04T17:59:21.648688+00:00
3ada1f945cac042d74a5aec24dc57b89a2789371f8ba0afcdf23a91a4dbb04b4,0843,"GOB. CENTRAL, UNIVERSIDADES",DELEGACIÓN PRESIDENCIAL PROVINCIAL DEL BIOBÍO,7140,2971,DELEGACIÓN PRESIDENCIAL PROVINCIAL DEL BIOBÍO,Bío-Bío,https://transparenciachc.blob.core.windows.net/oc-da/Instituciones_compradoras.zip,2026-03-04T17:59:21.648688+00:00
87751a82a3ae720451195aadf133409addcc971e27c455f504910a42a78f5674,9004,SALUD,SERVICIO DE SALUD DEL MAULE,7141,6314,ABASTECIMIENTO RED DEL MAULE,Maule,https://transparenciachc.blob.core.windows.net/oc-da/Instituciones_compradoras.zip,2026-03-04T17:59:21.648688+00:00
2ef82ad88f8d043a8c50347f60aae2a2daf641262a54ae7517381e7bca30d2f9,0819,"GOB. CENTRAL, UNIVERSIDADES",GOBERNACIÓN PROVINCIAL DE ÑUBLE,7142,555028,ORASMI 84-0,Ñuble,https://transparenciachc.blob.core.windows.net/oc-da/Instituciones_compradoras.zip,2026-03-04T17:59:21.648688+00:00
a3b10fa9c648268ccf48ccc6ad35aa0eaa358233fca8b796d12d908cb75c80d0,8005,SALUD,CONSULTORIO GENERAL URBANO VIOLETA PARRA,7144,2450,CONSULTORIO GRAL. URBANO VIOLETA PARRA,Ñuble,https://transparenciachc.blob.core.windows.net/oc-da/Instituciones_compradoras.zip,2026-03-04T17:59:21.648688+00:00
9c480f08b8d3646fa02eeb688c5d05da14556d8624deb005c7ea069fe5622e67,1001,MUNICIPALIDADES,I MUNICIPALIDAD DE COIHUECO,7146,6215,DIRECCION DE OBRAS,Ñuble,https://transparenciachc.blob.core.windows.net/oc-da/Instituciones_compradoras.zip,2026-03-04T17:59:21.648688+00:00
e4ec7b40a9c7ed2f92abba2dd3f818a7a5cfe536d5f320808ad1d15c0b05e009,1028,MUNICIPALIDADES,I MUNICIPALIDAD DE COIHUECO,7146,5510,DEPARTAMENTO DE SALUD,Ñuble,https://transparenciachc.blob.core.windows.net/oc-da/Instituciones_compradoras.zip,2026-03-04T17:59:21.648688+00:00
d79a797509654a987769999d8b181ff4f5a735622fafe3390eef8b32fb3c90ab,1101,MUNICIPALIDADES,I MUNICIPALIDAD DE COIHUECO,7146,5511,DEPARTAMENTO DE EDUCACION,Ñuble,https://transparenciachc.blob.core.windows.net/oc-da/Instituciones_compradoras.zip,2026-03-04T17:59:21.648688+00:00
ff6cdc9d2205d453d24d9cd864a40b28c4a2b1e8591bd493a4057326cdc9c178,5006,"GOB. CENTRAL, UNIVERSIDADES",UNIVERSIDAD DE TALCA,7147,5740,BIBLIOTECA CENTRAL UTALCA,Maule,https://transparenciachc.blob.core.windows.net/oc-da/Instituciones_compradoras.zip,2026-03-04T17:59:21.648688+00:00
b4ed8c915438a234f54d9280728628cae4a5dd00ed9fae6b4e0773373a3143c6,1246,"GOB. CENTRAL, UNIVERSIDADES",DELEGACIÓN PRESIDENCIAL PROVINCIAL DE LA ANTÁRTICA CHILENA,7148,2466,DELEGACIÓN PRESIDENCIAL PROVINCIAL DE LA ANTÁRTICA,Magallanes y Antártica,https://transparenciachc.blob.core.windows.net/oc-da/Instituciones_compradoras.zip,2026-03-04T17:59:21.648688+00:00
8aa5236c6b7b4044f3e0922e86634ebdec3dd4d32ba3a0b0580ac428f280b991,0339,"GOB. CENTRAL, UNIVERSIDADES",DELEGACIÓN PRESIDENCIAL PROVINCIAL DE HUASCO,7150,550484,UNIDAD DE COMPRAS ORASMI,Atacama,https://transparenciachc.blob.core.windows.net/oc-da/Instituciones_compradoras.zip,2026-03-04T17:59:21.648688+00:00
2bfbd9fa5b1fe9f52eb9528d69fc193cfaf677aa10f7abe342f5982f4cf87c24,2009,"GOB. CENTRAL, UNIVERSIDADES",CORPORACIÓN DE ASISTENCIA JUDICIAL RM,7152,2473,CORPORACIÓN DE ASISTENCIA JUDICIAL RM,Metropolitana,https://transparenciachc.blob.core.windows.net/oc-da/Instituciones_compradoras.zip,2026-03-04T17:59:21.648688+00:00
79cf7ef516f7dfb8beb585eed7d0e2eadf3c6154029e31e2b9fda3a7b9d79d0a,6005,SALUD,SERVICIO SALUD VINA DEL MAR QUILLOTA,7153,903290,SUBDEPARTAMENTO DE ADQUISICIONES DE INVERSION,Valparaíso,https://transparenciachc.blob.core.windows.net/oc-da/Instituciones_compradoras.zip,2026-03-04T17:59:21.648688+00:00
ed176177362210f346702fbfc5a4eb216856de7f140ee9935208669fbdfcb98e,6137,SALUD,SERVICIO SALUD VINA DEL MAR QUILLOTA,7153,567266,SERVICIO DE BIENESTAR,Valparaíso,https://transparenciachc.blob.core.windows.net/oc-da/Instituciones_compradoras.zip,2026-03-04T17:59:21.648688+00:00
8d7edb732a31666822ed4432e185bacb35c17a8ff06d13b0db3bee01f50e7ca5,0320,"GOB. CENTRAL, UNIVERSIDADES",DELEGACIÓN PRESIDENCIAL PROVINCIAL DE CHAÑARAL,7155,3030,DELEGACIÓN PRESIDENCIAL PROVINCIAL DE CHAÑARAL,Atacama,https://transparenciachc.blob.core.windows.net/oc-da/Instituciones_compradoras.zip,2026-03-04T17:59:21.648688+00:00
315abf42d8283d5c9e013b9dd53f4ffd0eebe1b6fc81d7246e850f55389c6a42,2474,SALUD,SERVICIO DE SALUD DE LA ARAUCANIA SUR HOSPITAL LONCOCHE,7156,3031,HOSPITAL DE LONCOCHE,Araucanía,https://transparenciachc.blob.core.windows.net/oc-da/Instituciones_compradoras.zip,2026-03-04T17:59:21.648688+00:00
9e3323805f686fb0d9b6f08fcd0c142178b4823914fe9c8d34d7af526602213e,8000,MUNICIPALIDADES,I MUNICIPALIDAD DE SAN NICOLAS,7158,2489,I MUNICIPALIDAD DE SAN NICOLAS,Ñuble,https://transparenciachc.blob.core.windows.net/oc-da/Instituciones_compradoras.zip,2026-03-04T17:59:21.648688+00:00
6825a783d8129af8c10141fe373e4ce365857535c058e855f1eb13b728d9f986,8019,MUNICIPALIDADES,I MUNICIPALIDAD DE SAN NICOLAS,7158,5512,I. MUNICIPALIDAD DE SAN NICOLAS - EDUCACIÓN,Ñuble,https://transparenciachc.blob.core.windows.net/oc-da/Instituciones_compradoras.zip,2026-03-04T17:59:21.648688+00:00
f9e69c23cbd6210f82e72e9a92cbd7e05b6890556b44e653813d6341ff4025f4,8027,MUNICIPALIDADES,I MUNICIPALIDAD DE SAN NICOLAS,7158,5622,I. MUNICIPALIDAD DE SAN NICOLAS - DEPTO. SALUD,Ñuble,https://transparenciachc.blob.core.windows.net/oc-da/Instituciones_compradoras.zip,2026-03-04T17:59:21.648688+00:00
2f78f0b81b215fb380f2ff7995056ac2f5d60b13c7f718439e75697dd66a0465,6003,MUNICIPALIDADES,I MUNICIPALIDAD DE LOS LAGOS,7159,834957,UNIDAD BIENESTAR SALUD,Los Ríos,https://transparenciachc.blob.core.windows.net/oc-da/Instituciones_compradoras.zip,2026-03-04T17:59:21.648688+00:00
a28fa7e582980f33eef52efe5e918fd343fdb412042a28025ad58d8a0e0ee7bc,1002,"GOB. CENTRAL, UNIVERSIDADES",GOBIERNO REGIONAL V REGION,7172,897775,DEPARTAMENTO DE INVERSIONES - DACG,Valparaíso,https://transparenciachc.blob.core.windows.net/oc-da/Instituciones_compradoras.zip,2026-03-04T17:59:21.648688+00:00
538a6934214fb54378a90148fa038b8a6772eccef4df8bf5d65089e5703126ec,8000,"GOB. CENTRAL, UNIVERSIDADES",CAJA DE PREVISION DE LA DEFENSA NACIONAL,7175,748201,UNIDAD DE COMPRAS FARMACIA,Metropolitana,https://transparenciachc.blob.core.windows.net/oc-da/Instituciones_compradoras.zip,2026-03-04T17:59:21.648688+00:00
afbba6d7ae71672323d4f29f02fea58d66a54982e6d889eee9e69a9fe897add3,1000,OBRAS PÚBLICAS,INSTITUTO NACIONAL DE HIDRAULICA,7176,1724,INSTITUTO NACIONAL DE HIDRÁULICAS - INH,Metropolitana,https://transparenciachc.blob.core.windows.net/oc-da/Instituciones_compradoras.zip,2026-03-04T17:59:21.648688+00:00
b57abb44c097a2b5631195935d31adad15934bd9421be07f4e572849abe5ec41,0001,SALUD,INSTITUTO DE SALUD PUBLICA DE CHILE,7177,556372,BIENESTAR - ISP,Metropolitana,https://transparenciachc.blob.core.windows.net/oc-da/Instituciones_compradoras.zip,2026-03-04T17:59:21.648688+00:00
36265bdec506d3794e17f15c6daeec37b1bda6552c2992848cbd3cdb22f57ecc,0009,"GOB. CENTRAL, UNIVERSIDADES",SERVICIO MEDICO LEGAL,7179,554587,UNIDAD DE BIENESTAR,Metropolitana,https://transparenciachc.blob.core.windows.net/oc-da/Instituciones_compradoras.zip,2026-03-04T17:59:21.648688+00:00
a94bd48654d2829fee88340cf766e93d22c127f6ef420c4378c5d605a1a4c7bf,9001,"GOB. CENTRAL, UNIVERSIDADES",SERVICIO NACIONAL DE PREVENCIÓN Y RESPUESTA ANTE DESASTRES,7180,306211,EMERGENCIA,Metropolitana,https://transparenciachc.blob.core.windows.net/oc-da/Instituciones_compradoras.zip,2026-03-04T17:59:21.648688+00:00
af2c641cd477a0add22d27ea7552f80f5d73177e1eee3e6b6c9dded2db38a114,5000,"GOB. CENTRAL, UNIVERSIDADES",SUPERINTENDENCIA DE INSOLVENCIA Y REEMPRENDIMIENTO,7181,797305,SUPERINTENDENCIA DE INSOLVENCIA Y REEMPRENDIMIENTO,Metropolitana,https://transparenciachc.blob.core.windows.net/oc-da/Instituciones_compradoras.zip,2026-03-04T17:59:21.648688+00:00
fb27751b30e30d5e6fe9ef6cbbca66f3718393b212a3d1fadf8d00ddcf3a9d5c,0007,"GOB. CENTRAL, UNIVERSIDADES",FONDO DE SOLIDARIDAD E INVERSION SOCIAL,7182,527113,A - DIRECCIÓN EJECUTIVA,Metropolitana,https://transparenciachc.blob.core.windows.net/oc-da/Instituciones_compradoras.zip,2026-03-04T17:59:21.648688+00:00
b4d1cb55fd714bed06c9944cc5a08990577335e00d7464f154f9adae29ca43d0,0002,"GOB. CENTRAL, UNIVERSIDADES",CORP NACIONAL DE DESARROLLO INDIGENA,7183,553988,SERVICIO DE BIENESTAR,Araucanía,https://transparenciachc.blob.core.windows.net/oc-da/Instituciones_compradoras.zip,2026-03-04T17:59:21.648688+00:00
dfeb95870d2989c09ac7a4e8498b1f9c52bb7955791c9b9d2d85e7623820e29a,7005,"GOB. CENTRAL, UNIVERSIDADES",SERVICIO NACIONAL DE LA DISCAPACIDAD,7184,576841,BIENESTAR SENADIS,Metropolitana,https://transparenciachc.blob.core.windows.net/oc-da/Instituciones_compradoras.zip,2026-03-04T17:59:21.648688+00:00
28b660a48075c2ac15f03c6f885d275db98fb48fcdf2400e85173535ceb5a9eb,6200,SALUD,SERVICIO DE SALUD ANTOFAGASTA DIRECCION,7185,1765,DIRECCIÓN SERVICIO DE SALUD ANTOFAGASTA,Antofagasta,https://transparenciachc.blob.core.windows.net/oc-da/Instituciones_compradoras.zip,2026-03-04T17:59:21.648688+00:00
358b474ad8f7e19a5893a5d2104c021e72b3a93216dda5eca01dd70c69ed1ffc,0008,"GOB. CENTRAL, UNIVERSIDADES",COMISION NACIONAL DE RIEGO,7186,606591,SERVICIO DE BIENESTAR COMISION NACIONAL DE RIEGO,Metropolitana,https://transparenciachc.blob.core.windows.net/oc-da/Instituciones_compradoras.zip,2026-03-04T17:59:21.648688+00:00
5654e9fb91cbaec530f1df86e60367429f3f0f43ace70fa077d17592f82b5fd9,0008,"GOB. CENTRAL, UNIVERSIDADES",DIRECCIÓN NACIONAL DE FRONTERAS Y LÍMITES DEL ESTADO,7187,1766,DIRECCIÓN NACIONAL DE FRONTERAS Y LIMITES DEL ESTADO,Metropolitana,https://transparenciachc.blob.core.windows.net/oc-da/Instituciones_compradoras.zip,2026-03-04T17:59:21.648688+00:00
334f23ff3cb1e1df8df93edb9b40993f59c29dd4e33cffc148d5843ddb5b1b1f,0009,"GOB. CENTRAL, UNIVERSIDADES",SUBSECRETARIA DEL MINISTERIO DE AGRICULT,7189,688535,AGENCIA CHILENA PARA LA CALIDAD E INOCUIDAD ALIMEN,Metropolitana,https://transparenciachc.blob.core.windows.net/oc-da/Instituciones_compradoras.zip,2026-03-04T17:59:21.648688+00:00
37f4b23345d4831e187b3b07456cf6815c3cb665ad7bf28fe0b16fe0985358f3,0001,"GOB. CENTRAL, UNIVERSIDADES",SERVICIO NACIONAL DE TURISMO,7190,561252,BIENESTAR-SERVICIO NACIONAL DE TURISMO,Metropolitana,https://transparenciachc.blob.core.windows.net/oc-da/Instituciones_compradoras.zip,2026-03-04T17:59:21.648688+00:00
c3fae7c12ad9792a2eaf6b741bd1d286003043181798f15679227398bd750d14,0007,"GOB. CENTRAL, UNIVERSIDADES",SUBSECRETARIA DE PREVISION SOCIAL,7191,6379,PROGRAMA FORTALECIMIENTO SISTEMA DE PENSIONES,Metropolitana,https://transparenciachc.blob.core.windows.net/oc-da/Instituciones_compradoras.zip,2026-03-04T17:59:21.648688+00:00
17460886468a571156bff026826aa00e554b365187c1eaa9f568313f9184a64c,0004,"GOB. CENTRAL, UNIVERSIDADES",SUPERINTENDENCIA DE SERVICIOS SANITARIOS,7192,2589,SUPERINTENDENCIA DE SERVICIOS SANITARIOS - SISS,Metropolitana,https://transparenciachc.blob.core.windows.net/oc-da/Instituciones_compradoras.zip,2026-03-04T17:59:21.648688+00:00
d3bad11371020559bf8f7b1e183e38207913fc30632cbc3fb749dadabacb76b5,0009,"GOB. CENTRAL, UNIVERSIDADES",AGENCIA DE PROMOCION DE LA INVERSION EXTRANJERA,7193,1871,AGENCIA DE PROMOCIÓN DE LA INVERSIÓN EXTRANJERA,Metropolitana,https://transparenciachc.blob.core.windows.net/oc-da/Instituciones_compradoras.zip,2026-03-04T17:59:21.648688+00:00
5c96bf16838df792df9af4bde3ad7073bf1c84c3521e242b3443481ee9258614,0003,"GOB. CENTRAL, UNIVERSIDADES",SECRETARIA GENERAL DE GOBIERNO,7194,586269,SERVICIO DE BIENESTAR MSGG,Metropolitana,https://transparenciachc.blob.core.windows.net/oc-da/Instituciones_compradoras.zip,2026-03-04T17:59:21.648688+00:00
cae5b4dddc533c0b77f7f6bca6316b71154e9c0f6367441cfa5c4abc6f767939,1300,"GOB. CENTRAL, UNIVERSIDADES",DELEGACIÓN PRESIDENCIAL REGIONAL METROPOLITANA DE SANTIAGO,7195,1873,INTENDENCIA REGION METROPOLITANA,Metropolitana,https://transparenciachc.blob.core.windows.net/oc-da/Instituciones_compradoras.zip,2026-03-04T17:59:21.648688+00:00
d59d7708db7a3cff6abd555860373c685e275bc1af9b02cd8e9388cb1fb9118b,0509,"GOB. CENTRAL, UNIVERSIDADES",DELEGACIÓN PRESIDENCIAL REGIONAL DE VALPARAÍSO,7196,553463,COMPRAS ORASMI,Valparaíso,https://transparenciachc.blob.core.windows.net/oc-da/Instituciones_compradoras.zip,2026-03-04T17:59:21.648688+00:00
2b69426b0f5fb0a0c1aeb8f1035a6c62de93cb4b44b15619ab76b341eeade38a,0002,"GOB. CENTRAL, UNIVERSIDADES",INSTITUTO NACIONAL DE LA JUVENTUD,7197,1875,INSTITUTO NACIONAL DE LA JUVENTUD - MIDESO,Metropolitana,https://transparenciachc.blob.core.windows.net/oc-da/Instituciones_compradoras.zip,2026-03-04T17:59:21.648688+00:00
0a8e8dea97973008657ce1e48612c9730f260dfa1bb9ffc5712432927718f0d2,0006,"GOB. CENTRAL, UNIVERSIDADES",CASA DE MONEDA DE CHILE,7198,5914,COMPRA INTERNACIONAL,Metropolitana,https://transparenciachc.blob.core.windows.net/oc-da/Instituciones_compradoras.zip,2026-03-04T17:59:21.648688+00:00
3ff22e1f782b35b4ecbf3d4dd7bd1b3bc07596184c3331f37151b33aa119380b,1002,"GOB. CENTRAL, UNIVERSIDADES",GOBIERNO REGIONAL DE ANTOFAGASTA,7199,553883,GORE ANTOFAGASTA BIENESTAR,Antofagasta,https://transparenciachc.blob.core.windows.net/oc-da/Instituciones_compradoras.zip,2026-03-04T17:59:21.648688+00:00
995cb4e07674c1e4befc809eaefb75da327873b93ae58ff62450d805c082e249,4009,"GOB. CENTRAL, UNIVERSIDADES","GOBIERNO REGIONAL VI REGION DEL LI BERTADOR B O""HIGGINS",7200,544515,SERVICIO DE BIENESTAR,Lib. Gral. Bdo. O'Higgins,https://transparenciachc.blob.core.windows.net/oc-da/Instituciones_compradoras.zip,2026-03-04T17:59:21.648688+00:00
5bf32eebdc65bc93646ae00aa7ef52d0caba4236eb72415765d038aac21d1ebd,0606,"GOB. CENTRAL, UNIVERSIDADES",DELEGACIÓN PRESIDENCIAL REGIONAL DEL LIBERTADOR BERNARDO  O´HIGGINS,7201,551712,DPR OHIGGINS - GET,Lib. Gral. Bdo. O'Higgins,https://transparenciachc.blob.core.windows.net/oc-da/Instituciones_compradoras.zip,2026-03-04T17:59:21.648688+00:00
9b62f6c876bb77246de4081629ad3ce30bc974ee40f2e83552a3fa54d21a88af,0008,"GOB. CENTRAL, UNIVERSIDADES",DIRECCION GENERAL DE AERONAUTICA CIVIL,7202,652283,GESTION INTERNACIONAL,Metropolitana,https://transparenciachc.blob.core.windows.net/oc-da/Instituciones_compradoras.zip,2026-03-04T17:59:21.648688+00:00
5d2059509ead084322cde386cef56c8f3873225e77759e995f1de8ff73c99764,0229,"GOB. CENTRAL, UNIVERSIDADES",DIRECCION GENERAL DE AERONAUTICA CIVIL,7202,816822,BIENESTAR SOCIAL AP. DESIERTO DE ATACAMA,Atacama,https://transparenciachc.blob.core.windows.net/oc-da/Instituciones_compradoras.zip,2026-03-04T17:59:21.648688+00:00
9f3113bb2d0a3c99df738ddfb51aa1a89409d1a27205c6473de9f3e2d5d43552,8500,SALUD,SERVICIO DE SALUD METROPOLITANO SUR ORIENTE,7203,1880,SERVICIO DE SALUD METROPOLITANO SUR ORIENTE,Metropolitana,https://transparenciachc.blob.core.windows.net/oc-da/Instituciones_compradoras.zip,2026-03-04T17:59:21.648688+00:00
2d65ac978c5422e52fd4c8bad60d5b546c23d2029068769f99a800da1563e054,5018,SALUD,SERVICIO DE SALUD METROPOLITANO SUR ORIENTE,7203,822381,BIENESTAR SSMSO,Metropolitana,https://transparenciachc.blob.core.windows.net/oc-da/Instituciones_compradoras.zip,2026-03-04T17:59:21.648688+00:00
84be10a14d8638307f301bacd4bd4b75aff906ba4eb12eba1242f7235434bca8,0207,"GOB. CENTRAL, UNIVERSIDADES",DELEGACIÓN PRESIDENCIAL REGIONAL DE ANTOFAGASTA,7204,550620,ORASMI INTENDENCIA ANTOFAGASTA,Antofagasta,https://transparenciachc.blob.core.windows.net/oc-da/Instituciones_compradoras.zip,2026-03-04T17:59:21.648688+00:00
0c9f388eb6d009d22701d69f7980f66c876ede90c1dceec286f05709ac6af8a0,1009,SALUD,SERVICIO DE SALUD CONCEPCION,7205,686694,FÁRMACOS E INSUMOS CLÍNICOS,Bío-Bío,https://transparenciachc.blob.core.windows.net/oc-da/Instituciones_compradoras.zip,2026-03-04T17:59:21.648688+00:00
7e810f4ac3bbae884865ffdc31969a5d2eaf1fe1548601637511cbe4a9f73e1f,1017,SALUD,SERVICIO DE SALUD CONCEPCION,7205,1057627,BIENESTAR,Bío-Bío,https://transparenciachc.blob.core.windows.net/oc-da/Instituciones_compradoras.zip,2026-03-04T17:59:21.648688+00:00
d869c59996e04f62e36323579f3fdea61523e4293d857efe88059df0f5b5335b,7208,SALUD,SERVICIO DE SALUD CONCEPCION,7205,732434,CENTRO DE SANGRE,Bío-Bío,https://transparenciachc.blob.core.windows.net/oc-da/Instituciones_compradoras.zip,2026-03-04T17:59:21.648688+00:00
f91728cef277342ace9d74b76916ee19ffa3d7eb61d0fe09f5840e8e575128cf,8003,SALUD,SERVICIO DE SALUD AYSEN CARLOS IBANEZ DEL CAMPO,7206,6155,RED ASISTENCIAL,Aysén,https://transparenciachc.blob.core.windows.net/oc-da/Instituciones_compradoras.zip,2026-03-04T17:59:21.648688+00:00
ec2d23a7fcfd130bad86df11f4d63197b13d3bf6bd34a27d0a38fda22f53511b,8000,"GOB. CENTRAL, UNIVERSIDADES",GOBIERNO REGIONAL DECIMA REGION LOS LAGOS,7207,1748,GOBIERNO REGIONAL DE LOS LAGOS,Los Lagos,https://transparenciachc.blob.core.windows.net/oc-da/Instituciones_compradoras.zip,2026-03-04T17:59:21.648688+00:00
78748b9a451a97df7dd1a2b5ca4bb5c009c2a695ed90c2e4c9384ec8b4478c9c,0002,"GOB. CENTRAL, UNIVERSIDADES",DIRECCION GENERAL DEL CREDITO PRENDARIO,7209,877128,UNIDAD DE QUILPUE,Valparaíso,https://transparenciachc.blob.core.windows.net/oc-da/Instituciones_compradoras.zip,2026-03-04T17:59:21.648688+00:00
2d780670683bfb8cee5e9022a4fc716d509f4078b27a180955b028394e40bae3,0009,"GOB. CENTRAL, UNIVERSIDADES",SERVICIO NACIONAL DE GEOLOGIA Y MINERIA,7210,924521,DIRECCION  REGIONAL DEL MAULE,Maule,https://transparenciachc.blob.core.windows.net/oc-da/Instituciones_compradoras.zip,2026-03-04T17:59:21.648688+00:00
883b7bbf4de4ef520edf7d0ce98c6262df91f9b2f2d0c5ac2589dd2664f06ff9,0003,"GOB. CENTRAL, UNIVERSIDADES",SUBSECRETARIA DE PESCA Y ACUICULTURA,7211,686421,DIRECCIONES ZONALES DE PESCA,Valparaíso,https://transparenciachc.blob.core.windows.net/oc-da/Instituciones_compradoras.zip,2026-03-04T17:59:21.648688+00:00
4b6b4c19cacf5a3374f4e0b9e612893cc6a1b2d76e66ed33d896d3d34b0f7ff4,3300,"GOB. CENTRAL, UNIVERSIDADES",AGENCIA NACIONAL DE INTELIGENCIA,7212,2566,AGENCIA NACIONAL DE INTELIGENCIA,Metropolitana,https://transparenciachc.blob.core.windows.net/oc-da/Instituciones_compradoras.zip,2026-03-04T17:59:21.648688+00:00
7e08577cc5c01125557282aa1641e8c4344a2fbbdc79c1e10462a092d43acedc,0009,"GOB. CENTRAL, UNIVERSIDADES",COMISIÓN NACIONAL DE INVESTIGACIÓN CIENTÍFICA Y TECNOLÓGICAS - CONICYT,7213,1111089,AGENCIA NACIONAL DE INVESTIGACIÓN Y DESARROLLO,Metropolitana,https://transparenciachc.blob.core.windows.net/oc-da/Instituciones_compradoras.zip,2026-03-04T17:59:21.648688+00:00
370fcde16ee80ef54340bc40e3666ad50879e7711f6608e79088a9e4a13cd598,1203,"GOB. CENTRAL, UNIVERSIDADES",DELEGACIÓN PRESIDENCIAL REGIONAL DE MAGALLANES Y DE LA ANTÁRTICA CHILE,7214,550979,ORASMI,Magallanes y Antártica,https://transparenciachc.blob.core.windows.net/oc-da/Instituciones_compradoras.zip,2026-03-04T17:59:21.648688+00:00
d7858298ba3693bd5165e507a2b709401e2b0dff73452727fd2038a47a8f837f,1009,"GOB. CENTRAL, UNIVERSIDADES",DELEGACIÓN PRESIDENCIAL REGIONAL DE LOS LAGOS,7215,2573,MINISTERIO DEL INTERIOR - INTENDENCIA X REGIÓN,Los Lagos,https://transparenciachc.blob.core.windows.net/oc-da/Instituciones_compradoras.zip,2026-03-04T17:59:21.648688+00:00
ffc279c8a24b02508b2dc7fa2d4d51a363d7b207c968b0a3bf101c5f4291bbad,0004,"GOB. CENTRAL, UNIVERSIDADES",INSTITUTO NACIONAL DE DEPORTES DE CHILE,7216,552294,BIENESTAR,Metropolitana,https://transparenciachc.blob.core.windows.net/oc-da/Instituciones_compradoras.zip,2026-03-04T17:59:21.648688+00:00
ef5f7678ced7afdd358024506f7ca8deda102706cd10c1b1f54816e09fc49d56,6005,"GOB. CENTRAL, UNIVERSIDADES",SERVICIO DE EVALUACION AMBIENTAL,7218,6572,SEA - XV REGIÓN,Arica y Parinacota,https://transparenciachc.blob.core.windows.net/oc-da/Instituciones_compradoras.zip,2026-03-04T17:59:21.648688+00:00
df58eab39362ef4f515f8720a80e558c72211faaa65c1550f321fa9481ba0cb4,1007,"GOB. CENTRAL, UNIVERSIDADES",COMISIÓN CHILENA DE ENERGÍA NUCLEAR,7219,1868,COMISIÓN CHILENA DE ENERGÍA NUCLEAR,Metropolitana,https://transparenciachc.blob.core.windows.net/oc-da/Instituciones_compradoras.zip,2026-03-04T17:59:21.648688+00:00
dd16c1bfdb80af4aca32e9acf010aae246c544bada78b5294d605ae676bcc424,6005,"GOB. CENTRAL, UNIVERSIDADES",COMISIÓN CHILENA DE ENERGÍA NUCLEAR,7219,553932,SERVICIO DE BIENESTAR CCHEN,Metropolitana,https://transparenciachc.blob.core.windows.net/oc-da/Instituciones_compradoras.zip,2026-03-04T17:59:21.648688+00:00
766f918d2241ea3688e562bedc657563e9d238075701b20e7d7dacad701a2416,2003,"GOB. CENTRAL, UNIVERSIDADES",GOBIERNO REGIONAL REGION METROPOLITANA,7222,5207,CAPACITACION,Metropolitana,https://transparenciachc.blob.core.windows.net/oc-da/Instituciones_compradoras.zip,2026-03-04T17:59:21.648688+00:00
99d4cfe4beea5b85e983c06df1e4360b9749b3eabfc864c891de380496d6ebfb,3700,"GOB. CENTRAL, UNIVERSIDADES",GOBIERNO REGIONAL REGION METROPOLITANA,7222,550716,BIENESTAR GORE_RM,Metropolitana,https://transparenciachc.blob.core.windows.net/oc-da/Instituciones_compradoras.zip,2026-03-04T17:59:21.648688+00:00
1466440f49185df47ee84db232d943122589ef270ffac40e22c2605efe28bdca,0002,"GOB. CENTRAL, UNIVERSIDADES",GOBIERNO REGIONAL VII REGION,7223,2592,GOBIERNO REGIONAL DEL MAULE,Maule,https://transparenciachc.blob.core.windows.net/oc-da/Instituciones_compradoras.zip,2026-03-04T17:59:21.648688+00:00
b87b2a6a093e0b9bc47f396f8e42847c45782555d472da5edaac1b8eb73075ba,0000,"GOB. CENTRAL, UNIVERSIDADES",CONSEJO DE RECTORES DE LAS UNIVERSIDADES CHILENAS,7224,2593,CONSEJO DE RECTORES DE LAS UNIVERSIDADES CHILENAS,Metropolitana,https://transparenciachc.blob.core.windows.net/oc-da/Instituciones_compradoras.zip,2026-03-04T17:59:21.648688+00:00
86361396acde62bcc6b0d355d2f4f145a9ae9ab4ab29739c2e96bd7ab486b283,0703,"GOB. CENTRAL, UNIVERSIDADES",DELEGACIÓN PRESIDENCIAL REGIONAL DEL MAULE,7225,551029,ORASMI,Maule,https://transparenciachc.blob.core.windows.net/oc-da/Instituciones_compradoras.zip,2026-03-04T17:59:21.648688+00:00
e0603733ef0ca0661efae1c92efe1dc0f6f4bb110f0a609c7eedd834d2cf5aa2,0800,"GOB. CENTRAL, UNIVERSIDADES",DELEGACIÓN PRESIDENCIAL REGIONAL DEL BIOBÍO,7226,2139,DELEGACIÓN PRESIDENCIAL REGIONAL DEL BIOBIO,Bío-Bío,https://transparenciachc.blob.core.windows.net/oc-da/Instituciones_compradoras.zip,2026-03-04T17:59:21.648688+00:00
993a3808c71e3967c928e0a67039757a458286486b2440891cf13a0c3cab96b5,0001,"GOB. CENTRAL, UNIVERSIDADES",SUBSECRETARIA DE RELACIONES EXTERIORES,7227,574800,BIENESTAR,Metropolitana,https://transparenciachc.blob.core.windows.net/oc-da/Instituciones_compradoras.zip,2026-03-04T17:59:21.648688+00:00
b790e65ad7d5c2952f827af70325184a3d673dc1febcbf87bca66c402615394b,0002,"GOB. CENTRAL, UNIVERSIDADES",DIRECCIÓN ADMINISTRATIVA - MIN. DEFENSA,7228,2596,MINISTERIO DEFENSA NACIONAL - DIR.  ADMINISTRATIVA,Metropolitana,https://transparenciachc.blob.core.windows.net/oc-da/Instituciones_compradoras.zip,2026-03-04T17:59:21.648688+00:00
4657ca17d2cef6d6cce37fb6f7fcce0f477334c801b7833df8bca8615352b644,1106,"GOB. CENTRAL, UNIVERSIDADES",DELEGACIÓN PRESIDENCIAL REGIONAL DE AYSÉN DEL GENERAL CARLOS IBÁÑEZ DE,7229,551423,ORASMI DELEGACION PRESIDENCIAL REGIONAL DE AYSEN,Aysén,https://transparenciachc.blob.core.windows.net/oc-da/Instituciones_compradoras.zip,2026-03-04T17:59:21.648688+00:00
807d14e61557f35bb5ab85a44c899dac57b0f05c5590096b75b5bf09babecc60,0000,"GOB. CENTRAL, UNIVERSIDADES",SERVICIO NACIONAL DEL CONSUMIDOR - SERNAC,7230,2607,SERVICIO NACIONAL DEL CONSUMIDOR,Metropolitana,https://transparenciachc.blob.core.windows.net/oc-da/Instituciones_compradoras.zip,2026-03-04T17:59:21.648688+00:00
35aeb83eaa197501a0728392ba02d445ce27fef695096e7d8def2ed9dae1ecf2,0671,"GOB. CENTRAL, UNIVERSIDADES",SERVICIO NACIONAL DEL CONSUMIDOR - SERNAC,7230,584409,BIENESTAR -SERNAC,Metropolitana,https://transparenciachc.blob.core.windows.net/oc-da/Instituciones_compradoras.zip,2026-03-04T17:59:21.648688+00:00
283ba05057645f64c78ccc8f87b942e4679def2da78d8336badb690d66903d86,0009,"GOB. CENTRAL, UNIVERSIDADES",CONTRALORIA GENERAL DE LA REPUBLICA,7231,1881,CONTRALORÍA GENERAL DE LA REPÚBLICA,Metropolitana,https://transparenciachc.blob.core.windows.net/oc-da/Instituciones_compradoras.zip,2026-03-04T17:59:21.648688+00:00
9ef448d2b3e01fdff08ef589c8f41d93ac929fbbcfc9c2d1f8936d6bbdc7759f,0007,"GOB. CENTRAL, UNIVERSIDADES",SUPERINTENDENCIA DE ELECTRICIDAD Y COMBUSTIBLES,7232,2610,SUPERINTENDENCIA DE ELECTRICIDAD Y COMBUSTIBLES,Metropolitana,https://transparenciachc.blob.core.windows.net/oc-da/Instituciones_compradoras.zip,2026-03-04T17:59:21.648688+00:00
6d4ee0cea4073089706c7dc376669776d9039304791a0c09e94bc5c8d61031f8,5002,MUNICIPALIDADES,I MUNICIPALIDAD DE VILLA ALEMANA,7233,742475,ABASTECIMIENTO PROGRAMAS,Valparaíso,https://transparenciachc.blob.core.windows.net/oc-da/Instituciones_compradoras.zip,2026-03-04T17:59:21.648688+00:00
6d25954470f89b79b9e704accf7e4131417c50fc799305201043730dbff2df91,1010,"GOB. CENTRAL, UNIVERSIDADES",DELEGACIÓN PRESIDENCIAL REGIONAL DE TARAPACÁ,7234,802970,EMERGENCIA,Tarapacá,https://transparenciachc.blob.core.windows.net/oc-da/Instituciones_compradoras.zip,2026-03-04T17:59:21.648688+00:00
c413bdfee691f293f46e176ce54875a487227450d69a38dc54b6895f2388ec73,8009,"GOB. CENTRAL, UNIVERSIDADES",CORP DE ASISTENCIA JUDICIAL DE LA REGION DE VALPARAISO,7235,1315,CORPORACIÓN DE ASISTENCIA JUDICIAL DE LA V REGIÓN,Valparaíso,https://transparenciachc.blob.core.windows.net/oc-da/Instituciones_compradoras.zip,2026-03-04T17:59:21.648688+00:00
9ac8eebe360a09228781b0a35f0b28e604dd3096e8622e8e014ffb53acb674dc,0401,"GOB. CENTRAL, UNIVERSIDADES",DELEGACIÓN PRESIDENCIAL REGIONAL DE COQUIMBO,7236,1949,MINISTERIO DEL INTERIOR - DELEGACIÓN REG  COQUIMBO,Coquimbo,https://transparenciachc.blob.core.windows.net/oc-da/Instituciones_compradoras.zip,2026-03-04T17:59:21.648688+00:00
e2bbb4c35ac2d7afd4cff5b867f2dcee574f91038b3b04827c0a01f6ea6529f1,0231,"GOB. CENTRAL, UNIVERSIDADES",DELEGACIÓN PRESIDENCIAL PROVINCIAL DE EL LOA,7237,550793,ORASMI 22-O,Antofagasta,https://transparenciachc.blob.core.windows.net/oc-da/Instituciones_compradoras.zip,2026-03-04T17:59:21.648688+00:00
a74be9f6d38e34d465428f394658903432dc8d8e154f657779c60dad144bfd6e,0004,"GOB. CENTRAL, UNIVERSIDADES",PRESIDENCIA DE LA REPUBLICA,7238,661439,SEGURIDAD PRESIDENCIAL,Metropolitana,https://transparenciachc.blob.core.windows.net/oc-da/Instituciones_compradoras.zip,2026-03-04T17:59:21.648688+00:00
70f0ede271adae30fc007155abf13b370fa06456a620b27a43bbc7135629de1a,5009,SALUD,SERVICIO DE SALUD VALPARAISO SAN ANTONIO,7239,1952,SERVICIO DE SALUD VALPARAISO SAN ANTONIO,Valparaíso,https://transparenciachc.blob.core.windows.net/oc-da/Instituciones_compradoras.zip,2026-03-04T17:59:21.648688+00:00
1853b89f1d6892b13842f301b5cc47ebe9fb07c0cae00cd298cce20d0e7a69e3,9100,SALUD,SERVICIO DE SALUD VALPARAISO SAN ANTONIO,7239,1896,HOSPITAL PSQUIATRICO DEL SALVADOR,Valparaíso,https://transparenciachc.blob.core.windows.net/oc-da/Instituciones_compradoras.zip,2026-03-04T17:59:21.648688+00:00
64f09558f9d14c932571e74c3a56db6de069aab7adc8f38730fb8233665ed360,0676,SALUD,SERVICIO DE SALUD VALPARAISO SAN ANTONIO,7239,1895,HOSPITAL SAN JOSE - CASABLANCA,Valparaíso,https://transparenciachc.blob.core.windows.net/oc-da/Instituciones_compradoras.zip,2026-03-04T17:59:21.648688+00:00
8a4d5801f6b695d256bc34c71838295594af534ac95717681bdc7fbbdc983ed4,1265,SALUD,SERVICIO DE SALUD VALPARAISO SAN ANTONIO,7239,1894,HOSPITAL CLAUDIO VICUNA,Valparaíso,https://transparenciachc.blob.core.windows.net/oc-da/Instituciones_compradoras.zip,2026-03-04T17:59:21.648688+00:00
8cd7f1b57a997d47ae6161815bfd876add9bb101235b4b8fc737166b5d769250,0579,SALUD,SERVICIO DE SALUD VALPARAISO SAN ANTONIO,7239,2151,HOSPITAL EDUARDO PEREIRA,Valparaíso,https://transparenciachc.blob.core.windows.net/oc-da/Instituciones_compradoras.zip,2026-03-04T17:59:21.648688+00:00
2c696280ef5c225bcad4bc8c27c8771c932eccb12ed7d2194313313e8db187e6,0005,MUNICIPALIDADES,I MUNICIPALIDAD DE CERRILLOS,7241,643720,ADMINISTRACION Y FINANZAS - CONTABILIDAD,Metropolitana,https://transparenciachc.blob.core.windows.net/oc-da/Instituciones_compradoras.zip,2026-03-04T17:59:21.648688+00:00
59855f82e57b87311be7993b0586756597275db4c9ecef14ae680a0da8917cf2,0167,OBRAS PÚBLICAS,MINISTERIO DE OBRAS PUBLICAS DIREC CION GRAL DE OO PP DCYF,7249,608563,BIENESTAR ARICA PARINACOTA,Arica y Parinacota,https://transparenciachc.blob.core.windows.net/oc-da/Instituciones_compradoras.zip,2026-03-04T17:59:21.648688+00:00
83fbd775fe6c16063f6fa6fe82e8586018b7f69f29d2caa10fb4586048e767b1,0001,"GOB. CENTRAL, UNIVERSIDADES",UNIVERSIDAD DE CHILE,7251,963476,FCFM CENTRO TECNOLÓGICO UCAMPUS,Metropolitana,https://transparenciachc.blob.core.windows.net/oc-da/Instituciones_compradoras.zip,2026-03-04T17:59:21.648688+00:00
b6f18e9e92ba338df43d4eb0dd1c9df0d189a234f8734fc5e299139c03bea146,0222,"GOB. CENTRAL, UNIVERSIDADES",UNIVERSIDAD DE CHILE,7251,6496,UCHILE BIENESTAR DEL PERSONAL,Metropolitana,https://transparenciachc.blob.core.windows.net/oc-da/Instituciones_compradoras.zip,2026-03-04T17:59:21.648688+00:00
0e496bb9780f7a5b32903897d7274030a39a3bc028a959050d551922d555d30e,3004,"GOB. CENTRAL, UNIVERSIDADES",DELEGACIÓN PRESIDENCIAL PROVINCIAL DE PALENA,7252,552010,COMPLEJOS FRONTERIZOS,Los Lagos,https://transparenciachc.blob.core.windows.net/oc-da/Instituciones_compradoras.zip,2026-03-04T17:59:21.648688+00:00
ba6d33a9c1ba9282dc6c0dfccc3cf253958690435b96c905d6ac227e843e5b06,1136,"GOB. CENTRAL, UNIVERSIDADES",DELEGACIÓN PRESIDENCIAL PROVINCIAL DE MAIPO,7253,551032,ORASMI 134-O,Metropolitana,https://transparenciachc.blob.core.windows.net/oc-da/Instituciones_compradoras.zip,2026-03-04T17:59:21.648688+00:00
ddd6f7628d944e0a060c7bfe1ff6ef19eb1ecbcabbbda73c4a7c9710847ce5a6,5009,"GOB. CENTRAL, UNIVERSIDADES",UNIVERSIDAD ARTURO PRAT,7254,917690,UNIVERSIDAD ARTURO PRAT MECESUP,Tarapacá,https://transparenciachc.blob.core.windows.net/oc-da/Instituciones_compradoras.zip,2026-03-04T17:59:21.648688+00:00
60c663f000bbe0a8c81ac6df6b8ede4ec2bd9a9e012ddf9fa82137f2ef946c1a,9063,SALUD,SERVICIO DE SALUD DEL MAULE HOSPITAL DE HUALANE,7255,2458,HOSPITAL HUALAÑÉ,Maule,https://transparenciachc.blob.core.windows.net/oc-da/Instituciones_compradoras.zip,2026-03-04T17:59:21.648688+00:00
5b3554f7eec89e431bc1e410140713f2afd3972884fe39ddbb4194e043f56301,9136,SALUD,SERVICIO DE SALUD DEL MAULE HOSPITAL DE CAUQUENES,7256,957549,SERVICIO DENTAL,Maule,https://transparenciachc.blob.core.windows.net/oc-da/Instituciones_compradoras.zip,2026-03-04T17:59:21.648688+00:00
995cce06a6d93d9039394daf89f0ae49d338f22b2ef244453d760cda39eb30c0,9055,SALUD,SERVICIO DE SALUD DEL MAULE HOSPITAL DE LICANTEN,7257,2459,HOSPITAL LICANTÉN,Maule,https://transparenciachc.blob.core.windows.net/oc-da/Instituciones_compradoras.zip,2026-03-04T17:59:21.648688+00:00
44516e2e42dbe480df4abe2ba8db3293be5db0726e3ef8fd56cc8145f74672c5,9179,SALUD,SERVICIO DE SALUD DEL MAULE HOSPITAL DE LINARES,7258,673804,INVERSION HBL,Maule,https://transparenciachc.blob.core.windows.net/oc-da/Instituciones_compradoras.zip,2026-03-04T17:59:21.648688+00:00
6a6b14e889680f0f5312c6823c046c8bbabe04a0beca6ffc04e192c45b565574,9187,SALUD,SERVICIO DE SALUD DEL MAULE HOSPITAL DE PARRAL,7259,2460,HOSPITAL PARRAL,Maule,https://transparenciachc.blob.core.windows.net/oc-da/Instituciones_compradoras.zip,2026-03-04T17:59:21.648688+00:00
004490d7972745eb6c1fb44b9e3af876274ab889cba4bb307a5f0112edd07c49,9012,SALUD,SERVICIO DE SALUD DEL MAULE HOSPITAL DE TALCA,7260,699866,INSUMOS CLÍNICOS,Maule,https://transparenciachc.blob.core.windows.net/oc-da/Instituciones_compradoras.zip,2026-03-04T17:59:21.648688+00:00
af61151af0037f23f4f9d717da80c094e5185f735b3e39ba3e66048285e2021b,9071,SALUD,SERVICIO DE SALUD DEL MAULE HOSPITAL DE TENO,7261,2461,HOSPITAL TENO,Maule,https://transparenciachc.blob.core.windows.net/oc-da/Instituciones_compradoras.zip,2026-03-04T17:59:21.648688+00:00
989f0a5fdedbb265519ba556f84bcd7498ef8707ffdf500451d0fb118cb005e1,9128,SALUD,SERVICIO DE SALUD DEL MAULE HOSPITAL SAN JAVIER,7262,968521,INSUMOS CLINICOS,Maule,https://transparenciachc.blob.core.windows.net/oc-da/Instituciones_compradoras.zip,2026-03-04T17:59:21.648688+00:00
acdd54c48d6b1b9c7571800280381dbe4147a66d61132bcc720dbd82f10d38b5,0711,"GOB. CENTRAL, UNIVERSIDADES",DELEGACIÓN PRESIDENCIAL PROVINCIAL DE CURICÓ,7263,2463,GOBERNACIÓN PROVINCIAL DE CURICÓ,Maule,https://transparenciachc.blob.core.windows.net/oc-da/Instituciones_compradoras.zip,2026-03-04T17:59:21.648688+00:00
6b3b6b9d3bf277e81e3bf58a5f2b29f43705e04129bf423828895ed115846ea1,1122,"GOB. CENTRAL, UNIVERSIDADES",DELEGACIÓN PRESIDENCIAL PROVINCIAL DE ÚLTIMA ESPERANZA,7264,3014,DELEG  PRESID PROVINCIAL DE ÚLTIMA ESPERANZA,Magallanes y Antártica,https://transparenciachc.blob.core.windows.net/oc-da/Instituciones_compradoras.zip,2026-03-04T17:59:21.648688+00:00
5ec692143b4af08efbf2d3f2c4b443f0300727afeb24d388fca952f4d571db5a,0008,LEGISLATIVO Y JUDICIAL,BIBLIOTECA DEL CONGRESO NACIONAL,7265,3015,BIBLIOTECA DEL CONGRESO NACIONAL,Metropolitana,https://transparenciachc.blob.core.windows.net/oc-da/Instituciones_compradoras.zip,2026-03-04T17:59:21.648688+00:00
96ad9165ce59b3e424cd6ed14753b10c4f2266b153e7ddb4d82ace144da1815d,0400,FFAA,ESTADO MAYOR CONJUNTO,7266,3016,ESTADO MAYOR CONJUNTO,Arica y Parinacota,https://transparenciachc.blob.core.windows.net/oc-da/Instituciones_compradoras.zip,2026-03-04T17:59:21.648688+00:00
5b44ec84d04395a0f2469241bd80a687b922599768d0f30bf6ec1efacdf780e4,0002,FFAA,ESTADO MAYOR CONJUNTO,7266,517903,COMANDO CONJUNTO AUSTRAL,Magallanes y Antártica,https://transparenciachc.blob.core.windows.net/oc-da/Instituciones_compradoras.zip,2026-03-04T17:59:21.648688+00:00
dbe636d04bb789e67031f3c280e431c9a0c90322110acc5df989107ffc20f8ac,6500,FFAA,ESTADO MAYOR CONJUNTO,7266,6039,EMC-COMANDO CONJUNTO NORTE,Tarapacá,https://transparenciachc.blob.core.windows.net/oc-da/Instituciones_compradoras.zip,2026-03-04T17:59:21.648688+00:00
388ec2c7edc9415aede1fb3715e9734c4c69602b84f757f19855c17eb304b926,1033,"GOB. CENTRAL, UNIVERSIDADES",GOBERNACIÓN PROVINCIAL DE LLANQUIHUE,7267,3017,GOBERNACIÓN PROVINCIAL DE LLANQUIHUE,Los Lagos,https://transparenciachc.blob.core.windows.net/oc-da/Instituciones_compradoras.zip,2026-03-04T17:59:21.648688+00:00
af934f4e91761509384a4e33fa1ba896cc51cf913de5ab5eac4d140565596e2a,1072,"GOB. CENTRAL, UNIVERSIDADES",GOBERNACION PROVINCIAL DE TALCA,7269,2471,GOBERNACIÓN PROVINCIAL DE TALCA,Maule,https://transparenciachc.blob.core.windows.net/oc-da/Instituciones_compradoras.zip,2026-03-04T17:59:21.648688+00:00
29073eda8cff2237d8beebb27611b4ecdf2b2913f75fa9adc8406270977f0bde,2002,"GOB. CENTRAL, UNIVERSIDADES",DELEGACIÓN PRESIDENCIAL PROVINCIAL DE CHACABUCO,7271,1351,DELEGACIÓN PROVINCIAL DE CHACABUCO,Metropolitana,https://transparenciachc.blob.core.windows.net/oc-da/Instituciones_compradoras.zip,2026-03-04T17:59:21.648688+00:00
5bffe0d9ed4ac72e4cf8c30d269cc0b8943e043418e9218b6809d5556b9d6586,4003,SALUD,DIRECCION SERVICIO SALUD METROPOLITANO O,7272,5780,DSSMO CAPACITACION,Metropolitana,https://transparenciachc.blob.core.windows.net/oc-da/Instituciones_compradoras.zip,2026-03-04T17:59:21.648688+00:00
a95b4067eee2e53f6febf423dd7c12e337d9135aa028f95d67c26af7ff5b72ab,4011,SALUD,DIRECCION SERVICIO SALUD METROPOLITANO O,7272,5859,DSSMO BIENESTAR,Metropolitana,https://transparenciachc.blob.core.windows.net/oc-da/Instituciones_compradoras.zip,2026-03-04T17:59:21.648688+00:00
ea0a8b6e1cffaa63de86c6cca3e0a387b15c4242e4408e9d08052731d5486914,9270,SALUD,DIRECCION SERVICIO SALUD METROPOLITANO O,7272,1352,HOSPITAL HANGA ROA,Valparaíso,https://transparenciachc.blob.core.windows.net/oc-da/Instituciones_compradoras.zip,2026-03-04T17:59:21.648688+00:00
66f88f2800c7c196c0f26473f40a970ba46000620bd619ede55f8c59f6c36037,0067,SALUD,SERVICIO DE SALUD METROPOLITANO NORTE HOSPITAL DE TIL TIL,7274,2505,HOSPITAL TIL - TIL,Metropolitana,https://transparenciachc.blob.core.windows.net/oc-da/Instituciones_compradoras.zip,2026-03-04T17:59:21.648688+00:00
a5baa432e40a4c01db06e89f8ffd74c72137d9dd986323b39f6710b6502d8d44,0916,"GOB. CENTRAL, UNIVERSIDADES",DELEGACIÓN PRESIDENCIAL PROVINCIAL DE MALLECO,7275,2506,DELEGACIÓN PRESIDENCIAL PROVINCIAL DE MALLECO,Araucanía,https://transparenciachc.blob.core.windows.net/oc-da/Instituciones_compradoras.zip,2026-03-04T17:59:21.648688+00:00
df12d70d5c30e0ccb68b43e3321f2ef2f5540cd66d0c6755fff55278b36d9f1f,4046,SALUD,INSTITUTO NACIONAL DEL CANCER,7276,1356,INST NACIONAL DEL CANCER ADQUISICIONES,Metropolitana,https://transparenciachc.blob.core.windows.net/oc-da/Instituciones_compradoras.zip,2026-03-04T17:59:21.648688+00:00
407972aa2f0d271a012d343e5df146fec6eb4a68fad6a5fa7508cdde90ba51d8,6911,SALUD,HOSPITAL DE CONSTITUCIÓN,7277,2507,HOSPITAL DE CONSTITUCIÓN,Maule,https://transparenciachc.blob.core.windows.net/oc-da/Instituciones_compradoras.zip,2026-03-04T17:59:21.648688+00:00
19511ca87e13de42ae709773ad94a40fb400206e8ffbd183fe13838cb5440e1d,9101,SALUD,SERVICIO DE SALUD DEL MAULE HOSPITAL DE CUREPTO,7278,3040,HOSPITAL DE CUREPTO,Maule,https://transparenciachc.blob.core.windows.net/oc-da/Instituciones_compradoras.zip,2026-03-04T17:59:21.648688+00:00
53064bbe04c8a1905dd31c621dd55f7678467d41d7aebd222da19205a30d1feb,9152,SALUD,SERVICIO DE SALUD DEL MAULE HOSPITAL DE,7279,2508,HOSPITAL DE CHANCO,Maule,https://transparenciachc.blob.core.windows.net/oc-da/Instituciones_compradoras.zip,2026-03-04T17:59:21.648688+00:00
4ff8fcab0caa8d974e2cfc9421e66eb6749c30348e2f2327b24abacd536ff201,6908,SALUD,SERVICIO DE SALUD DEL MAULE HOSPITAL DE MOLINA,7280,636813,PROGRAMAS,Maule,https://transparenciachc.blob.core.windows.net/oc-da/Instituciones_compradoras.zip,2026-03-04T17:59:21.648688+00:00
4300df7ab98d8bebded09129a35c7d1d5c4ed7fb05a3c242d7b042d9c911d1a2,1408,"GOB. CENTRAL, UNIVERSIDADES",DELEGACIÓN PRESIDENCIAL PROVINCIAL DE CAUQUENES,7281,2509,DELEGACION PRESIDENCIAL PROVINCIAL DE CAUQUENES,Maule,https://transparenciachc.blob.core.windows.net/oc-da/Instituciones_compradoras.zip,2026-03-04T17:59:21.648688+00:00
ef38c107d2639d4daad25b685a98a170a2c7bb838de6cb82aff4827e00993efe,0738,"GOB. CENTRAL, UNIVERSIDADES",DELEGACIÓN PRESIDENCIAL PROVINCIAL DE LINARES,7282,3042,DELEGACIÓN PRESIDENCIAL PROVINCIAL DE LINARES,Maule,https://transparenciachc.blob.core.windows.net/oc-da/Instituciones_compradoras.zip,2026-03-04T17:59:21.648688+00:00
d668c89b3d92129536c1d86ed48c7f163bb504dfa044b1fc057245b248f3f97b,1025,"GOB. CENTRAL, UNIVERSIDADES",DELEGACIÓN PRESIDENCIAL PROVINCIAL DE OSORNO,7283,2511,DELEGACIÓN PRESIDENCIAL PROVINCIAL DE OSORNO,Los Lagos,https://transparenciachc.blob.core.windows.net/oc-da/Instituciones_compradoras.zip,2026-03-04T17:59:21.648688+00:00
8aa53ca8c72d3e9d5527cf609d43bc13fe7ddbdf2ad9a1e708a52570ffc4ad2c,1319,"GOB. CENTRAL, UNIVERSIDADES",DELEGACIÓN PRESIDENCIAL PROVINCIAL DE CORDILLERA,7284,550352,ORASMI,Metropolitana,https://transparenciachc.blob.core.windows.net/oc-da/Instituciones_compradoras.zip,2026-03-04T17:59:21.648688+00:00
602d0c2fa0d10881d1af37aadbe37f257a5d0ec5a6634c4c32209576bb8c5ec0,2194,SALUD,SERVICIO NACIONAL DE SALUD HOSPITAL DE COELEMU,7285,3048,SERVICIO DE SALUD ÑUBLE - HOSPITAL DE COELEMU,Ñuble,https://transparenciachc.blob.core.windows.net/oc-da/Instituciones_compradoras.zip,2026-03-04T17:59:21.648688+00:00
00ff7fe12c1318ddd9c5ca2d095604af7eaf7bc9803e981cff25a0d411977124,0436,"GOB. CENTRAL, UNIVERSIDADES",DELEGACIÓN PRESIDENCIAL PROVINCIAL DE CHOAPA,7286,3049,GOBERNACIÓN  PROVINCIAL DE CHOAPA,Coquimbo,https://transparenciachc.blob.core.windows.net/oc-da/Instituciones_compradoras.zip,2026-03-04T17:59:21.648688+00:00
6ee261631dbd3fb8fdb332de9dd041f47d6e486f28cf88c886f603a9e935ec24,2261,SALUD,SERVICIO NACIONAL DE SALUD HOSPITAL DE PUERTO OCTAY,7287,3054,HOSPITAL DE PUERTO OCTAY,Los Lagos,https://transparenciachc.blob.core.windows.net/oc-da/Instituciones_compradoras.zip,2026-03-04T17:59:21.648688+00:00
685f06d01c5627876bf997a216a9ae580c3df9335f132a8b530c981613072048,2296,SALUD,SERVICIO SALUD ARAUCANIA NORTE HOSPITAL VICTORIA,7288,3056,HOSPITAL VICTORIA,Araucanía,https://transparenciachc.blob.core.windows.net/oc-da/Instituciones_compradoras.zip,2026-03-04T17:59:21.648688+00:00
d2dcb8a293fd61a2c6d351e2caed0ee5a63ccb9efe295c18b4938f061af3aa88,2369,SALUD,SERVICIO NACIONAL ARAUCANIA SUR HOSPITAL DR ABRAHAM GODOY PENA LAUTARO,7289,2519,HOSPITAL DR. ABRAHAM GODOY PEÑA,Araucanía,https://transparenciachc.blob.core.windows.net/oc-da/Instituciones_compradoras.zip,2026-03-04T17:59:21.648688+00:00
9030e95306f63863ad685e299925d5d669e5ff3bde446562ae98c6164984550a,2407,SALUD,HOSPITAL GALVARINO,7290,3061,HOSPITAL GALVARINO,Araucanía,https://transparenciachc.blob.core.windows.net/oc-da/Instituciones_compradoras.zip,2026-03-04T17:59:21.648688+00:00
0c5cdacdeb9efa8e3f72a22f3dfa3b0927ca486e3598f473fd66fd17cb887fc3,2244,SALUD,SERVICIO SALUD ARAUCANIA SUR HOSPIT DR EDUARDO GONZALEZ GALENO CUNCO,7291,3062,HOSPITAL DE CUNCO,Araucanía,https://transparenciachc.blob.core.windows.net/oc-da/Instituciones_compradoras.zip,2026-03-04T17:59:21.648688+00:00
9fbdc23dbe08b8bb3e2dc22bf972bc6c6c676d41edb64bc33b4b57f6c21a51d9,1105,"GOB. CENTRAL, UNIVERSIDADES",GOBERNACION PROVINCIAL DE COYHAIQUE,7292,921610,COMPLEJO FRONTERIZO,Aysén,https://transparenciachc.blob.core.windows.net/oc-da/Instituciones_compradoras.zip,2026-03-04T17:59:21.648688+00:00
42c44bae05bddaa140d72cfddc32d4f8069efba2b137fd7c974e6cea99bd8aa6,1012,SALUD,SERVICIO DE SALUD METROPOLITANO SUR HOSP,7293,3064,HOSPITAL BARROS LUCO TRUDEAU,Metropolitana,https://transparenciachc.blob.core.windows.net/oc-da/Instituciones_compradoras.zip,2026-03-04T17:59:21.648688+00:00
b68d5d02cb5b38c2a50d1668fca9936a27e38a79155c734c0234ae2ad79fc868,6009,MUNICIPALIDADES,I MUNICIPALIDAD DE ALGARROBO,7294,876707,BIENESTAR CESFAM ALGARROBO,Valparaíso,https://transparenciachc.blob.core.windows.net/oc-da/Instituciones_compradoras.zip,2026-03-04T17:59:21.648688+00:00
3d04864b6aa5e7b5e2deb778d44df338e940d55c2943adcccd8ae4e1d3347a77,2005,SALUD,DIRECCION SERVICIO DE SALUD TALCAHUANO,7295,788305,CESFAM LIRQUEN,Bío-Bío,https://transparenciachc.blob.core.windows.net/oc-da/Instituciones_compradoras.zip,2026-03-04T17:59:21.648688+00:00
ad3f677fd4100b346d242c1c6d14fd6a2f34f1bd1ea5496195630f7da4be2f40,6000,SALUD,SERVICIO DE SALUD OSORNO,7296,931768,MÓDULO PROYECTOS DE INVERSION,Los Lagos,https://transparenciachc.blob.core.windows.net/oc-da/Instituciones_compradoras.zip,2026-03-04T17:59:21.648688+00:00
7d0aab1c252ff6695e1a1a965abf215c2641ed9e0a7535f195c9ce2d1dde7feb,9018,SALUD,HOSPITAL CLINICO DE MAGALLANES DR. LAUTARO NAVARRO AVARIA,7297,5992,MISCELANEOS,Magallanes y Antártica,https://transparenciachc.blob.core.windows.net/oc-da/Instituciones_compradoras.zip,2026-03-04T17:59:21.648688+00:00
6d5f661b94e14af8ee31030c483381eb91d43be49fd50740e6a2085651c2c41d,8402,SALUD,INSTITUTO NACIONAL DEL TORAX,7298,6268,"INSTITUTO NACIONAL DEL TORAX, RECURSOS FISICOS",Metropolitana,https://transparenciachc.blob.core.windows.net/oc-da/Instituciones_compradoras.zip,2026-03-04T17:59:21.648688+00:00
bd749458404226ecfd073a75050113dfdde5083282d2971f488fc8cc0cd76587,0700,MUNICIPALIDADES,I MUNICIPALIDAD DE PARRAL,94459,5078,DEPARTAMENTO DE EDUCACION,Maule,https://transparenciachc.blob.core.windows.net/oc-da/Instituciones_compradoras.zip,2026-03-04T17:59:21.648688+00:00
98ed1c5318cfc3ec748cbf6d1c07aba22ad756a41784d6b1cbb75dabd0e30f08,0827,"GOB. CENTRAL, UNIVERSIDADES",GOBERNACIÓN PROVINCIAL DE CONCEPCIÓN,7300,551421,ORASMI 81-O,Bío-Bío,https://transparenciachc.blob.core.windows.net/oc-da/Instituciones_compradoras.zip,2026-03-04T17:59:21.648688+00:00
fda0c9c4c30aacf4504f007c1eac263189d658442762b639b99d078b4e7349c2,3400,MUNICIPALIDADES,ILUSTRE MUNICIPALIDAD DE TORTEL,7301,3037,ILUSTRE MUNICIPALIDAD DE TORTEL,Aysén,https://transparenciachc.blob.core.windows.net/oc-da/Instituciones_compradoras.zip,2026-03-04T17:59:21.648688+00:00
6264d0bf2015658c4fa43ae63bb492cabdbc567f632cd248f068bf15cc2806a9,1001,SALUD,SERVICIO DE SALUD ARAUCANIA NORTE,7302,673555,INFORMATICA Y COMPUTACION,Araucanía,https://transparenciachc.blob.core.windows.net/oc-da/Instituciones_compradoras.zip,2026-03-04T17:59:21.648688+00:00
8983fd4c6950266964c7b9a089b42b76089a505d093923d502ffac9313eaea68,0053,SALUD,SERVICIO DE SALUD NUBLE HOSPITAL DE QUIRIHUE,7303,2516,HOSPITAL DE QUIRIHUE,Ñuble,https://transparenciachc.blob.core.windows.net/oc-da/Instituciones_compradoras.zip,2026-03-04T17:59:21.648688+00:00
84123dd5114f5366247d89b4af0526dc1c15cfb422664a5c4f261e3edaf1c467,8005,MUNICIPALIDADES,I MUNICIPALIDAD DE LOS MUERMOS,7304,5617,MUNICIPALIDAD DE LOS MUERMOS- DIDECO,Los Lagos,https://transparenciachc.blob.core.windows.net/oc-da/Instituciones_compradoras.zip,2026-03-04T17:59:21.648688+00:00
7ce558a2283697a0e9fa55014a8777764dd9031415269a3cb7e89c31a71b9ecf,1020,SALUD,SERVICIO DE SALUD SUR HOSPITAL EXEQUIEL,7305,3053,HOSPITAL DR. EXEQUIEL GONZÁLEZ CORTES,Metropolitana,https://transparenciachc.blob.core.windows.net/oc-da/Instituciones_compradoras.zip,2026-03-04T17:59:21.648688+00:00
ae08067754a7fea0c109073d662037c708dd6e4d3a4691ed1e8ea45aa87e4691,2229,SALUD,SERVICIO DE SALUD ARAUCANIA NORTE HOSPITAL DE ANGOL,7306,3055,HOSPITAL ANGOL,Araucanía,https://transparenciachc.blob.core.windows.net/oc-da/Instituciones_compradoras.zip,2026-03-04T17:59:21.648688+00:00
9d3c2ad65c0a56169b10e8e9724dd4c60bfdc88ee419d03bbeccb0c517a25613,2997,SALUD,SERV SALUD ARAUC SUR HOSP DR ARTURO HILLERNS LARRANAGA DE PTO SAAVEDRA,7307,3060,HOSPITAL PUERTO SAAVEDRA,Araucanía,https://transparenciachc.blob.core.windows.net/oc-da/Instituciones_compradoras.zip,2026-03-04T17:59:21.648688+00:00
e825c621dcaf49cad7a9c34bab42c1e2358c44a8f454767bafb6c3f6641dfce0,3001,SALUD,SERVICIO DE SALUD BIO BIO,7308,988186,SAMU BIOBIO,Bío-Bío,https://transparenciachc.blob.core.windows.net/oc-da/Instituciones_compradoras.zip,2026-03-04T17:59:21.648688+00:00
41d61d324010a69df7bcb4a94f520e25648c0f0afc9703f8b829d4ca48e86df6,1122,"GOB. CENTRAL, UNIVERSIDADES",DELEGACIÓN PRESIDENCIAL PROVINCIAL DE GENERAL CARRERA,7309,620956,COMPLEJO FRONTERIZO JEINIMENI,Aysén,https://transparenciachc.blob.core.windows.net/oc-da/Instituciones_compradoras.zip,2026-03-04T17:59:21.648688+00:00
580ce5752f622e2be1d3c5395ba76d1b1190ead53ffe634dda81fbf6da51598f,9042,SALUD,SERVICIO DE SALUD MAGALLANES HOSPITAL DE PTO NATALES,7310,2536,HOSPITAL DR. AUGUSTO ESSMANN BURGOS,Magallanes y Antártica,https://transparenciachc.blob.core.windows.net/oc-da/Instituciones_compradoras.zip,2026-03-04T17:59:21.648688+00:00
a942f93a877a6bb2c15341bc98290176fc6981041a94d8efd1bc8b29d64f70d4,1047,SALUD,SERVICIO DE SALUD SUR HOSPITAL LUCIO CORDOVA,7311,2543,S. S. METROPOLITANO SUR HOSPITAL DR. LUCIO CÓRDOVA,Metropolitana,https://transparenciachc.blob.core.windows.net/oc-da/Instituciones_compradoras.zip,2026-03-04T17:59:21.648688+00:00
f1ef686bcb4d7025cfc54a44956af2f8fa909b76d6568405c935bc1d9381de4c,4029,SALUD,SERVICIO DE SALUD COQUIMBO HOSPITAL LA SERENA,7312,3100,HOSPITAL LA SERENA,Coquimbo,https://transparenciachc.blob.core.windows.net/oc-da/Instituciones_compradoras.zip,2026-03-04T17:59:21.648688+00:00
6224bb9f5c1f531422135d23a136d0ce76484235a26b4d4e9c166bc5842275c0,1486,SALUD,SERVICIO DE SALUD HOSPITAL DE SANTA CRUZ,7314,3102,HOSPITAL DE SANTA CRUZ,Lib. Gral. Bdo. O'Higgins,https://transparenciachc.blob.core.windows.net/oc-da/Instituciones_compradoras.zip,2026-03-04T17:59:21.648688+00:00
bb9d965579619602a32536d5443d1d04bb45c159ba767cdeeba946b876092d77,2013,SALUD,SERVICIO DE SALUD TALCAHUANO HOSPITAL DE,7315,5921,HOSPITAL DE TOMÉ - SUPER ARTE,Bío-Bío,https://transparenciachc.blob.core.windows.net/oc-da/Instituciones_compradoras.zip,2026-03-04T17:59:21.648688+00:00
4ec83a677446563610e02ddb86d90f68fbbd10d7ddded39845fa6a0a06d3492e,2043,SALUD,SERVICIO DE SALUD OCCIDENTE HOSPITAL SAN JUAN DE DIOS,7316,2637,SERVICIO DE SALUD OCCIDENTE HOSPITAL SAN JUAN DE D,Metropolitana,https://transparenciachc.blob.core.windows.net/oc-da/Instituciones_compradoras.zip,2026-03-04T17:59:21.648688+00:00
e8f4f42091c84c824fcdbfc15b6bf89dc717ed6391c437eddc32a4fa484adffa,1030,SALUD,CENTRO DE REFERENCIA DE SALUD DE MAIPU,7317,3110,DEPARTAMENTO DE ABASTECIMIENTO,Metropolitana,https://transparenciachc.blob.core.windows.net/oc-da/Instituciones_compradoras.zip,2026-03-04T17:59:21.648688+00:00
375631e035a64696b2342f6267dc674e7a1d164bebc16586830f24aa2bd5de48,2040,SALUD,HOSPITAL SANTA JUANA,7318,2646,HOSPITAL SANTA JUANA,Bío-Bío,https://transparenciachc.blob.core.windows.net/oc-da/Instituciones_compradoras.zip,2026-03-04T17:59:21.648688+00:00
84c3e39a246e6a95d879d22e66fd765c925ddaa18d1d943e7d2e350e91783e42,1006,"GOB. CENTRAL, UNIVERSIDADES",UNIVERSIDAD DE LA SERENA,7319,6329,UNIVERSIDAD DE LA SERENA,Coquimbo,https://transparenciachc.blob.core.windows.net/oc-da/Instituciones_compradoras.zip,2026-03-04T17:59:21.648688+00:00
850e3b1618025732f66d8b4f741b37d0692f40453ae3dffa1707078dcaa33eaf,5026,SALUD,COMPLEJO ASISTENCIAL DR. SOTERO DEL RIO,7320,6484,UNIDAD DE PROTESIS Y OXIGENO,Metropolitana,https://transparenciachc.blob.core.windows.net/oc-da/Instituciones_compradoras.zip,2026-03-04T17:59:21.648688+00:00
e532fae37e7628fbfa16992a8b2b52e9c9804b5fd744d4a4ef1cbcf335c19b4e,7007,MUNICIPALIDADES,I MUNICIPALIDAD DE TEMUCO,7321,813170,MUNICIPALIDAD DE TEMUCO- CEMENTERIO,Araucanía,https://transparenciachc.blob.core.windows.net/oc-da/Instituciones_compradoras.zip,2026-03-04T17:59:21.648688+00:00
26e0374f48bbb31f406e62a3c4f09e65d312d997ed731f8f897844bf42387e06,1017,"GOB. CENTRAL, UNIVERSIDADES",GOBERNACION PROVINCIAL DE VALDIVIA,7322,550622,ORASMI,Los Ríos,https://transparenciachc.blob.core.windows.net/oc-da/Instituciones_compradoras.zip,2026-03-04T17:59:21.648688+00:00
93a352bee49ad0b1e217e31e8bd1512da81914c5d90d60cd96e7a8550fc613b8,4088,SALUD,SERVICIO SALUD COQUIMBO HOSP DE SALAMANC,7323,2656,SERVICIO SALUD COQUIMBO HOSP DE SALAMANC,Coquimbo,https://transparenciachc.blob.core.windows.net/oc-da/Instituciones_compradoras.zip,2026-03-04T17:59:21.648688+00:00
f7fd2d1369fe7d67c3d785b8b84fa2bc8cfc50e11492a43ee8371d8417bfaad0,1893,SALUD,HOSPITAL GUILLERMO GRANT BENAVENTE DE CO,7324,886954,ABASTECIMIENTO INSUMOS,Bío-Bío,https://transparenciachc.blob.core.windows.net/oc-da/Instituciones_compradoras.zip,2026-03-04T17:59:21.648688+00:00
dbe61a5f51cad9f77f9c8cd296b3d2308abe188ee10cfb511e77e0e5f34f246b,8000,MUNICIPALIDADES,I MUNICIPALIDAD DE RECOLETA,7325,3678,LICEO JUANITA FERNANDEZ SOLAR,Metropolitana,https://transparenciachc.blob.core.windows.net/oc-da/Instituciones_compradoras.zip,2026-03-04T17:59:21.648688+00:00
04306d02cff2fea6162b33658d989b6cefc4269f2167ac58a25600934e372803,0016,MUNICIPALIDADES,I MUNICIPALIDAD DE RECOLETA,7325,3366,ADQUISICIONES CEMENTERIO,Metropolitana,https://transparenciachc.blob.core.windows.net/oc-da/Instituciones_compradoras.zip,2026-03-04T17:59:21.648688+00:00
cb4652ca3e70251884406b2a22ee5e8df326e6562db0f3d7025be0337300bd52,6049,SALUD,SERV SALUD METROPOLITANO CENTRAL HOSPITAL CLINICO SAN BORJA ARRIARAN,7326,831756,LICITACIONES Y CONVENIOS,Metropolitana,https://transparenciachc.blob.core.windows.net/oc-da/Instituciones_compradoras.zip,2026-03-04T17:59:21.648688+00:00
45b00e4dfa1ff6cd3a312ddc7df3a2f85123bb5a568d609c51549f5d16e64c49,6027,SALUD,SERVICIO DE SALUD OSORNO HOSPITAL PURRANQUE,7327,3139,HOSPITAL DE PURRANQUE,Los Lagos,https://transparenciachc.blob.core.windows.net/oc-da/Instituciones_compradoras.zip,2026-03-04T17:59:21.648688+00:00
51017fa2f2a8deb3db59dfbd597dd13a55ac733f38fc9fb30ddb0645571fc8ca,9000,MUNICIPALIDADES,ILUSTRE MUNICIPALIDAD DE ALTO DEL CARMEN,7328,4253,DEPARTAMENTO DE SALUD - D.S.M.,Atacama,https://transparenciachc.blob.core.windows.net/oc-da/Instituciones_compradoras.zip,2026-03-04T17:59:21.648688+00:00
0c8faf0c826357d85ff37d0d5094d2fe26fefe6e80eace364ec1a1d422cbe876,4010,SALUD,SERVICIO DE SALUD COQUIMBO HOSPITAL VICUNA,7329,2669,HOSPITAL VICUÑA,Coquimbo,https://transparenciachc.blob.core.windows.net/oc-da/Instituciones_compradoras.zip,2026-03-04T17:59:21.648688+00:00
977c84c3a3508071a06941a89120c699f607f2e2c1d29429093f871265fabd10,4061,SALUD,SERVICIO DE SALUD COQUIMBO HOSPITAL COMB,7330,3142,HOSPITAL COMBARBALÁ,Coquimbo,https://transparenciachc.blob.core.windows.net/oc-da/Instituciones_compradoras.zip,2026-03-04T17:59:21.648688+00:00
1fcdcf22c2bf5ae1293c81c88293640f1c3eb31e739c7f36e9ef8e5026f42e77,5003,SALUD,HOSPITAL PADRE ALBERTO HURTADO,7331,3500,SERVICIO DE BIENESTAR DEL HOSPITAL PADRE HURTADO,Metropolitana,https://transparenciachc.blob.core.windows.net/oc-da/Instituciones_compradoras.zip,2026-03-04T17:59:21.648688+00:00
a72bf4b64cd012a10db8cb2cfb394605b1cf5e827f44cf94b4043a6e26cbf274,2016,SALUD,SERVICIO NACIONAL DE SALUD HOSPITAL DE CORONEL,7332,2673,HOSPITAL SAN JOSÉ DE CORONEL,Bío-Bío,https://transparenciachc.blob.core.windows.net/oc-da/Instituciones_compradoras.zip,2026-03-04T17:59:21.648688+00:00
1d7d282a252bf244ed9140ec102c84602dfe25f1904542e4f638087295004883,2792,SALUD,SERVICIO NACIONAL DE SALUD HOSPITAL DE PUERTO AYSEN,7335,2676,HOSPITAL PUERTO AYSÉN,Aysén,https://transparenciachc.blob.core.windows.net/oc-da/Instituciones_compradoras.zip,2026-03-04T17:59:21.648688+00:00
f1ea92a0b5c34e33dbf1a61406b2d8fbd1c377a64845c871eecab0e6c3048490,2806,SALUD,SERVICIO NACIONAL DE SALUD HOSPITAL DE C,7340,759035,LICITACIONES Y COMPRA DE SERVICIOS,Aysén,https://transparenciachc.blob.core.windows.net/oc-da/Instituciones_compradoras.zip,2026-03-04T17:59:21.648688+00:00
b8d50c43424dc2e661d5cdd83cf01ae9e98c502969046835631bc81f69840d0d,0149,LEGISLATIVO Y JUDICIAL,CORP ADMINISTRATIVA DEL PODER JUDICIAL,7342,1009884,JUZGADO DE LETRAS DE MOLINA,Maule,https://transparenciachc.blob.core.windows.net/oc-da/Instituciones_compradoras.zip,2026-03-04T17:59:21.648688+00:00
1a2c7e17e27aad6fa5bfc0a83dc0b201435b2bfd2f2004c7bf0f103f527742ec,8005,LEGISLATIVO Y JUDICIAL,CORP ADMINISTRATIVA DEL PODER JUDICIAL,7342,1009885,JUZGADO DE LETRAS DE SAN JAVIER,Maule,https://transparenciachc.blob.core.windows.net/oc-da/Instituciones_compradoras.zip,2026-03-04T17:59:21.648688+00:00
cdfa7925893f6b1c0b4f7d3c4c6cd2e8a95458352aa02ba7382f2fd0337eb752,0021,LEGISLATIVO Y JUDICIAL,CORP ADMINISTRATIVA DEL PODER JUDICIAL,7342,1057128,JUZGADO DE LETRAS DE NUEVA IMPERIAL,Araucanía,https://transparenciachc.blob.core.windows.net/oc-da/Instituciones_compradoras.zip,2026-03-04T17:59:21.648688+00:00
14396789e8328f1f35da70691466d81cc5476eaf14eacab8aabec5a3a04e04f1,0080,LEGISLATIVO Y JUDICIAL,CORP ADMINISTRATIVA DEL PODER JUDICIAL,7342,1069830,JUZGADO DE LETRAS Y GARANTIA DE COLLIPULLI,Araucanía,https://transparenciachc.blob.core.windows.net/oc-da/Instituciones_compradoras.zip,2026-03-04T17:59:21.648688+00:00
e447856384297d6fab50d814917c402b93731aef04f6ef4e36379152f4f799f3,0012,LEGISLATIVO Y JUDICIAL,CORP ADMINISTRATIVA DEL PODER JUDICIAL,7342,1112323,JDO DE LETRAS DE CAUQUENES,Maule,https://transparenciachc.blob.core.windows.net/oc-da/Instituciones_compradoras.zip,2026-03-04T17:59:21.648688+00:00
d6c46633d64c8145184d2ecfaee32d958c99966200dc0d9bd3f9181f12ed5177,8500,LEGISLATIVO Y JUDICIAL,CORP ADMINISTRATIVA DEL PODER JUDICIAL,7342,1114504,JUZGADO DE LETRAS FAMILIA Y LABORAL DE TOCOPILLA,Antofagasta,https://transparenciachc.blob.core.windows.net/oc-da/Instituciones_compradoras.zip,2026-03-04T17:59:21.648688+00:00
41ed3dc88a91c2902c9cf11e66fc61fc81e971740fb7c2ea6bf905d554f64620,4018,LEGISLATIVO Y JUDICIAL,CORP ADMINISTRATIVA DEL PODER JUDICIAL,7342,1117069,JDO DE LETRAS Y GARANTIA DE CARAHUE,Araucanía,https://transparenciachc.blob.core.windows.net/oc-da/Instituciones_compradoras.zip,2026-03-04T17:59:21.648688+00:00
b9e4e882e783109ed188668cfeab4bb2dc36070bc050ab2953d4e9049574ea74,0072,LEGISLATIVO Y JUDICIAL,CORP ADMINISTRATIVA DEL PODER JUDICIAL,7342,1117072,JDO DE LETRAS Y GARANTIA DE TRAIGUEN,Araucanía,https://transparenciachc.blob.core.windows.net/oc-da/Instituciones_compradoras.zip,2026-03-04T17:59:21.648688+00:00
16e8a960e3b96866580dcbd4b9b242aead7b19ef86bb1f23416a9afb8d684b6a,0110,LEGISLATIVO Y JUDICIAL,CORP ADMINISTRATIVA DEL PODER JUDICIAL,7342,1178703,JDO DE LETRAS DE LAUTARO,Araucanía,https://transparenciachc.blob.core.windows.net/oc-da/Instituciones_compradoras.zip,2026-03-04T17:59:21.648688+00:00
60fbb176aa45042d6e9c867b0176def22a1e19596c0b97d5684790d51980016b,0145,LEGISLATIVO Y JUDICIAL,CORP ADMINISTRATIVA DEL PODER JUDICIAL,7342,1178789,JDO DE LETRAS DE PITRUFQUEN,Araucanía,https://transparenciachc.blob.core.windows.net/oc-da/Instituciones_compradoras.zip,2026-03-04T17:59:21.648688+00:00
71695a9fd10b9f16ae793fb0b3266c9288b1f8ae99ec80cb4ed3914bcb26f678,0019,LEGISLATIVO Y JUDICIAL,CORP ADMINISTRATIVA DEL PODER JUDICIAL,7342,672035,APROBADORES CENTRAL,Metropolitana,https://transparenciachc.blob.core.windows.net/oc-da/Instituciones_compradoras.zip,2026-03-04T17:59:21.648688+00:00
36d9b45d8e50003aba12d762b4dedb96317e33002f57698da9e4e3b6bff1cd8a,8003,LEGISLATIVO Y JUDICIAL,CORP ADMINISTRATIVA DEL PODER JUDICIAL,7342,662453,JDO DE LETRAS Y GARANTIA DE TALTAL,Antofagasta,https://transparenciachc.blob.core.windows.net/oc-da/Instituciones_compradoras.zip,2026-03-04T17:59:21.648688+00:00
2a7f31e4ab8de278dbfc6134b34fad5000241a9c563854560388a3aa0fe553ba,8003,LEGISLATIVO Y JUDICIAL,CORP ADMINISTRATIVA DEL PODER JUDICIAL,7342,662454,JDO DE GARANTIA DE ANTOFAGASTA,Antofagasta,https://transparenciachc.blob.core.windows.net/oc-da/Instituciones_compradoras.zip,2026-03-04T17:59:21.648688+00:00
c3147548d1adc5254cc30e805fcbdf023fb94135570da03177fdc050356aa9bd,2008,LEGISLATIVO Y JUDICIAL,CORP ADMINISTRATIVA DEL PODER JUDICIAL,7342,662455,JDO DE GARANTIA DE CALAMA,Antofagasta,https://transparenciachc.blob.core.windows.net/oc-da/Instituciones_compradoras.zip,2026-03-04T17:59:21.648688+00:00
b5c505b748a643d69abab26bc7ed15cdd9bb3d79d967257cce1826517e0443be,3004,LEGISLATIVO Y JUDICIAL,CORP ADMINISTRATIVA DEL PODER JUDICIAL,7342,662456,JDO DE GARANTIA DE TOCOPILLA,Antofagasta,https://transparenciachc.blob.core.windows.net/oc-da/Instituciones_compradoras.zip,2026-03-04T17:59:21.648688+00:00
1e9c7d3f336c1e29cd7d853a918a538c994083e599a76e7f75e42313b180084c,2003,LEGISLATIVO Y JUDICIAL,CORP ADMINISTRATIVA DEL PODER JUDICIAL,7342,662457,TOP DE ANTOFAGASTA,Antofagasta,https://transparenciachc.blob.core.windows.net/oc-da/Instituciones_compradoras.zip,2026-03-04T17:59:21.648688+00:00
56c88a2d83e2a3ff364d483fd6b37899dd8086d3c6a280269db9830c7cf7927f,1001,LEGISLATIVO Y JUDICIAL,CORP ADMINISTRATIVA DEL PODER JUDICIAL,7342,662458,TOP DE CALAMA,Antofagasta,https://transparenciachc.blob.core.windows.net/oc-da/Instituciones_compradoras.zip,2026-03-04T17:59:21.648688+00:00
9d8ef07127adcb3c9825fc5c5ac4fab7549f1c541ac0714891958b0ff9fbd734,8405,LEGISLATIVO Y JUDICIAL,CORP ADMINISTRATIVA DEL PODER JUDICIAL,7342,662459,JDO DE FAMILIA DE ANTOFAGASTA,Antofagasta,https://transparenciachc.blob.core.windows.net/oc-da/Instituciones_compradoras.zip,2026-03-04T17:59:21.648688+00:00
dbf51371fc2ea3eb1c0ae23562784c9c3ddf550501126350a2b354ceb273c955,8502,LEGISLATIVO Y JUDICIAL,CORP ADMINISTRATIVA DEL PODER JUDICIAL,7342,662460,JDO DE FAMILIA DE CALAMA,Antofagasta,https://transparenciachc.blob.core.windows.net/oc-da/Instituciones_compradoras.zip,2026-03-04T17:59:21.648688+00:00
5c61dccf2772fb2c54bb3b36dc625119180db098b71dd8966d7e98077877c3d4,9586,LEGISLATIVO Y JUDICIAL,CORP ADMINISTRATIVA DEL PODER JUDICIAL,7342,662462,JDO DE LETRAS DEL TRABAJO DE CALAMA,Antofagasta,https://transparenciachc.blob.core.windows.net/oc-da/Instituciones_compradoras.zip,2026-03-04T17:59:21.648688+00:00
bf59365a1081051f3cde5868979174d5c5d9056114cc040d3823034266a751d7,4009,LEGISLATIVO Y JUDICIAL,CORP ADMINISTRATIVA DEL PODER JUDICIAL,7342,675279,JDO DE GARANTÍA DE NUEVA IMPERIAL,Araucanía,https://transparenciachc.blob.core.windows.net/oc-da/Instituciones_compradoras.zip,2026-03-04T17:59:21.648688+00:00
8d79c0878af8c9fad435e9b8e1758e14abcd7e75946a10b009e2f0864a8cf46e,0100,LEGISLATIVO Y JUDICIAL,CORP ADMINISTRATIVA DEL PODER JUDICIAL,7342,675288,JDO DE GARANTIA DE VICTORIA,Araucanía,https://transparenciachc.blob.core.windows.net/oc-da/Instituciones_compradoras.zip,2026-03-04T17:59:21.648688+00:00
fd4d9b0b30d391b5b95dde4c888b875d0ecb247ede05ebf9df807252701c30aa,6000,LEGISLATIVO Y JUDICIAL,CORP ADMINISTRATIVA DEL PODER JUDICIAL,7342,675836,TOP DE ARICA,Arica y Parinacota,https://transparenciachc.blob.core.windows.net/oc-da/Instituciones_compradoras.zip,2026-03-04T17:59:21.648688+00:00
cfa71a225f67765887004b9f223a5f76dbdaa0b28929a53cc6505ceac0adce1d,8003,LEGISLATIVO Y JUDICIAL,CORP ADMINISTRATIVA DEL PODER JUDICIAL,7342,675840,JDO DE GARANTIA DE ARICA,Arica y Parinacota,https://transparenciachc.blob.core.windows.net/oc-da/Instituciones_compradoras.zip,2026-03-04T17:59:21.648688+00:00
7e3e8439ac74983e393ea3394ad78059fdf0586a993a4ce90fdebbd3c95f972a,8707,LEGISLATIVO Y JUDICIAL,CORP ADMINISTRATIVA DEL PODER JUDICIAL,7342,675843,JDO DE FAMILIA DE ARICA,Arica y Parinacota,https://transparenciachc.blob.core.windows.net/oc-da/Instituciones_compradoras.zip,2026-03-04T17:59:21.648688+00:00
fec812feab8cd3ec9461939907ad3a38a60025268bec618974e6aca25c09b584,9000,LEGISLATIVO Y JUDICIAL,CORP ADMINISTRATIVA DEL PODER JUDICIAL,7342,675878,TOP DE TEMUCO,Araucanía,https://transparenciachc.blob.core.windows.net/oc-da/Instituciones_compradoras.zip,2026-03-04T17:59:21.648688+00:00
d9b8eaaf224e8eb35664c5270b3436b5dd8497d8822bf5401002d990a89b237b,9207,LEGISLATIVO Y JUDICIAL,CORP ADMINISTRATIVA DEL PODER JUDICIAL,7342,675880,JDO DE FAMILIA DE ANGOL,Araucanía,https://transparenciachc.blob.core.windows.net/oc-da/Instituciones_compradoras.zip,2026-03-04T17:59:21.648688+00:00
2a19ef16f26f7c8074396dd5a8e4a0aa0f1fd67528513cda6d46023aaeb0b203,8004,LEGISLATIVO Y JUDICIAL,CORP ADMINISTRATIVA DEL PODER JUDICIAL,7342,675919,JDO DE GARANTIA DE VILLARRICA,Araucanía,https://transparenciachc.blob.core.windows.net/oc-da/Instituciones_compradoras.zip,2026-03-04T17:59:21.648688+00:00
06c689d30d2512e8bc831d842077cea46150281eeb99520bdba20f45e92dba06,6608,LEGISLATIVO Y JUDICIAL,CORP ADMINISTRATIVA DEL PODER JUDICIAL,7342,675928,JDO DE LETRAS DEL TRABAJO DE ARICA,Arica y Parinacota,https://transparenciachc.blob.core.windows.net/oc-da/Instituciones_compradoras.zip,2026-03-04T17:59:21.648688+00:00
337ddbfcdb1afaa9d646e5ca09c040793acfc1f2a07a3ae322da7aba28358fba,9007,LEGISLATIVO Y JUDICIAL,CORP ADMINISTRATIVA DEL PODER JUDICIAL,7342,680471,JDO DE GARANTIA DE TALCA,Maule,https://transparenciachc.blob.core.windows.net/oc-da/Instituciones_compradoras.zip,2026-03-04T17:59:21.648688+00:00
f4d9dc2d6b9fe3fd0580382d25f4e8e5f8489c56971165fe9a910ec0ecc42595,5002,LEGISLATIVO Y JUDICIAL,CORP ADMINISTRATIVA DEL PODER JUDICIAL,7342,680474,JDO DE GARANTIA DE CAUQUENES,Maule,https://transparenciachc.blob.core.windows.net/oc-da/Instituciones_compradoras.zip,2026-03-04T17:59:21.648688+00:00
61b0427de870e4a4b0571c37dfe324c440e176a4f0b4852fc8f9c8fdd1b51f42,1007,LEGISLATIVO Y JUDICIAL,CORP ADMINISTRATIVA DEL PODER JUDICIAL,7342,680477,JDO DE GARANTIA DE CONSTITUCION,Maule,https://transparenciachc.blob.core.windows.net/oc-da/Instituciones_compradoras.zip,2026-03-04T17:59:21.648688+00:00
9e8d026cbf376842c56c881cf4ca468e82ee73dabdb9bc2bac5f3cf46a538ebe,6709,LEGISLATIVO Y JUDICIAL,CORP ADMINISTRATIVA DEL PODER JUDICIAL,7342,680480,JDO DE GARANTIA DE MOLINA,Maule,https://transparenciachc.blob.core.windows.net/oc-da/Instituciones_compradoras.zip,2026-03-04T17:59:21.648688+00:00
eab05a3eb372282cdd4f82e0a411bc835fe1aafcc12e7e6b15181c5795ff7609,4006,LEGISLATIVO Y JUDICIAL,CORP ADMINISTRATIVA DEL PODER JUDICIAL,7342,680482,JDO DE GARANTIA DE PARRAL,Maule,https://transparenciachc.blob.core.windows.net/oc-da/Instituciones_compradoras.zip,2026-03-04T17:59:21.648688+00:00
97c2ccee1879bdceb962ba1b166d0db6913fb4fae0fc8af181cf76d874db3017,4002,LEGISLATIVO Y JUDICIAL,CORP ADMINISTRATIVA DEL PODER JUDICIAL,7342,680486,JDO DE GARANTIA DE SAN JAVIER,Maule,https://transparenciachc.blob.core.windows.net/oc-da/Instituciones_compradoras.zip,2026-03-04T17:59:21.648688+00:00
d8c68f0dcc8a3adaedb391832662011932f82adc1be1ae349deb87c2e0e24ee0,2903,LEGISLATIVO Y JUDICIAL,CORP ADMINISTRATIVA DEL PODER JUDICIAL,7342,680494,JDO DE GARANTIA DE CURICO,Maule,https://transparenciachc.blob.core.windows.net/oc-da/Instituciones_compradoras.zip,2026-03-04T17:59:21.648688+00:00
391aa926672902b86ee007ed305fe3a66da6f5ed5234feb1369717ae089f1d24,5300,LEGISLATIVO Y JUDICIAL,CORP ADMINISTRATIVA DEL PODER JUDICIAL,7342,680497,JDO DE GARANTIA DE LINARES,Maule,https://transparenciachc.blob.core.windows.net/oc-da/Instituciones_compradoras.zip,2026-03-04T17:59:21.648688+00:00
1277b01c7ab25ac5cf6f6bf4153f022b10b4c8218cc334193ee5786f0ea6aab3,2906,LEGISLATIVO Y JUDICIAL,CORP ADMINISTRATIVA DEL PODER JUDICIAL,7342,680499,TOP DE TALCA,Maule,https://transparenciachc.blob.core.windows.net/oc-da/Instituciones_compradoras.zip,2026-03-04T17:59:21.648688+00:00
33552e5e5dede6303486361ffae54e208e8987fb78d7d561954dcd40adfdbe67,0700,LEGISLATIVO Y JUDICIAL,CORP ADMINISTRATIVA DEL PODER JUDICIAL,7342,680503,TOP DE CAUQUENES,Maule,https://transparenciachc.blob.core.windows.net/oc-da/Instituciones_compradoras.zip,2026-03-04T17:59:21.648688+00:00
7e1f2d084ce543f3ab074de817e3747c7c04f08fe8347da06712ee96f63a73bb,0007,LEGISLATIVO Y JUDICIAL,CORP ADMINISTRATIVA DEL PODER JUDICIAL,7342,680504,TOP DE CURICO,Maule,https://transparenciachc.blob.core.windows.net/oc-da/Instituciones_compradoras.zip,2026-03-04T17:59:21.648688+00:00
b344a6c03bde61ce1e05204043d37618bb5dc8a7bbe7a275659dfc490908840c,0309,LEGISLATIVO Y JUDICIAL,CORP ADMINISTRATIVA DEL PODER JUDICIAL,7342,680512,TOP DE LINARES,Maule,https://transparenciachc.blob.core.windows.net/oc-da/Instituciones_compradoras.zip,2026-03-04T17:59:21.648688+00:00
26fda49391cdbde9c65b011ad3a8d38b7e46c9ef382b2052543f280f27b85240,4702,LEGISLATIVO Y JUDICIAL,CORP ADMINISTRATIVA DEL PODER JUDICIAL,7342,680514,JDO DE LETRAS DEL TRABAJO DE TALCA,Maule,https://transparenciachc.blob.core.windows.net/oc-da/Instituciones_compradoras.zip,2026-03-04T17:59:21.648688+00:00
90193feb04340da039a8a42f2dce52b96cd3f60a195aac0665300b839a7ed0be,4605,LEGISLATIVO Y JUDICIAL,CORP ADMINISTRATIVA DEL PODER JUDICIAL,7342,680517,JDO DE LETRAS DEL TRABAJO DE CURICO,Maule,https://transparenciachc.blob.core.windows.net/oc-da/Instituciones_compradoras.zip,2026-03-04T17:59:21.648688+00:00
9193cd2e409261960eaa2b1341bb4c0e761206d50f41ef14174904028d13776b,7107,LEGISLATIVO Y JUDICIAL,CORP ADMINISTRATIVA DEL PODER JUDICIAL,7342,680521,JDO DE FAMILIA DE TALCA,Maule,https://transparenciachc.blob.core.windows.net/oc-da/Instituciones_compradoras.zip,2026-03-04T17:59:21.648688+00:00
4b6578ba2ec7f1d5ed077f6f24faf3b18d0f82f940c10a7ad0df0896b1bd73b4,8308,LEGISLATIVO Y JUDICIAL,CORP ADMINISTRATIVA DEL PODER JUDICIAL,7342,680522,JDO DE FAMILIA DE CURICO,Maule,https://transparenciachc.blob.core.windows.net/oc-da/Instituciones_compradoras.zip,2026-03-04T17:59:21.648688+00:00
3c1e56fcea73571c0613d50998669b581a6b82de7e0312553b969e6b3aceac1e,7301,LEGISLATIVO Y JUDICIAL,CORP ADMINISTRATIVA DEL PODER JUDICIAL,7342,680525,JDO DE FAMILIA DE LINARES,Maule,https://transparenciachc.blob.core.windows.net/oc-da/Instituciones_compradoras.zip,2026-03-04T17:59:21.648688+00:00
617672a7857144999dd064f3715fb6a6cec711d9b03121b75a333f458974c2af,7905,LEGISLATIVO Y JUDICIAL,CORP ADMINISTRATIVA DEL PODER JUDICIAL,7342,680526,JDO DE FAMILIA DE CONSTITUCION,Maule,https://transparenciachc.blob.core.windows.net/oc-da/Instituciones_compradoras.zip,2026-03-04T17:59:21.648688+00:00
d2949c30a71202913eee7388d1b51ed63f8e34b66b5b4d238b0dad5abbef8649,8200,LEGISLATIVO Y JUDICIAL,CORP ADMINISTRATIVA DEL PODER JUDICIAL,7342,680529,JDO DE FAMILIA DE PARRAL,Maule,https://transparenciachc.blob.core.windows.net/oc-da/Instituciones_compradoras.zip,2026-03-04T17:59:21.648688+00:00
4b033b283fff481e0d05ea812d7367a32ac4910f6ec239dbf24ac7b1cd94de81,9006,LEGISLATIVO Y JUDICIAL,CORP ADMINISTRATIVA DEL PODER JUDICIAL,7342,680530,JDO DE LETRAS DE CONSTITUCION,Maule,https://transparenciachc.blob.core.windows.net/oc-da/Instituciones_compradoras.zip,2026-03-04T17:59:21.648688+00:00
fa121431edac84bcf3318417024022cd5d274a9e9b66e2d0d783f99394b6ecb0,6000,LEGISLATIVO Y JUDICIAL,CORP ADMINISTRATIVA DEL PODER JUDICIAL,7342,681006,TOP DE COPIAPO,Atacama,https://transparenciachc.blob.core.windows.net/oc-da/Instituciones_compradoras.zip,2026-03-04T17:59:21.648688+00:00
8edc2f96fee2d31f5dcb64faa0499b415b1568418e721ebc4ab43062bb0545ef,0809,LEGISLATIVO Y JUDICIAL,CORP ADMINISTRATIVA DEL PODER JUDICIAL,7342,681007,JDO DE FAMILIA DE COPIAPO,Atacama,https://transparenciachc.blob.core.windows.net/oc-da/Instituciones_compradoras.zip,2026-03-04T17:59:21.648688+00:00
63c779f94839e2eb517f157da34330ae4c571a19bc4a3745953e1a980ac15bcf,0120,LEGISLATIVO Y JUDICIAL,CORP ADMINISTRATIVA DEL PODER JUDICIAL,7342,681011,JDO DE LETRAS Y GARANTIA DE CHANARAL,Atacama,https://transparenciachc.blob.core.windows.net/oc-da/Instituciones_compradoras.zip,2026-03-04T17:59:21.648688+00:00
8884985eec7d69ce700bd0870623ee05aa17f851ac045e32d53ad2f31063d499,4602,LEGISLATIVO Y JUDICIAL,CORP ADMINISTRATIVA DEL PODER JUDICIAL,7342,681013,JDO DE GARANTIA DE DIEGO DE ALMAGRO,Atacama,https://transparenciachc.blob.core.windows.net/oc-da/Instituciones_compradoras.zip,2026-03-04T17:59:21.648688+00:00
f8882c3df41701d331a9d93f289b59c6f00cb85e7db13a935e757537b778ddf9,7007,LEGISLATIVO Y JUDICIAL,CORP ADMINISTRATIVA DEL PODER JUDICIAL,7342,681014,JDO DE GARANTIA DE COPIAPO,Atacama,https://transparenciachc.blob.core.windows.net/oc-da/Instituciones_compradoras.zip,2026-03-04T17:59:21.648688+00:00
7b2dd5d0b4199d63fb6a3ccd1c4594adf84ec860b7e65c441a30083a424fdcdb,4008,LEGISLATIVO Y JUDICIAL,CORP ADMINISTRATIVA DEL PODER JUDICIAL,7342,681015,JDO DE GARANTIA DE VALLENAR,Atacama,https://transparenciachc.blob.core.windows.net/oc-da/Instituciones_compradoras.zip,2026-03-04T17:59:21.648688+00:00
d5b92e7c1af572c783dd309b8a6c9095a0d1300da57414e4c390dbd2e144c60e,9304,LEGISLATIVO Y JUDICIAL,CORP ADMINISTRATIVA DEL PODER JUDICIAL,7342,681016,JDO DE FAMILIA DE VALLENAR,Atacama,https://transparenciachc.blob.core.windows.net/oc-da/Instituciones_compradoras.zip,2026-03-04T17:59:21.648688+00:00
f4a17adc984d338ff61c40be634cf60912c4098bf6ac1b33a898469227bc1d5f,1401,LEGISLATIVO Y JUDICIAL,CORP ADMINISTRATIVA DEL PODER JUDICIAL,7342,681017,JDO DE LETRAS DEL TRABAJO DE COPIAPO,Atacama,https://transparenciachc.blob.core.windows.net/oc-da/Instituciones_compradoras.zip,2026-03-04T17:59:21.648688+00:00
48db201ec9494cdaf62c19cf965fd3a0da0fd50c16cc3230191ac5d63659c357,4001,LEGISLATIVO Y JUDICIAL,CORP ADMINISTRATIVA DEL PODER JUDICIAL,7342,681918,JDO DE LETRAS DEL TRABAJO DE ANTOFAGASTA,Antofagasta,https://transparenciachc.blob.core.windows.net/oc-da/Instituciones_compradoras.zip,2026-03-04T17:59:21.648688+00:00
026affd1b87254c98875c1e7a4d1ef61bdfad1d4ee5e16226a24891e45ba5e60,4002,LEGISLATIVO Y JUDICIAL,CORP ADMINISTRATIVA DEL PODER JUDICIAL,7342,682250,JDO DE GARANTIA DE VALDIVIA,Los Ríos,https://transparenciachc.blob.core.windows.net/oc-da/Instituciones_compradoras.zip,2026-03-04T17:59:21.648688+00:00
bdce821d2deabe026f6301ee4d3e0bdaa70ab1ce6ac83e6abc50b9b20e00b4ce,3005,LEGISLATIVO Y JUDICIAL,CORP ADMINISTRATIVA DEL PODER JUDICIAL,7342,682251,JDO DE GARANTIA DE OSORNO,Los Lagos,https://transparenciachc.blob.core.windows.net/oc-da/Instituciones_compradoras.zip,2026-03-04T17:59:21.648688+00:00
f1c65ad5ee1f96abe708d212ebbe8c865d0702172d87e4f20f9839c19334c7fe,1002,LEGISLATIVO Y JUDICIAL,CORP ADMINISTRATIVA DEL PODER JUDICIAL,7342,682255,JDO DE GARANTIA DE LA MARIQUINA,Los Ríos,https://transparenciachc.blob.core.windows.net/oc-da/Instituciones_compradoras.zip,2026-03-04T17:59:21.648688+00:00
74962ad7f999d57d46941ad168ed5040c2213675c1c1a8c99daea7adba20896a,4001,LEGISLATIVO Y JUDICIAL,CORP ADMINISTRATIVA DEL PODER JUDICIAL,7342,682256,JDO DE GARANTIA DE RIO NEGRO,Los Lagos,https://transparenciachc.blob.core.windows.net/oc-da/Instituciones_compradoras.zip,2026-03-04T17:59:21.648688+00:00
5b944d61cac37b680ac785a7225b40d0c34e4cbc098cd9bb2d5b2783c45fa801,2009,LEGISLATIVO Y JUDICIAL,CORP ADMINISTRATIVA DEL PODER JUDICIAL,7342,682257,JDO DE GARANTIA DE LOS LAGOS,Los Ríos,https://transparenciachc.blob.core.windows.net/oc-da/Instituciones_compradoras.zip,2026-03-04T17:59:21.648688+00:00
75dd5e7915841bb9f4d83cf6184307af88e3c9857aa8892e9179841f1d4986ea,6700,LEGISLATIVO Y JUDICIAL,CORP ADMINISTRATIVA DEL PODER JUDICIAL,7342,682258,TOP DE VALDIVIA,Los Ríos,https://transparenciachc.blob.core.windows.net/oc-da/Instituciones_compradoras.zip,2026-03-04T17:59:21.648688+00:00
5779c300d1f9a9e1b1ca06c6b7099f68ce285ab03c6181f51d680dfb5a99f91d,9703,LEGISLATIVO Y JUDICIAL,CORP ADMINISTRATIVA DEL PODER JUDICIAL,7342,682259,TOP DE OSORNO,Los Lagos,https://transparenciachc.blob.core.windows.net/oc-da/Instituciones_compradoras.zip,2026-03-04T17:59:21.648688+00:00
52f8faee55ba33c48f34ef93eb832fcf7ac2446d1dec966adab7386807f90ec9,5504,LEGISLATIVO Y JUDICIAL,CORP ADMINISTRATIVA DEL PODER JUDICIAL,7342,682260,JDO DE LETRAS DEL TRABAJO DE OSORNO,Los Lagos,https://transparenciachc.blob.core.windows.net/oc-da/Instituciones_compradoras.zip,2026-03-04T17:59:21.648688+00:00
a21939322688e5d9009d8eba08b7948bc9458e3ba9407ee25ca912d7fc83994b,1902,LEGISLATIVO Y JUDICIAL,CORP ADMINISTRATIVA DEL PODER JUDICIAL,7342,682262,JDO DE FAMILIA DE VALDIVIA,Los Ríos,https://transparenciachc.blob.core.windows.net/oc-da/Instituciones_compradoras.zip,2026-03-04T17:59:21.648688+00:00
f813815ee7e6a991f34dca6383aedda2747524bcaddf86876b37de474ca6b6cb,1805,LEGISLATIVO Y JUDICIAL,CORP ADMINISTRATIVA DEL PODER JUDICIAL,7342,682263,JDO DE FAMILIA DE OSORNO,Los Lagos,https://transparenciachc.blob.core.windows.net/oc-da/Instituciones_compradoras.zip,2026-03-04T17:59:21.648688+00:00
f47a5ad0b4d5b6af0aeac5eaf22334a82c4ce2785cd8717c6ea233243e58f0d0,0132,LEGISLATIVO Y JUDICIAL,CORP ADMINISTRATIVA DEL PODER JUDICIAL,7342,682264,JDO DE LETRAS Y GARANTIA DE LA UNION,Los Ríos,https://transparenciachc.blob.core.windows.net/oc-da/Instituciones_compradoras.zip,2026-03-04T17:59:21.648688+00:00
38133899c42b31a559dcf16a2afc99472f35b8992314f4831a9a64b8c71dafc1,0108,LEGISLATIVO Y JUDICIAL,CORP ADMINISTRATIVA DEL PODER JUDICIAL,7342,682265,JDO DE LETRAS DE LA MARIQUINA,Los Ríos,https://transparenciachc.blob.core.windows.net/oc-da/Instituciones_compradoras.zip,2026-03-04T17:59:21.648688+00:00
305f48c5d592015fb1bcf005a413b6e69cf1bc4554b1a2da1b33373591e2ff07,8006,LEGISLATIVO Y JUDICIAL,CORP ADMINISTRATIVA DEL PODER JUDICIAL,7342,682930,JDO DE GARANTIA DE LOS ANDES,Valparaíso,https://transparenciachc.blob.core.windows.net/oc-da/Instituciones_compradoras.zip,2026-03-04T17:59:21.648688+00:00
ef501b664457f5f5e15c6c6c194d35b78fc6ec2c75225e640538f092894dfb95,4009,LEGISLATIVO Y JUDICIAL,CORP ADMINISTRATIVA DEL PODER JUDICIAL,7342,682931,TOP DE VINA DEL MAR,Valparaíso,https://transparenciachc.blob.core.windows.net/oc-da/Instituciones_compradoras.zip,2026-03-04T17:59:21.648688+00:00
ddfc4cc1bc745cc1a082cbfa31a7fb0a52a0f5507a81a06ac6466b47d6914eeb,7300,LEGISLATIVO Y JUDICIAL,CORP ADMINISTRATIVA DEL PODER JUDICIAL,7342,682932,JDO DE GARANTIA DE VILLA ALEMANA,Valparaíso,https://transparenciachc.blob.core.windows.net/oc-da/Instituciones_compradoras.zip,2026-03-04T17:59:21.648688+00:00
36f90fa9a78a2df625600cc76d1c21a8e802062b2e83f430a67d4e51307f0d85,5408,LEGISLATIVO Y JUDICIAL,CORP ADMINISTRATIVA DEL PODER JUDICIAL,7342,682933,JDO DE FAMILIA DE VILLA ALEMANA,Valparaíso,https://transparenciachc.blob.core.windows.net/oc-da/Instituciones_compradoras.zip,2026-03-04T17:59:21.648688+00:00
cda6e46920ca116eb1f9097c02709276853874292e1a0e9ac52bcfb2fa6ef1dc,5505,LEGISLATIVO Y JUDICIAL,CORP ADMINISTRATIVA DEL PODER JUDICIAL,7342,682934,JDO DE FAMILIA DE QUILPUE,Valparaíso,https://transparenciachc.blob.core.windows.net/oc-da/Instituciones_compradoras.zip,2026-03-04T17:59:21.648688+00:00
7466b82f18c2f047e929dbe0fc88f1db3910ea02abebf61ac9232f8e6ecd2db2,0005,LEGISLATIVO Y JUDICIAL,CORP ADMINISTRATIVA DEL PODER JUDICIAL,7342,682935,JDO DE GARANTIA DE LA CALERA,Valparaíso,https://transparenciachc.blob.core.windows.net/oc-da/Instituciones_compradoras.zip,2026-03-04T17:59:21.648688+00:00
8296c14f914ee6aeb8eb539f8c6dbd6ab5a07d3f3cb1ed9c8187c8aec668a8a1,2003,LEGISLATIVO Y JUDICIAL,CORP ADMINISTRATIVA DEL PODER JUDICIAL,7342,682936,JDO DE GARANTIA DE CASABLANCA,Valparaíso,https://transparenciachc.blob.core.windows.net/oc-da/Instituciones_compradoras.zip,2026-03-04T17:59:21.648688+00:00
a65688344e0d42af0e13f981d944434dd9480f5319b494e9db25e3760da7c66e,1007,LEGISLATIVO Y JUDICIAL,CORP ADMINISTRATIVA DEL PODER JUDICIAL,7342,682937,JDO DE FAMILIA DE LA LIGUA,Valparaíso,https://transparenciachc.blob.core.windows.net/oc-da/Instituciones_compradoras.zip,2026-03-04T17:59:21.648688+00:00
31dbbf233f8e1a9eea8b53aa22ee46fefae955cc7f9bb5a0b6aa7dc8ab6ba102,3003,LEGISLATIVO Y JUDICIAL,CORP ADMINISTRATIVA DEL PODER JUDICIAL,7342,682938,TOP DE LOS ANDES,Valparaíso,https://transparenciachc.blob.core.windows.net/oc-da/Instituciones_compradoras.zip,2026-03-04T17:59:21.648688+00:00
956d99f418e52bed9795cb7161af12a1911c74b4a9d636304298b3cb58b3479b,1104,LEGISLATIVO Y JUDICIAL,CORP ADMINISTRATIVA DEL PODER JUDICIAL,7342,682939,JDO DE FAMILIA DE LOS ANDES,Valparaíso,https://transparenciachc.blob.core.windows.net/oc-da/Instituciones_compradoras.zip,2026-03-04T17:59:21.648688+00:00
daff754e9a6f905a819ee4ee550fded2065e34dcf2108f5a20ea6c846cfba03c,2570,LEGISLATIVO Y JUDICIAL,CORP ADMINISTRATIVA DEL PODER JUDICIAL,7342,682940,JDO DE FAMILIA DE QUILLOTA,Valparaíso,https://transparenciachc.blob.core.windows.net/oc-da/Instituciones_compradoras.zip,2026-03-04T17:59:21.648688+00:00
8263691181b2118fa9fc709df2bb7d73da18b6e61e5e08ffb5d4e38a2e0aef96,5002,LEGISLATIVO Y JUDICIAL,CORP ADMINISTRATIVA DEL PODER JUDICIAL,7342,682941,JDO DE GARANTIA DE VINA DEL MAR,Valparaíso,https://transparenciachc.blob.core.windows.net/oc-da/Instituciones_compradoras.zip,2026-03-04T17:59:21.648688+00:00
d7dfe55eb1f1e2da8ff68a2536ed13813ccdfa216633c88ac1573dd9a8168ffc,6305,LEGISLATIVO Y JUDICIAL,CORP ADMINISTRATIVA DEL PODER JUDICIAL,7342,682942,JDO DE FAMILIA DE LIMACHE,Valparaíso,https://transparenciachc.blob.core.windows.net/oc-da/Instituciones_compradoras.zip,2026-03-04T17:59:21.648688+00:00
8b5c945f7b7c0f64ab5abad0eec623f2ca830f09416f4509289cff053b25ca9f,8000,LEGISLATIVO Y JUDICIAL,CORP ADMINISTRATIVA DEL PODER JUDICIAL,7342,682943,JDO DE GARANTIA DE VALPARAISO,Valparaíso,https://transparenciachc.blob.core.windows.net/oc-da/Instituciones_compradoras.zip,2026-03-04T17:59:21.648688+00:00
eadefe26cde85911a20865d18707232448ee0f00941a0555cf691ce0e184cb80,0219,LEGISLATIVO Y JUDICIAL,CORP ADMINISTRATIVA DEL PODER JUDICIAL,7342,682944,JDO DE LETRAS DE LA CALERA,Valparaíso,https://transparenciachc.blob.core.windows.net/oc-da/Instituciones_compradoras.zip,2026-03-04T17:59:21.648688+00:00
2b5629cb755590ccf14f706315319795f0bc6021e20de102bc35ca48b437eca4,6945,LEGISLATIVO Y JUDICIAL,CORP ADMINISTRATIVA DEL PODER JUDICIAL,7342,682945,JDO COBRANZA LABORAL Y PREVISIONAL DE VALPARAISO,Valparaíso,https://transparenciachc.blob.core.windows.net/oc-da/Instituciones_compradoras.zip,2026-03-04T17:59:21.648688+00:00
f441e03e091db70da80ade311426761e28a6272c383721f908acb0ffe45652bc,8003,LEGISLATIVO Y JUDICIAL,CORP ADMINISTRATIVA DEL PODER JUDICIAL,7342,682946,TOP DE VALPARAISO,Valparaíso,https://transparenciachc.blob.core.windows.net/oc-da/Instituciones_compradoras.zip,2026-03-04T17:59:21.648688+00:00
4bf7b1af6ad17033fcfc74673238f06431327d890ea85111501d1ff81db99d76,3004,LEGISLATIVO Y JUDICIAL,CORP ADMINISTRATIVA DEL PODER JUDICIAL,7342,682947,JDO DE GARANTIA DE QUILLOTA,Valparaíso,https://transparenciachc.blob.core.windows.net/oc-da/Instituciones_compradoras.zip,2026-03-04T17:59:21.648688+00:00
a407a7d5907a09f95f4b63d473bc9f74958832757a314b2ae13f89468754bca1,7008,LEGISLATIVO Y JUDICIAL,CORP ADMINISTRATIVA DEL PODER JUDICIAL,7342,682948,TOP DE SAN ANTONIO,Valparaíso,https://transparenciachc.blob.core.windows.net/oc-da/Instituciones_compradoras.zip,2026-03-04T17:59:21.648688+00:00
e05a6d92c9751d362d8a9ab6b4d382cf74f8411c849feacafd8356bd93271fa3,1201,LEGISLATIVO Y JUDICIAL,CORP ADMINISTRATIVA DEL PODER JUDICIAL,7342,682949,JDO DE FAMILIA DE SAN FELIPE,Valparaíso,https://transparenciachc.blob.core.windows.net/oc-da/Instituciones_compradoras.zip,2026-03-04T17:59:21.648688+00:00
f9063771e3afd3aba6a4b5427543f4a31b7bb7c03146285812ac4a45cdbe189e,0304,LEGISLATIVO Y JUDICIAL,CORP ADMINISTRATIVA DEL PODER JUDICIAL,7342,682950,JDO DE LETRAS DE LA LIGUA,Valparaíso,https://transparenciachc.blob.core.windows.net/oc-da/Instituciones_compradoras.zip,2026-03-04T17:59:21.648688+00:00
5ba046f75830280bd1eff13e494d580328b2a5255959b21d257db31a7b0c253a,4103,LEGISLATIVO Y JUDICIAL,CORP ADMINISTRATIVA DEL PODER JUDICIAL,7342,682951,TOP DE SAN FELIPE,Valparaíso,https://transparenciachc.blob.core.windows.net/oc-da/Instituciones_compradoras.zip,2026-03-04T17:59:21.648688+00:00
fe56352906e6db6c14b066da56ea28d702463dca5222539fba640d2c3d4ab7ce,1406,LEGISLATIVO Y JUDICIAL,CORP ADMINISTRATIVA DEL PODER JUDICIAL,7342,682953,JDO DE FAMILIA DE SAN ANTONIO,Valparaíso,https://transparenciachc.blob.core.windows.net/oc-da/Instituciones_compradoras.zip,2026-03-04T17:59:21.648688+00:00
5958bed6d5377a0e366c5ce567acfc43ddd134fa2e0c3846ffa3fd111c41ac8b,7907,LEGISLATIVO Y JUDICIAL,CORP ADMINISTRATIVA DEL PODER JUDICIAL,7342,682954,JDO DE FAMILIA DE VINA DEL MAR,Valparaíso,https://transparenciachc.blob.core.windows.net/oc-da/Instituciones_compradoras.zip,2026-03-04T17:59:21.648688+00:00
0aac3298a760148595c3e48bb4e936a066a6e920fb768df39b14ad26e72c9024,2602,LEGISLATIVO Y JUDICIAL,CORP ADMINISTRATIVA DEL PODER JUDICIAL,7342,682955,JDO DE LETRAS DEL TRABAJO DE VALPARAISO,Valparaíso,https://transparenciachc.blob.core.windows.net/oc-da/Instituciones_compradoras.zip,2026-03-04T17:59:21.648688+00:00
d03dc23c1ba7d3b7fc622ef5574119c0a0f3825984900154bcd68106eb3e95ec,9002,LEGISLATIVO Y JUDICIAL,CORP ADMINISTRATIVA DEL PODER JUDICIAL,7342,682957,JDO DE GARANTIA DE SAN ANTONIO,Valparaíso,https://transparenciachc.blob.core.windows.net/oc-da/Instituciones_compradoras.zip,2026-03-04T17:59:21.648688+00:00
3405aba621a67cc4e5e9ad1f21c8e43a81ea498d1d21c25e13272135e7c81a73,2008,LEGISLATIVO Y JUDICIAL,CORP ADMINISTRATIVA DEL PODER JUDICIAL,7342,682958,JDO DE GARANTIA DE QUILPUE,Valparaíso,https://transparenciachc.blob.core.windows.net/oc-da/Instituciones_compradoras.zip,2026-03-04T17:59:21.648688+00:00
d65b786b3877a11af2b9f26d332d69a3985f2ca64158416208e791e5f475ef6e,5007,LEGISLATIVO Y JUDICIAL,CORP ADMINISTRATIVA DEL PODER JUDICIAL,7342,682959,JDO DE GARANTIA DE LA LIGUA,Valparaíso,https://transparenciachc.blob.core.windows.net/oc-da/Instituciones_compradoras.zip,2026-03-04T17:59:21.648688+00:00
47827c96dab335c99be2e98dadd0be5a3e8492b09595994adefdc06e6b1f3265,5602,LEGISLATIVO Y JUDICIAL,CORP ADMINISTRATIVA DEL PODER JUDICIAL,7342,682960,JDO DE FAMILIA DE CASABLANCA,Valparaíso,https://transparenciachc.blob.core.windows.net/oc-da/Instituciones_compradoras.zip,2026-03-04T17:59:21.648688+00:00
f0f7ce4b0699e4d6fedf9ea9035d862b7e2fd7d73fe56f4cf9143fbc77e331c8,9007,LEGISLATIVO Y JUDICIAL,CORP ADMINISTRATIVA DEL PODER JUDICIAL,7342,682964,JDO DE GARANTIA DE SAN FELIPE,Valparaíso,https://transparenciachc.blob.core.windows.net/oc-da/Instituciones_compradoras.zip,2026-03-04T17:59:21.648688+00:00
63f668d91d47580b5d21744f97a853be6f36cf72060886c6f70be9c1d9cc7112,4002,LEGISLATIVO Y JUDICIAL,CORP ADMINISTRATIVA DEL PODER JUDICIAL,7342,682965,JDO DE FAMILIA DE VALPARAISO,Valparaíso,https://transparenciachc.blob.core.windows.net/oc-da/Instituciones_compradoras.zip,2026-03-04T17:59:21.648688+00:00
75c534c1b5d60a3b4e68410bc85623948764d3c6f10a12333b10039c77d66633,5405,LEGISLATIVO Y JUDICIAL,CORP ADMINISTRATIVA DEL PODER JUDICIAL,7342,682966,JDO DE GARANTIA DE LIMACHE,Valparaíso,https://transparenciachc.blob.core.windows.net/oc-da/Instituciones_compradoras.zip,2026-03-04T17:59:21.648688+00:00
2e832aaa45f342f8856e97ddf8769faaf75df19ef6c85c4a52b9d130e5a93c09,5006,LEGISLATIVO Y JUDICIAL,CORP ADMINISTRATIVA DEL PODER JUDICIAL,7342,682968,TOP DE QUILLOTA,Valparaíso,https://transparenciachc.blob.core.windows.net/oc-da/Instituciones_compradoras.zip,2026-03-04T17:59:21.648688+00:00
fad5aabb5d368fd0279ddf1b2f553bcd474f36c1fda7299362c1ebc3c9ecd498,0008,LEGISLATIVO Y JUDICIAL,CORP ADMINISTRATIVA DEL PODER JUDICIAL,7342,686610,JDO DE GARANTIA DE LA SERENA,Coquimbo,https://transparenciachc.blob.core.windows.net/oc-da/Instituciones_compradoras.zip,2026-03-04T17:59:21.648688+00:00
770910c77323346f917203cfb5c931ebe0abc975d570c902e96a95637ac4ecd5,6000,LEGISLATIVO Y JUDICIAL,CORP ADMINISTRATIVA DEL PODER JUDICIAL,7342,686611,JDO DE GARANTIA DE COQUIMBO,Coquimbo,https://transparenciachc.blob.core.windows.net/oc-da/Instituciones_compradoras.zip,2026-03-04T17:59:21.648688+00:00
dcbd489d9b03da7a531cd12ac080b98194ef516e9eb71418123126f248aae907,6000,LEGISLATIVO Y JUDICIAL,CORP ADMINISTRATIVA DEL PODER JUDICIAL,7342,686612,JDO DE GARANTIA DE ILLAPEL,Coquimbo,https://transparenciachc.blob.core.windows.net/oc-da/Instituciones_compradoras.zip,2026-03-04T17:59:21.648688+00:00
3d34518f0a8c46dc8f3f5246451025c68194b5cc55ba2691056d2678f16f1488,1100,LEGISLATIVO Y JUDICIAL,CORP ADMINISTRATIVA DEL PODER JUDICIAL,7342,686613,JDO DE GARANTIA DE OVALLE,Coquimbo,https://transparenciachc.blob.core.windows.net/oc-da/Instituciones_compradoras.zip,2026-03-04T17:59:21.648688+00:00
992847dbeb43a64cbd9f4c35b22cd782c934d6e698262178316a81df5bcaa9f3,8900,LEGISLATIVO Y JUDICIAL,CORP ADMINISTRATIVA DEL PODER JUDICIAL,7342,686614,JDO DE GARANTIA DE VICUNA,Coquimbo,https://transparenciachc.blob.core.windows.net/oc-da/Instituciones_compradoras.zip,2026-03-04T17:59:21.648688+00:00
666659f78b066d645f3e164971009981a43f81b684e7db3af9f9422fad03a090,1004,LEGISLATIVO Y JUDICIAL,CORP ADMINISTRATIVA DEL PODER JUDICIAL,7342,686615,TOP DE LA SERENA,Coquimbo,https://transparenciachc.blob.core.windows.net/oc-da/Instituciones_compradoras.zip,2026-03-04T17:59:21.648688+00:00
03ede6173e4a11f0d35698abf9d70f1ad661b1d4e699e0221e34b64cb6341733,0902,LEGISLATIVO Y JUDICIAL,CORP ADMINISTRATIVA DEL PODER JUDICIAL,7342,686616,TOP DE OVALLE,Coquimbo,https://transparenciachc.blob.core.windows.net/oc-da/Instituciones_compradoras.zip,2026-03-04T17:59:21.648688+00:00
8d4d6bfb70bc4f39e55e80c8bf7cc6bd0c7e69c454ae8f58ed820dad5a44decc,2009,LEGISLATIVO Y JUDICIAL,CORP ADMINISTRATIVA DEL PODER JUDICIAL,7342,686617,JDO DE LETRAS DEL TRABAJO DE LA SERENA,Coquimbo,https://transparenciachc.blob.core.windows.net/oc-da/Instituciones_compradoras.zip,2026-03-04T17:59:21.648688+00:00
253cf27ee097d62344b80647cd182827109e07f32e7193b012c3eec6d142a80c,9930,LEGISLATIVO Y JUDICIAL,CORP ADMINISTRATIVA DEL PODER JUDICIAL,7342,686618,JDO DE FAMILIA DE LA SERENA,Coquimbo,https://transparenciachc.blob.core.windows.net/oc-da/Instituciones_compradoras.zip,2026-03-04T17:59:21.648688+00:00
b4af6b9e2f36719b8bbf8c3829fb93d79da065e14a3c3a1129d9f600fe607622,9509,LEGISLATIVO Y JUDICIAL,CORP ADMINISTRATIVA DEL PODER JUDICIAL,7342,686619,JDO DE FAMILIA DE COQUIMBO,Coquimbo,https://transparenciachc.blob.core.windows.net/oc-da/Instituciones_compradoras.zip,2026-03-04T17:59:21.648688+00:00
998c82d4aa58c9c86cb8b848add83d2805b0f635696ebc8d4f4ff735cc8d2f0f,7860,LEGISLATIVO Y JUDICIAL,CORP ADMINISTRATIVA DEL PODER JUDICIAL,7342,686620,JDO DE FAMILIA DE OVALLE,Coquimbo,https://transparenciachc.blob.core.windows.net/oc-da/Instituciones_compradoras.zip,2026-03-04T17:59:21.648688+00:00
e3534b607ab6bb53105908e8c1cc959e64451bee6755c51e5c44d4e7b827aed6,0260,LEGISLATIVO Y JUDICIAL,CORP ADMINISTRATIVA DEL PODER JUDICIAL,7342,686621,JDO DE LETRAS Y GARANTIA DE LOS VILOS,Coquimbo,https://transparenciachc.blob.core.windows.net/oc-da/Instituciones_compradoras.zip,2026-03-04T17:59:21.648688+00:00
547cdea638ceaa3a4ff7c63db658ecd5cdd8c73550479464a6f992adde4373be,2003,LEGISLATIVO Y JUDICIAL,CORP ADMINISTRATIVA DEL PODER JUDICIAL,7342,690128,JDO DE FAMILIA DE IQUIQUE,Tarapacá,https://transparenciachc.blob.core.windows.net/oc-da/Instituciones_compradoras.zip,2026-03-04T17:59:21.648688+00:00
3735e330c9bd5647cb1bfa9ef5ac8e7b16d4fde3d1c89560aeb6e110738dfdc4,3102,LEGISLATIVO Y JUDICIAL,CORP ADMINISTRATIVA DEL PODER JUDICIAL,7342,690129,JDO DE LETRAS Y GARANTIA DE POZO ALMONTE,Tarapacá,https://transparenciachc.blob.core.windows.net/oc-da/Instituciones_compradoras.zip,2026-03-04T17:59:21.648688+00:00
5acea53374d278e4d9b9ebf78e3701b1501810289d09ba5ee72e96053a76a4e7,9601,LEGISLATIVO Y JUDICIAL,CORP ADMINISTRATIVA DEL PODER JUDICIAL,7342,690130,JDO DE GARANTIA DE IQUIQUE,Tarapacá,https://transparenciachc.blob.core.windows.net/oc-da/Instituciones_compradoras.zip,2026-03-04T17:59:21.648688+00:00
266d5efb83dec8d2bbc165d2ef85ba7457f228b2e2fc46708367b30fbd4b7a4d,7007,LEGISLATIVO Y JUDICIAL,CORP ADMINISTRATIVA DEL PODER JUDICIAL,7342,690132,TOP DE IQUIQUE,Tarapacá,https://transparenciachc.blob.core.windows.net/oc-da/Instituciones_compradoras.zip,2026-03-04T17:59:21.648688+00:00
180b99fb8bc4f9f9fae18acd0e9e842299215e53360aeea82da527a35ab564fd,5309,LEGISLATIVO Y JUDICIAL,CORP ADMINISTRATIVA DEL PODER JUDICIAL,7342,699069,JDO DE GARANTIA DE PUNTA ARENAS,Magallanes y Antártica,https://transparenciachc.blob.core.windows.net/oc-da/Instituciones_compradoras.zip,2026-03-04T17:59:21.648688+00:00
1733988b4d22854738b392c662971eea8a2f26906b8bbde3a03560eb32c5d6bb,8250,LEGISLATIVO Y JUDICIAL,CORP ADMINISTRATIVA DEL PODER JUDICIAL,7342,699092,JDO DE FAMILIA DE PUNTA ARENAS,Magallanes y Antártica,https://transparenciachc.blob.core.windows.net/oc-da/Instituciones_compradoras.zip,2026-03-04T17:59:21.648688+00:00
84bca3bc1c185c86841a1b3ec18f5af1159b4754b38b243129c2be5ac31a34d9,2806,LEGISLATIVO Y JUDICIAL,CORP ADMINISTRATIVA DEL PODER JUDICIAL,7342,699100,TOP DE PUNTA ARENAS,Magallanes y Antártica,https://transparenciachc.blob.core.windows.net/oc-da/Instituciones_compradoras.zip,2026-03-04T17:59:21.648688+00:00
df89a3c656891c84f11b418d50c4ffd8220995a9f5a0aad599aa3ca3a0dd5b79,0094,LEGISLATIVO Y JUDICIAL,CORP ADMINISTRATIVA DEL PODER JUDICIAL,7342,700004,DEPARTAMENTO DE BIENESTAR DEL PODER JUDICIAL,Metropolitana,https://transparenciachc.blob.core.windows.net/oc-da/Instituciones_compradoras.zip,2026-03-04T17:59:21.648688+00:00
1a50cf1d9b847156edccf0062a1a508fbe3db181064a9d0bce239269c5f7593b,0055,LEGISLATIVO Y JUDICIAL,CORP ADMINISTRATIVA DEL PODER JUDICIAL,7342,701280,JDO DE LETRAS Y FAMILIA DE SAN CARLOS,Ñuble,https://transparenciachc.blob.core.windows.net/oc-da/Instituciones_compradoras.zip,2026-03-04T17:59:21.648688+00:00
f7a0bad4592e0119b094055c38a28109b004d1791cc0e82599169e5155a6f84e,2002,LEGISLATIVO Y JUDICIAL,CORP ADMINISTRATIVA DEL PODER JUDICIAL,7342,701427,JDO DE GARANTIA DE YUNGAY,Ñuble,https://transparenciachc.blob.core.windows.net/oc-da/Instituciones_compradoras.zip,2026-03-04T17:59:21.648688+00:00
d66602f4b54423fb11f80d79f624a991a44df26ac5d4b00fe61626fd7c23685d,5004,LEGISLATIVO Y JUDICIAL,CORP ADMINISTRATIVA DEL PODER JUDICIAL,7342,701433,TOP DE CHILLAN,Ñuble,https://transparenciachc.blob.core.windows.net/oc-da/Instituciones_compradoras.zip,2026-03-04T17:59:21.648688+00:00
bfbffdc5922ca8ee3cb91b30cb224a78e57add64fae003281bca89d39eb595e6,6208,LEGISLATIVO Y JUDICIAL,CORP ADMINISTRATIVA DEL PODER JUDICIAL,7342,701436,JDO DE FAMILIA DE CHILLAN,Ñuble,https://transparenciachc.blob.core.windows.net/oc-da/Instituciones_compradoras.zip,2026-03-04T17:59:21.648688+00:00
20ad9a962cd248a561eeb5f1310effec4d9e30cf8dd3125e498762604b448a81,1006,LEGISLATIVO Y JUDICIAL,CORP ADMINISTRATIVA DEL PODER JUDICIAL,7342,701438,JDO DE GARANTIA DE SAN CARLOS,Ñuble,https://transparenciachc.blob.core.windows.net/oc-da/Instituciones_compradoras.zip,2026-03-04T17:59:21.648688+00:00
2eaf2e4a134d7b515138eddbb0cc9e476a3d7b7c43b80a4f2377177a879aa5b2,3307,LEGISLATIVO Y JUDICIAL,CORP ADMINISTRATIVA DEL PODER JUDICIAL,7342,701475,JDO DE LETRAS DEL TRABAJO DE CHILLAN,Ñuble,https://transparenciachc.blob.core.windows.net/oc-da/Instituciones_compradoras.zip,2026-03-04T17:59:21.648688+00:00
735ea30097997759efe832c9b2c377434abb25e4e263445240ce67f8651792c9,1000,LEGISLATIVO Y JUDICIAL,CORP ADMINISTRATIVA DEL PODER JUDICIAL,7342,729509,JDO DE GARANTIA DE CONCEPCION,Bío-Bío,https://transparenciachc.blob.core.windows.net/oc-da/Instituciones_compradoras.zip,2026-03-04T17:59:21.648688+00:00
9e2d3f355842fa3c9f0e01dbe413db99b6d28a4292fef01b773e6607de5a0c33,3003,LEGISLATIVO Y JUDICIAL,CORP ADMINISTRATIVA DEL PODER JUDICIAL,7342,729521,JDO DE GARANTIA DE LOS ANGELES,Bío-Bío,https://transparenciachc.blob.core.windows.net/oc-da/Instituciones_compradoras.zip,2026-03-04T17:59:21.648688+00:00
2ae95b736c1b02d4282d1d652bd5ce428af42342c83f81a4a6297d9010c31f92,5000,LEGISLATIVO Y JUDICIAL,CORP ADMINISTRATIVA DEL PODER JUDICIAL,7342,729529,JDO DE GARANTIA DE CANETE,Bío-Bío,https://transparenciachc.blob.core.windows.net/oc-da/Instituciones_compradoras.zip,2026-03-04T17:59:21.648688+00:00
aa39364ef995943e3baebef2a761805ae1bfd41bc98f43e1c41cbd37c8d6182b,4400,LEGISLATIVO Y JUDICIAL,CORP ADMINISTRATIVA DEL PODER JUDICIAL,7342,729531,JDO DE GARANTIA DE TALCAHUANO,Bío-Bío,https://transparenciachc.blob.core.windows.net/oc-da/Instituciones_compradoras.zip,2026-03-04T17:59:21.648688+00:00
63c48bd6a1b32d9e1dd72b50d85f77eef5fa4bf2802a23754a7bbcb64c2a6b50,3800,LEGISLATIVO Y JUDICIAL,CORP ADMINISTRATIVA DEL PODER JUDICIAL,7342,729536,JDO DE GARANTIA DE CHIGUAYANTE,Bío-Bío,https://transparenciachc.blob.core.windows.net/oc-da/Instituciones_compradoras.zip,2026-03-04T17:59:21.648688+00:00
9c78ae8a7bea214534a2ee76fca6d9492e64e25edfc0605abce58475aaff82e6,2007,LEGISLATIVO Y JUDICIAL,CORP ADMINISTRATIVA DEL PODER JUDICIAL,7342,729587,JDO DE GARANTIA DE SAN PEDRO DE LA PAZ,Bío-Bío,https://transparenciachc.blob.core.windows.net/oc-da/Instituciones_compradoras.zip,2026-03-04T17:59:21.648688+00:00
8bb49a214ac8511d6ad52e6eb65774041ec26fbbee1d407e03240b964a286573,7003,LEGISLATIVO Y JUDICIAL,CORP ADMINISTRATIVA DEL PODER JUDICIAL,7342,729591,JDO DE GARANTIA DE TOME,Bío-Bío,https://transparenciachc.blob.core.windows.net/oc-da/Instituciones_compradoras.zip,2026-03-04T17:59:21.648688+00:00
2538264347f2bf017bc0f4d92dc2d59ca6b2124a1c4d288ad9463ca92c22a542,9006,LEGISLATIVO Y JUDICIAL,CORP ADMINISTRATIVA DEL PODER JUDICIAL,7342,729594,JDO DE GARANTIA DE CORONEL,Bío-Bío,https://transparenciachc.blob.core.windows.net/oc-da/Instituciones_compradoras.zip,2026-03-04T17:59:21.648688+00:00
16dce2e8fbf2c4213e14f60818bfd5036042f43361bcedff7fa3f09553296369,0004,LEGISLATIVO Y JUDICIAL,CORP ADMINISTRATIVA DEL PODER JUDICIAL,7342,729598,JDO DE GARANTIA DE ARAUCO,Bío-Bío,https://transparenciachc.blob.core.windows.net/oc-da/Instituciones_compradoras.zip,2026-03-04T17:59:21.648688+00:00
e0ce28469c7f262bf2a631a66c31ef6c18d4eac7b546f37a910de56f91490922,1009,LEGISLATIVO Y JUDICIAL,CORP ADMINISTRATIVA DEL PODER JUDICIAL,7342,729926,TOP DE CONCEPCION,Bío-Bío,https://transparenciachc.blob.core.windows.net/oc-da/Instituciones_compradoras.zip,2026-03-04T17:59:21.648688+00:00
210feadc0bf10382a944675a0ad5a8d102b29258d5964a1b6d8a85348a46bc15,4200,LEGISLATIVO Y JUDICIAL,CORP ADMINISTRATIVA DEL PODER JUDICIAL,7342,729941,TOP DE LOS ANGELES,Bío-Bío,https://transparenciachc.blob.core.windows.net/oc-da/Instituciones_compradoras.zip,2026-03-04T17:59:21.648688+00:00
d4dcf05c84a029ceae1f59464cc4752ad039d43ef9b1d74622a15e750effafce,4707,LEGISLATIVO Y JUDICIAL,CORP ADMINISTRATIVA DEL PODER JUDICIAL,7342,729944,TOP DE CANETE,Bío-Bío,https://transparenciachc.blob.core.windows.net/oc-da/Instituciones_compradoras.zip,2026-03-04T17:59:21.648688+00:00
9ee4e318eba289bcd50b4df1b2170fbef1fb64feeaea4bf0848b8ace50f4e985,4109,LEGISLATIVO Y JUDICIAL,CORP ADMINISTRATIVA DEL PODER JUDICIAL,7342,729997,JDO DE LETRAS DEL TRABAJO DE CONCEPCION,Bío-Bío,https://transparenciachc.blob.core.windows.net/oc-da/Instituciones_compradoras.zip,2026-03-04T17:59:21.648688+00:00
13418c911bec143281ebf267eb4d96aeca2d20cef943c5c0ed0966421bdcde03,3900,LEGISLATIVO Y JUDICIAL,CORP ADMINISTRATIVA DEL PODER JUDICIAL,7342,730010,JDO DE LETRAS DEL TRABAJO DE LOS ANGELES,Bío-Bío,https://transparenciachc.blob.core.windows.net/oc-da/Instituciones_compradoras.zip,2026-03-04T17:59:21.648688+00:00
303c912824445abc445b3b757f8ac69e94478d160a0f38be96b1c0b787e8753d,5002,LEGISLATIVO Y JUDICIAL,CORP ADMINISTRATIVA DEL PODER JUDICIAL,7342,730016,JDO COBRANZA LABORAL Y PREVISIONAL DE CONCEPCION,Bío-Bío,https://transparenciachc.blob.core.windows.net/oc-da/Instituciones_compradoras.zip,2026-03-04T17:59:21.648688+00:00
b0fb617212934695167a484f270fed7567f5ff3067f4a84e3fbacbbcb687f3f2,6909,LEGISLATIVO Y JUDICIAL,CORP ADMINISTRATIVA DEL PODER JUDICIAL,7342,730082,JDO DE FAMILIA DE CONCEPCION,Bío-Bío,https://transparenciachc.blob.core.windows.net/oc-da/Instituciones_compradoras.zip,2026-03-04T17:59:21.648688+00:00
7ddf5ab2479b2fea19f004ae68531adb8f7d6630c964be9a8fad887d394582c0,7808,LEGISLATIVO Y JUDICIAL,CORP ADMINISTRATIVA DEL PODER JUDICIAL,7342,730083,JDO DE FAMILIA DE TALCAHUANO,Bío-Bío,https://transparenciachc.blob.core.windows.net/oc-da/Instituciones_compradoras.zip,2026-03-04T17:59:21.648688+00:00
39c46f1e9beb40df618a7f5914b8f62e72e3126ace8a0ccbb11a94c112330a98,6801,LEGISLATIVO Y JUDICIAL,CORP ADMINISTRATIVA DEL PODER JUDICIAL,7342,730087,JDO DE FAMILIA DE TOME,Bío-Bío,https://transparenciachc.blob.core.windows.net/oc-da/Instituciones_compradoras.zip,2026-03-04T17:59:21.648688+00:00
adf9d606ec2f8d5e6744d86aad0668b4eca0cf7203f7362bf4c21dd3a261ba37,6704,LEGISLATIVO Y JUDICIAL,CORP ADMINISTRATIVA DEL PODER JUDICIAL,7342,730090,JDO DE FAMILIA DE CORONEL,Bío-Bío,https://transparenciachc.blob.core.windows.net/oc-da/Instituciones_compradoras.zip,2026-03-04T17:59:21.648688+00:00
c5e99d704857b679190c3cd091d2eef3581a895e6a159faeae8dc23b1505aecf,7700,LEGISLATIVO Y JUDICIAL,CORP ADMINISTRATIVA DEL PODER JUDICIAL,7342,730101,JDO DE FAMILIA DE LOS ANGELES,Bío-Bío,https://transparenciachc.blob.core.windows.net/oc-da/Instituciones_compradoras.zip,2026-03-04T17:59:21.648688+00:00
760f7bbcdf2b91cefde1b95a2b4c49b6914f20db22ff25d32bacc827627d674c,8006,LEGISLATIVO Y JUDICIAL,CORP ADMINISTRATIVA DEL PODER JUDICIAL,7342,730103,JDO DE FAMILIA DE YUMBEL,Bío-Bío,https://transparenciachc.blob.core.windows.net/oc-da/Instituciones_compradoras.zip,2026-03-04T17:59:21.648688+00:00
0d23b3e53442c1993ba4328212a94a41a8bc8f2ce1b55dd7c64e59a058cacfa7,0205,LEGISLATIVO Y JUDICIAL,CORP ADMINISTRATIVA DEL PODER JUDICIAL,7342,730357,1° JDO DE FAMILIA DE SAN MIGUEL,Araucanía,https://transparenciachc.blob.core.windows.net/oc-da/Instituciones_compradoras.zip,2026-03-04T17:59:21.648688+00:00
9f80b1c53c362f09104fbbc8c8ff68c8f0ccc6155bc2ce863e62d74dc9befb26,8040,LEGISLATIVO Y JUDICIAL,CORP ADMINISTRATIVA DEL PODER JUDICIAL,7342,730377,2° JDO DE FAMILIA DE SAN MIGUEL,Metropolitana,https://transparenciachc.blob.core.windows.net/oc-da/Instituciones_compradoras.zip,2026-03-04T17:59:21.648688+00:00
67d4ce6c70fb1e61b47f83c915bde0d2eedeba202cbfccd0a4c5eae4c6d30c72,0302,LEGISLATIVO Y JUDICIAL,CORP ADMINISTRATIVA DEL PODER JUDICIAL,7342,730391,JDO DE FAMILIA DE BUIN,Metropolitana,https://transparenciachc.blob.core.windows.net/oc-da/Instituciones_compradoras.zip,2026-03-04T17:59:21.648688+00:00
73c1ccace6f3b41343af5e441e7d707af306ae6b3cd316d9ff6bab27a6fa9962,0507,LEGISLATIVO Y JUDICIAL,CORP ADMINISTRATIVA DEL PODER JUDICIAL,7342,730904,JDO DE FAMILIA DE SAN BERNARDO,Metropolitana,https://transparenciachc.blob.core.windows.net/oc-da/Instituciones_compradoras.zip,2026-03-04T17:59:21.648688+00:00
6cbec5ddf8a11524d24101e22fc7ec28c1fced760e2b2d3dd8307105781451d9,0000,LEGISLATIVO Y JUDICIAL,CORP ADMINISTRATIVA DEL PODER JUDICIAL,7342,730909,JDO DE FAMILIA DE PENAFLOR,Metropolitana,https://transparenciachc.blob.core.windows.net/oc-da/Instituciones_compradoras.zip,2026-03-04T17:59:21.648688+00:00
85494b3a8b3acff64abbde9a03360d39b14bb89cc198cfee642376924997dca1,0701,LEGISLATIVO Y JUDICIAL,CORP ADMINISTRATIVA DEL PODER JUDICIAL,7342,730913,JDO DE FAMILIA DE PUENTE ALTO,Metropolitana,https://transparenciachc.blob.core.windows.net/oc-da/Instituciones_compradoras.zip,2026-03-04T17:59:21.648688+00:00
859739f5a2e8e766678379472e4bc9ca12b406860f721bd9f4fa5d741c4e8df3,0906,LEGISLATIVO Y JUDICIAL,CORP ADMINISTRATIVA DEL PODER JUDICIAL,7342,730920,JDO DE FAMILIA DE MELIPILLA,Metropolitana,https://transparenciachc.blob.core.windows.net/oc-da/Instituciones_compradoras.zip,2026-03-04T17:59:21.648688+00:00
9f5236a05f7d7692916015fb91a342027fbdd1526c186ae2b2cef96e552cd3b1,0604,LEGISLATIVO Y JUDICIAL,CORP ADMINISTRATIVA DEL PODER JUDICIAL,7342,731110,JDO DE FAMILIA DE TALAGANTE,Metropolitana,https://transparenciachc.blob.core.windows.net/oc-da/Instituciones_compradoras.zip,2026-03-04T17:59:21.648688+00:00
e36524be6bc8c6ea00d28fa4bd637e11df4ea83b1e48ce9fc6108a378d61823d,5007,LEGISLATIVO Y JUDICIAL,CORP ADMINISTRATIVA DEL PODER JUDICIAL,7342,731120,10° JDO DE GARANTIA DE SANTIAGO,Metropolitana,https://transparenciachc.blob.core.windows.net/oc-da/Instituciones_compradoras.zip,2026-03-04T17:59:21.648688+00:00
e7abd1f8eb5b249c53d5d8379924f812cff8bb3373f6bcdd0d545a0d10ffd7f2,4000,LEGISLATIVO Y JUDICIAL,CORP ADMINISTRATIVA DEL PODER JUDICIAL,7342,731136,11° JDO DE GARANTIA DE SANTIAGO,Metropolitana,https://transparenciachc.blob.core.windows.net/oc-da/Instituciones_compradoras.zip,2026-03-04T17:59:21.648688+00:00
c7dafc96465d6ea250edb0443c594ee3694e17fceaf7068f868781b593c11b48,5708,LEGISLATIVO Y JUDICIAL,CORP ADMINISTRATIVA DEL PODER JUDICIAL,7342,731159,12° JDO DE GARANTIA DE SANTIAGO,Metropolitana,https://transparenciachc.blob.core.windows.net/oc-da/Instituciones_compradoras.zip,2026-03-04T17:59:21.648688+00:00
afdbeec5db070a9864d7e81481e0285f3e0e549c4fc2e56c373b82588b28e6d7,2300,LEGISLATIVO Y JUDICIAL,CORP ADMINISTRATIVA DEL PODER JUDICIAL,7342,731439,JDO DE LETRAS DEL TRABAJO DE IQUIQUE,Tarapacá,https://transparenciachc.blob.core.windows.net/oc-da/Instituciones_compradoras.zip,2026-03-04T17:59:21.648688+00:00
4fb2e1a3a2ac98a85f9f4b8b42f63c0cf9b571bbcb47d749e9e80ee72a88d458,5805,LEGISLATIVO Y JUDICIAL,CORP ADMINISTRATIVA DEL PODER JUDICIAL,7342,731730,JDO DE GARANTIA DE CURACAVI,Metropolitana,https://transparenciachc.blob.core.windows.net/oc-da/Instituciones_compradoras.zip,2026-03-04T17:59:21.648688+00:00
4756c2eec4b054f84b1030313bd4853a7b764077660b95cd8b1b54a0154283fd,5902,LEGISLATIVO Y JUDICIAL,CORP ADMINISTRATIVA DEL PODER JUDICIAL,7342,731754,JDO DE GARANTIA DE MELIPILLA,Metropolitana,https://transparenciachc.blob.core.windows.net/oc-da/Instituciones_compradoras.zip,2026-03-04T17:59:21.648688+00:00
503cf8a82e0a6e35ac9e49246de071b4c6d8313098708b1672348d5f71ff2e60,5600,LEGISLATIVO Y JUDICIAL,CORP ADMINISTRATIVA DEL PODER JUDICIAL,7342,732425,JDO DE GARANTIA DE PUENTE ALTO,Metropolitana,https://transparenciachc.blob.core.windows.net/oc-da/Instituciones_compradoras.zip,2026-03-04T17:59:21.648688+00:00
4ebe63414b61c8507f6bf45ebd64afd4f2f9c443343e70205fdf1401a3d34db2,5007,LEGISLATIVO Y JUDICIAL,CORP ADMINISTRATIVA DEL PODER JUDICIAL,7342,732429,JDO COBRANZA LABORAL Y PREVISIONAL DE SAN MIGUEL,Metropolitana,https://transparenciachc.blob.core.windows.net/oc-da/Instituciones_compradoras.zip,2026-03-04T17:59:21.648688+00:00
98bb2304d99cf9ea08b94959d7e56e8cc1cc5b4ecd883b226948012125c335c5,6003,LEGISLATIVO Y JUDICIAL,CORP ADMINISTRATIVA DEL PODER JUDICIAL,7342,732465,6° TOP DE SANTIAGO,Metropolitana,https://transparenciachc.blob.core.windows.net/oc-da/Instituciones_compradoras.zip,2026-03-04T17:59:21.648688+00:00
c705b27c4c75d0b60db0d5ae7a534ab3ca812218f8f1395cd7a691ca14010d26,8300,LEGISLATIVO Y JUDICIAL,CORP ADMINISTRATIVA DEL PODER JUDICIAL,7342,732476,TOP DE SAN BERNARDO,Metropolitana,https://transparenciachc.blob.core.windows.net/oc-da/Instituciones_compradoras.zip,2026-03-04T17:59:21.648688+00:00
638d65cb0b7202eb18f3764065e7f59aa7dfa82d22851865ae27d27f628c7103,2909,LEGISLATIVO Y JUDICIAL,CORP ADMINISTRATIVA DEL PODER JUDICIAL,7342,732488,TOP DE PUENTE ALTO,Metropolitana,https://transparenciachc.blob.core.windows.net/oc-da/Instituciones_compradoras.zip,2026-03-04T17:59:21.648688+00:00
142209bea56ce6c8ef8aea89dad4c9baf9a10161c48ebede7eb9581ab0097f17,7609,LEGISLATIVO Y JUDICIAL,CORP ADMINISTRATIVA DEL PODER JUDICIAL,7342,732694,TOP DE MELIPILLA,Metropolitana,https://transparenciachc.blob.core.windows.net/oc-da/Instituciones_compradoras.zip,2026-03-04T17:59:21.648688+00:00
7183241a3e464555dc87c64335fb9b7b521661dfc100ade2098b7f4d973495dd,3301,LEGISLATIVO Y JUDICIAL,CORP ADMINISTRATIVA DEL PODER JUDICIAL,7342,732737,TOP DE TALAGANTE,Metropolitana,https://transparenciachc.blob.core.windows.net/oc-da/Instituciones_compradoras.zip,2026-03-04T17:59:21.648688+00:00
548a1b83ea235b894816293d649f32cbc7d475cbbf9d596899afd8276a2b18f0,5709,LEGISLATIVO Y JUDICIAL,CORP ADMINISTRATIVA DEL PODER JUDICIAL,7342,732868,JDO DE LETRAS DEL TRABAJO DE SAN BERNARDO,Metropolitana,https://transparenciachc.blob.core.windows.net/oc-da/Instituciones_compradoras.zip,2026-03-04T17:59:21.648688+00:00
3e0819e5ab320fcba66fea1f53c264a4b848024a2e3bde262d09aba5700298ef,5903,LEGISLATIVO Y JUDICIAL,CORP ADMINISTRATIVA DEL PODER JUDICIAL,7342,732907,JDO DE LETRAS DEL TRABAJO DE SAN MIGUEL,Metropolitana,https://transparenciachc.blob.core.windows.net/oc-da/Instituciones_compradoras.zip,2026-03-04T17:59:21.648688+00:00
11f200e6390ecda227a191e7fc555eac6360e8fab9d37898728393a82890dd50,5601,LEGISLATIVO Y JUDICIAL,CORP ADMINISTRATIVA DEL PODER JUDICIAL,7342,732920,JDO DE LETRAS DEL TRABAJO DE PUENTE ALTO,Metropolitana,https://transparenciachc.blob.core.windows.net/oc-da/Instituciones_compradoras.zip,2026-03-04T17:59:21.648688+00:00
6a37025e270cd0969ddf70c0aaae3bda1fec4269f8933417eb3337547f3285a5,5406,LEGISLATIVO Y JUDICIAL,CORP ADMINISTRATIVA DEL PODER JUDICIAL,7342,739672,JDO DE GARANTIA DE TALAGANTE,Metropolitana,https://transparenciachc.blob.core.windows.net/oc-da/Instituciones_compradoras.zip,2026-03-04T17:59:21.648688+00:00
a1352ec87c26941b3947438fc7eeb81368fcc35e3aea63a9b2b8d0e5bf8a3cf3,6960,LEGISLATIVO Y JUDICIAL,CORP ADMINISTRATIVA DEL PODER JUDICIAL,7342,741256,JDO DE GARANTIA DE COYHAIQUE,Aysén,https://transparenciachc.blob.core.windows.net/oc-da/Instituciones_compradoras.zip,2026-03-04T17:59:21.648688+00:00
ef3ddb06c4299917bfcaed2e3a65a4149989a37774633f54add0bf8eaf465e27,8901,LEGISLATIVO Y JUDICIAL,CORP ADMINISTRATIVA DEL PODER JUDICIAL,7342,741422,JDO DE FAMILIA DE COYHAIQUE,Aysén,https://transparenciachc.blob.core.windows.net/oc-da/Instituciones_compradoras.zip,2026-03-04T17:59:21.648688+00:00
97e44b39717aeb70704f358021f5b09ef3f7f332c29c29a4f7371cb9be2e0f0c,0065,LEGISLATIVO Y JUDICIAL,CORP ADMINISTRATIVA DEL PODER JUDICIAL,7342,741465,JDO DE LETRAS Y GARANTIA DE PUERTO AYSEN,Aysén,https://transparenciachc.blob.core.windows.net/oc-da/Instituciones_compradoras.zip,2026-03-04T17:59:21.648688+00:00
4817040e7756d253dd2fef88af1d29fc00fbff6e4d08f3680040fa00f20e9c68,5806,LEGISLATIVO Y JUDICIAL,CORP ADMINISTRATIVA DEL PODER JUDICIAL,7342,741484,JDO DE LETRAS DEL TRABAJO DE COYHAIQUE,Aysén,https://transparenciachc.blob.core.windows.net/oc-da/Instituciones_compradoras.zip,2026-03-04T17:59:21.648688+00:00
64ac4e458a5aaf6f9fd50f92fe00f29568e66b6f28a225ba92f5b3e6c0d6c9d6,9701,LEGISLATIVO Y JUDICIAL,CORP ADMINISTRATIVA DEL PODER JUDICIAL,7342,741488,TOP DE COYHAIQUE,Aysén,https://transparenciachc.blob.core.windows.net/oc-da/Instituciones_compradoras.zip,2026-03-04T17:59:21.648688+00:00
f5eec485b3650237a2d89c4db420d9d7839b536a55ca6a980356cb79dd04c326,5606,LEGISLATIVO Y JUDICIAL,CORP ADMINISTRATIVA DEL PODER JUDICIAL,7342,743569,JDO DE LETRAS DEL TRABAJO DE PUNTA ARENAS,Magallanes y Antártica,https://transparenciachc.blob.core.windows.net/oc-da/Instituciones_compradoras.zip,2026-03-04T17:59:21.648688+00:00
08fea9538d41b05c5e4e4406371db03637b2aa09da5cb3fa58946e762d1315fa,0010,LEGISLATIVO Y JUDICIAL,CORP ADMINISTRATIVA DEL PODER JUDICIAL,7342,745978,JDO DE LETRAS DE VILLA ALEMANA,Valparaíso,https://transparenciachc.blob.core.windows.net/oc-da/Instituciones_compradoras.zip,2026-03-04T17:59:21.648688+00:00
b35fa91bf1b34ffe42d7391f33dbaf68e450f8e270a5756753c0614aafd84776,4209,LEGISLATIVO Y JUDICIAL,CORP ADMINISTRATIVA DEL PODER JUDICIAL,7342,746483,JDO DE GARANTIA DE SAN BERNARDO,Metropolitana,https://transparenciachc.blob.core.windows.net/oc-da/Instituciones_compradoras.zip,2026-03-04T17:59:21.648688+00:00
8ff6aa257ab3c77714e6af45969109f01051748b11cf366b0bbe8545b25aaef7,5201,LEGISLATIVO Y JUDICIAL,CORP ADMINISTRATIVA DEL PODER JUDICIAL,7342,746874,15° JDO DE GARANTIA DE SANTIAGO,Metropolitana,https://transparenciachc.blob.core.windows.net/oc-da/Instituciones_compradoras.zip,2026-03-04T17:59:21.648688+00:00
4c2d94f9e303f59a5a99345509314b495349dc2993704f206f27997602bad343,2807,LEGISLATIVO Y JUDICIAL,CORP ADMINISTRATIVA DEL PODER JUDICIAL,7342,754670,JDO DE LETRAS DEL TRABAJO DE SAN FELIPE,Valparaíso,https://transparenciachc.blob.core.windows.net/oc-da/Instituciones_compradoras.zip,2026-03-04T17:59:21.648688+00:00
ec1d66a2b75742af6f37636006230ad709038a22c9c7338e6e30391c496d3bb5,3009,LEGISLATIVO Y JUDICIAL,CORP ADMINISTRATIVA DEL PODER JUDICIAL,7342,761987,JDO DE GARANTÍA DE CHILLAN,Ñuble,https://transparenciachc.blob.core.windows.net/oc-da/Instituciones_compradoras.zip,2026-03-04T17:59:21.648688+00:00
06a507e01ecac86554fa2ee29591090ec95ca0a4424f3b49921ebb5c8d35b81f,5001,LEGISLATIVO Y JUDICIAL,CORP ADMINISTRATIVA DEL PODER JUDICIAL,7342,765956,1° JDO DE GARANTÍA DE SANTIAGO,Metropolitana,https://transparenciachc.blob.core.windows.net/oc-da/Instituciones_compradoras.zip,2026-03-04T17:59:21.648688+00:00
63d87916dea9f2ee7ffad640ae04863973546c507bf4ea0eb119edc7496fe46c,1001,LEGISLATIVO Y JUDICIAL,CORP ADMINISTRATIVA DEL PODER JUDICIAL,7342,765961,2° JDO DE GARANTÍA DE SANTIAGO,Metropolitana,https://transparenciachc.blob.core.windows.net/oc-da/Instituciones_compradoras.zip,2026-03-04T17:59:21.648688+00:00
bff7ea89f47862718938e81c5c0de9bd238534b138de423d1c384787bfcc9035,2008,LEGISLATIVO Y JUDICIAL,CORP ADMINISTRATIVA DEL PODER JUDICIAL,7342,765962,3° JDO DE GARANTIA DE SANTIAGO,Metropolitana,https://transparenciachc.blob.core.windows.net/oc-da/Instituciones_compradoras.zip,2026-03-04T17:59:21.648688+00:00
b3793788be282854c8385843e76dec90a34ab7b97d993e3a3d1020310af4f693,5503,LEGISLATIVO Y JUDICIAL,CORP ADMINISTRATIVA DEL PODER JUDICIAL,7342,765963,4° JDO DE GARANTIA DE SANTIAGO,Metropolitana,https://transparenciachc.blob.core.windows.net/oc-da/Instituciones_compradoras.zip,2026-03-04T17:59:21.648688+00:00
56cd67b5a7b05c5f97a8eff43772017aa02f2ee105daffe5da9902518319038f,8000,LEGISLATIVO Y JUDICIAL,CORP ADMINISTRATIVA DEL PODER JUDICIAL,7342,765965,5° JDO DE GARANTIA DE SANTIAGO,Metropolitana,https://transparenciachc.blob.core.windows.net/oc-da/Instituciones_compradoras.zip,2026-03-04T17:59:21.648688+00:00
9c88101cf877d4ce898abeea42d9dc8b95aede2905c1cfe1cd3ba3ee91a3fb4d,6008,LEGISLATIVO Y JUDICIAL,CORP ADMINISTRATIVA DEL PODER JUDICIAL,7342,765966,6° JDO DE GARANTIA DE SANTIAGO,Metropolitana,https://transparenciachc.blob.core.windows.net/oc-da/Instituciones_compradoras.zip,2026-03-04T17:59:21.648688+00:00
ea4fe75752c68d681f095d587a87784ee563397f7c12ecbe444210d74ef8f83d,9007,LEGISLATIVO Y JUDICIAL,CORP ADMINISTRATIVA DEL PODER JUDICIAL,7342,765967,7° JDO DE GARANTIA DE SANTIAGO,Metropolitana,https://transparenciachc.blob.core.windows.net/oc-da/Instituciones_compradoras.zip,2026-03-04T17:59:21.648688+00:00
0a01a3a17fd1ffa8c7017433807622b8a44e632389d1049e48703668789b9371,5309,LEGISLATIVO Y JUDICIAL,CORP ADMINISTRATIVA DEL PODER JUDICIAL,7342,765969,8° JDO DE GARANTIA DE SANTIAGO,Metropolitana,https://transparenciachc.blob.core.windows.net/oc-da/Instituciones_compradoras.zip,2026-03-04T17:59:21.648688+00:00
b72c246372f1b4ad81a100ee478c387a84f6eb34d9a746b119b02614da309d80,4005,LEGISLATIVO Y JUDICIAL,CORP ADMINISTRATIVA DEL PODER JUDICIAL,7342,765971,9° JDO DE GARANTIA DE SANTIAGO,Metropolitana,https://transparenciachc.blob.core.windows.net/oc-da/Instituciones_compradoras.zip,2026-03-04T17:59:21.648688+00:00
eb6ae543f2293a59b490ea37a9e6917f411eafe32def1e4cd8ef2ef204afd813,7004,LEGISLATIVO Y JUDICIAL,CORP ADMINISTRATIVA DEL PODER JUDICIAL,7342,765972,13° JDO DE GARANTIA DE SANTIAGO,Metropolitana,https://transparenciachc.blob.core.windows.net/oc-da/Instituciones_compradoras.zip,2026-03-04T17:59:21.648688+00:00
858698ff43d594fb0009d97489712a32632330fe52d67385921e801e6e91b8b3,3009,LEGISLATIVO Y JUDICIAL,CORP ADMINISTRATIVA DEL PODER JUDICIAL,7342,765973,14° JDO DE GARANTIA DE SANTIAGO,Metropolitana,https://transparenciachc.blob.core.windows.net/oc-da/Instituciones_compradoras.zip,2026-03-04T17:59:21.648688+00:00
be0315997ad99b5afddb8af0260f6fbe87f41dd9176442a81c1c782cea2ae5c2,5104,LEGISLATIVO Y JUDICIAL,CORP ADMINISTRATIVA DEL PODER JUDICIAL,7342,765974,JDO DE GARANTIA DE COLINA,Metropolitana,https://transparenciachc.blob.core.windows.net/oc-da/Instituciones_compradoras.zip,2026-03-04T17:59:21.648688+00:00
be2f170b9569a4345f1893924a62e4aa3009378257a671beace55fe236206e06,6100,LEGISLATIVO Y JUDICIAL,CORP ADMINISTRATIVA DEL PODER JUDICIAL,7342,766031,1° TOP DE SANTIAGO,Metropolitana,https://transparenciachc.blob.core.windows.net/oc-da/Instituciones_compradoras.zip,2026-03-04T17:59:21.648688+00:00
3836b21f50c5eae88622427519b49d6cc9c06e993b55f3a125ffe5f17053be2a,3603,LEGISLATIVO Y JUDICIAL,CORP ADMINISTRATIVA DEL PODER JUDICIAL,7342,766032,2° TOP DE SANTIAGO,Metropolitana,https://transparenciachc.blob.core.windows.net/oc-da/Instituciones_compradoras.zip,2026-03-04T17:59:21.648688+00:00
e2fd1fc236f103a616415b5e1aee155459d2d477d586eafa198cdd571c26c3c4,3107,LEGISLATIVO Y JUDICIAL,CORP ADMINISTRATIVA DEL PODER JUDICIAL,7342,766168,3° TOP DE SANTIAGO,Metropolitana,https://transparenciachc.blob.core.windows.net/oc-da/Instituciones_compradoras.zip,2026-03-04T17:59:21.648688+00:00
2b11231929dcfed69a1e860cb1ef8c74be64483b08dd922c110f743d9c3450ae,3808,LEGISLATIVO Y JUDICIAL,CORP ADMINISTRATIVA DEL PODER JUDICIAL,7342,766171,4° TOP DE SANTIAGO,Metropolitana,https://transparenciachc.blob.core.windows.net/oc-da/Instituciones_compradoras.zip,2026-03-04T17:59:21.648688+00:00
2fdc734962270ab1c9c15c0d993a0fa80042bb5b8b868140e850ccc4e27478cb,3409,LEGISLATIVO Y JUDICIAL,CORP ADMINISTRATIVA DEL PODER JUDICIAL,7342,766175,5° TOP DE SANTIAGO,Metropolitana,https://transparenciachc.blob.core.windows.net/oc-da/Instituciones_compradoras.zip,2026-03-04T17:59:21.648688+00:00
d267aba9a3c77b5f5685dd2e2db62e22473d0a116ceb74f1c50bb4b9e0ba398c,3506,LEGISLATIVO Y JUDICIAL,CORP ADMINISTRATIVA DEL PODER JUDICIAL,7342,766178,7° TOP DE SANTIAGO,Metropolitana,https://transparenciachc.blob.core.windows.net/oc-da/Instituciones_compradoras.zip,2026-03-04T17:59:21.648688+00:00
12ea0a204bac4ca924dc3b7bc6655ace6c2fe26b8afb7e27cb727aed1493f82a,3700,LEGISLATIVO Y JUDICIAL,CORP ADMINISTRATIVA DEL PODER JUDICIAL,7342,766180,TOP DE COLINA,Metropolitana,https://transparenciachc.blob.core.windows.net/oc-da/Instituciones_compradoras.zip,2026-03-04T17:59:21.648688+00:00
b3a8fa925466cb91086afcf000a55d39256f0209f1b69bd57d8d80ea9521a874,5407,LEGISLATIVO Y JUDICIAL,CORP ADMINISTRATIVA DEL PODER JUDICIAL,7342,766182,1° JDO DE LETRAS DEL TRABAJO DE SANTIAGO,Metropolitana,https://transparenciachc.blob.core.windows.net/oc-da/Instituciones_compradoras.zip,2026-03-04T17:59:21.648688+00:00
310c0303142b4735a54851f9db4746539da4ce01ed24159294d5bb59fda4279d,9530,LEGISLATIVO Y JUDICIAL,CORP ADMINISTRATIVA DEL PODER JUDICIAL,7342,766184,2° JDO DE LETRAS DEL TRABAJO DE SANTIAGO,Metropolitana,https://transparenciachc.blob.core.windows.net/oc-da/Instituciones_compradoras.zip,2026-03-04T17:59:21.648688+00:00
6d9da69b678e19b84e065d77be60dc4e06c978c608c4009f64e2e5411dfd1b5d,4901,LEGISLATIVO Y JUDICIAL,CORP ADMINISTRATIVA DEL PODER JUDICIAL,7342,766402,JDO COBRANZA LABORAL Y PREVISIONAL DE SANTIAGO,Metropolitana,https://transparenciachc.blob.core.windows.net/oc-da/Instituciones_compradoras.zip,2026-03-04T17:59:21.648688+00:00
d654a8693c3216acd05a855fa699eb16d367668d8174ce2c38ca401144527578,0302,LEGISLATIVO Y JUDICIAL,CORP ADMINISTRATIVA DEL PODER JUDICIAL,7342,766404,1° JDO DE FAMILIA DE SANTIAGO,Metropolitana,https://transparenciachc.blob.core.windows.net/oc-da/Instituciones_compradoras.zip,2026-03-04T17:59:21.648688+00:00
001e853185ac2fa406ee77823a080256142aabcff745fdac48439a0ead05d4cb,9908,LEGISLATIVO Y JUDICIAL,CORP ADMINISTRATIVA DEL PODER JUDICIAL,7342,766405,2° JDO DE FAMILIA DE SANTIAGO,Metropolitana,https://transparenciachc.blob.core.windows.net/oc-da/Instituciones_compradoras.zip,2026-03-04T17:59:21.648688+00:00
674c3395e67c59706f6523d63fca0780568304c685ec6f07786cbfd93f824642,6801,LEGISLATIVO Y JUDICIAL,CORP ADMINISTRATIVA DEL PODER JUDICIAL,7342,766406,3° JDO DE FAMILIA DE SANTIAGO,Metropolitana,https://transparenciachc.blob.core.windows.net/oc-da/Instituciones_compradoras.zip,2026-03-04T17:59:21.648688+00:00
bb90a5292dd49ffee3438ee0ae0f4eb4ec2943dfc577713b7d38e3b72143c909,9606,LEGISLATIVO Y JUDICIAL,CORP ADMINISTRATIVA DEL PODER JUDICIAL,7342,766409,4° JDO DE FAMILIA DE SANTIAGO,Metropolitana,https://transparenciachc.blob.core.windows.net/oc-da/Instituciones_compradoras.zip,2026-03-04T17:59:21.648688+00:00
dc3a7d3138f50f20bfa6aaaea0370260a90ad096e29086a3afb0463a079556ec,9002,LEGISLATIVO Y JUDICIAL,CORP ADMINISTRATIVA DEL PODER JUDICIAL,7342,766411,JDO DE FAMILIA DE PUDAHUEL,Metropolitana,https://transparenciachc.blob.core.windows.net/oc-da/Instituciones_compradoras.zip,2026-03-04T17:59:21.648688+00:00
756862dcbf9121ffad9363f574928762ceebbb96b091eff1f46d4ce776a12d78,7910,LEGISLATIVO Y JUDICIAL,CORP ADMINISTRATIVA DEL PODER JUDICIAL,7342,766415,JDO DE FAMILIA DE COLINA,Metropolitana,https://transparenciachc.blob.core.windows.net/oc-da/Instituciones_compradoras.zip,2026-03-04T17:59:21.648688+00:00
479e19b0cc02383918ebb06b98c8b03eba48370875d9860f381ea02dd82d9c84,9500,LEGISLATIVO Y JUDICIAL,CORP ADMINISTRATIVA DEL PODER JUDICIAL,7342,766900,JDO DE LETRAS DE COLINA,Metropolitana,https://transparenciachc.blob.core.windows.net/oc-da/Instituciones_compradoras.zip,2026-03-04T17:59:21.648688+00:00
18dc2442958e993bd626ab6aa5c7d3e31531ce8fd33e3b384357c206319902fc,7102,LEGISLATIVO Y JUDICIAL,CORP ADMINISTRATIVA DEL PODER JUDICIAL,7342,768547,JDO DE LETRAS DEL TRABAJO DE TEMUCO,Araucanía,https://transparenciachc.blob.core.windows.net/oc-da/Instituciones_compradoras.zip,2026-03-04T17:59:21.648688+00:00
104f460e8a35bfe005ab6079896ad9e3f30d64ee7328bcbe79c82d707e73bb34,1708,LEGISLATIVO Y JUDICIAL,CORP ADMINISTRATIVA DEL PODER JUDICIAL,7342,768553,JDO DE FAMILIA DE TEMUCO,Araucanía,https://transparenciachc.blob.core.windows.net/oc-da/Instituciones_compradoras.zip,2026-03-04T17:59:21.648688+00:00
e720dacfb239feb115e4b280dc34ff7a33139ddf4c48b3c44b99502c31ed37da,8009,LEGISLATIVO Y JUDICIAL,CORP ADMINISTRATIVA DEL PODER JUDICIAL,7342,768555,JDO DE GARANTÍA DE ANGOL,Araucanía,https://transparenciachc.blob.core.windows.net/oc-da/Instituciones_compradoras.zip,2026-03-04T17:59:21.648688+00:00
6c96a150af23e7d23c126c6c0a8ff423629c34439d7a9e29e1db4931d71eabb2,2000,LEGISLATIVO Y JUDICIAL,CORP ADMINISTRATIVA DEL PODER JUDICIAL,7342,768559,JDO DE GARANTÍA DE LONCOCHE,Araucanía,https://transparenciachc.blob.core.windows.net/oc-da/Instituciones_compradoras.zip,2026-03-04T17:59:21.648688+00:00
abdc475205ce5e75b94fb7a5321a508135c4a383f6aa5fb8691b3141d4b6e85e,6001,LEGISLATIVO Y JUDICIAL,CORP ADMINISTRATIVA DEL PODER JUDICIAL,7342,768561,JDO DE GARANTÍA DE PITRUFQUEN,Araucanía,https://transparenciachc.blob.core.windows.net/oc-da/Instituciones_compradoras.zip,2026-03-04T17:59:21.648688+00:00
e2a98afca0e63636670e69068e9b49211ba3cf0b2f187ce5e02bc7dea2cd7c90,0003,LEGISLATIVO Y JUDICIAL,CORP ADMINISTRATIVA DEL PODER JUDICIAL,7342,768565,JDO DE GARANTÍA DE LAUTARO,Araucanía,https://transparenciachc.blob.core.windows.net/oc-da/Instituciones_compradoras.zip,2026-03-04T17:59:21.648688+00:00
a0edda96f899a1a4f6aae6ef11c38ce2b8b3bb8abed6a014df3048ecc44cb781,2006,LEGISLATIVO Y JUDICIAL,CORP ADMINISTRATIVA DEL PODER JUDICIAL,7342,768603,JDO DE GARANTIA DE TEMUCO,Araucanía,https://transparenciachc.blob.core.windows.net/oc-da/Instituciones_compradoras.zip,2026-03-04T17:59:21.648688+00:00
e95398637fc6cf23e2c8b4c103325368c97a6cbe8801c68bbc1769d140baf746,0064,LEGISLATIVO Y JUDICIAL,CORP ADMINISTRATIVA DEL PODER JUDICIAL,7342,768606,JDO DE LETRAS Y FAMILIA DE VILLARRICA,Araucanía,https://transparenciachc.blob.core.windows.net/oc-da/Instituciones_compradoras.zip,2026-03-04T17:59:21.648688+00:00
248133503985f084cb4b8eebf85ec7a5c7be103c860bafda2c34207442f60d21,9005,LEGISLATIVO Y JUDICIAL,CORP ADMINISTRATIVA DEL PODER JUDICIAL,7342,768607,TOP DE ANGOL,Araucanía,https://transparenciachc.blob.core.windows.net/oc-da/Instituciones_compradoras.zip,2026-03-04T17:59:21.648688+00:00
bfaa0d959169eb0d375203a7c8e7ceffeba032befeefb9a828ec1f5c2fbea6a4,7008,LEGISLATIVO Y JUDICIAL,CORP ADMINISTRATIVA DEL PODER JUDICIAL,7342,768608,TOP DE VILLARRICA,Araucanía,https://transparenciachc.blob.core.windows.net/oc-da/Instituciones_compradoras.zip,2026-03-04T17:59:21.648688+00:00
15814634d3f0d84a91ab964dc6b185cfb75749e36bdb8b13146ac36da892179e,0006,LEGISLATIVO Y JUDICIAL,CORP ADMINISTRATIVA DEL PODER JUDICIAL,7342,770632,JDO DE GARANTÍA DE RANCAGUA,Lib. Gral. Bdo. O'Higgins,https://transparenciachc.blob.core.windows.net/oc-da/Instituciones_compradoras.zip,2026-03-04T17:59:21.648688+00:00
ca1021c333efdb5454637ddbd05246bbdd1bb786e1cb6fbd4ace6539d1626439,1505,LEGISLATIVO Y JUDICIAL,CORP ADMINISTRATIVA DEL PODER JUDICIAL,7342,770634,JDO DE GARANTIA DE SAN FERNANDO,Lib. Gral. Bdo. O'Higgins,https://transparenciachc.blob.core.windows.net/oc-da/Instituciones_compradoras.zip,2026-03-04T17:59:21.648688+00:00
fb7d00652382880c4825252ae30b09ea90390fdbb4d4e602166186d98f231aab,8008,LEGISLATIVO Y JUDICIAL,CORP ADMINISTRATIVA DEL PODER JUDICIAL,7342,770636,JDO DE GARANTIA DE RENGO,Lib. Gral. Bdo. O'Higgins,https://transparenciachc.blob.core.windows.net/oc-da/Instituciones_compradoras.zip,2026-03-04T17:59:21.648688+00:00
fb032d83e72151ff8c3cd0872cfb3705d92a5fec2a75c587712fd76a815f7fae,3000,LEGISLATIVO Y JUDICIAL,CORP ADMINISTRATIVA DEL PODER JUDICIAL,7342,770638,JDO DE GARANTIA DE SAN VICENTE DE TAGUA TAGUA,Lib. Gral. Bdo. O'Higgins,https://transparenciachc.blob.core.windows.net/oc-da/Instituciones_compradoras.zip,2026-03-04T17:59:21.648688+00:00
84e3f95c3787b8399762f645f9ad6b5936c489fd53d0e0c09e8974e27555bb53,7000,LEGISLATIVO Y JUDICIAL,CORP ADMINISTRATIVA DEL PODER JUDICIAL,7342,770639,JDO DE GARANTIA DE GRANEROS,Lib. Gral. Bdo. O'Higgins,https://transparenciachc.blob.core.windows.net/oc-da/Instituciones_compradoras.zip,2026-03-04T17:59:21.648688+00:00
c334df41382d8fa416f6910ab2d633a33d6ace16e7fee84bdb51ca26f179f80d,4007,LEGISLATIVO Y JUDICIAL,CORP ADMINISTRATIVA DEL PODER JUDICIAL,7342,770640,JDO DE GARANTIA DE SANTA CRUZ,Lib. Gral. Bdo. O'Higgins,https://transparenciachc.blob.core.windows.net/oc-da/Instituciones_compradoras.zip,2026-03-04T17:59:21.648688+00:00
f715737207a81974fda34cf2fdca9c1f2cac6f692d28ae504fcb31c709d7d568,6005,LEGISLATIVO Y JUDICIAL,CORP ADMINISTRATIVA DEL PODER JUDICIAL,7342,770642,TOP DE RANCAGUA,Lib. Gral. Bdo. O'Higgins,https://transparenciachc.blob.core.windows.net/oc-da/Instituciones_compradoras.zip,2026-03-04T17:59:21.648688+00:00
06e8c0768d55249f441eb3b75246d423d1e85f28f6dbe28d13cb2742a90a2085,4308,LEGISLATIVO Y JUDICIAL,CORP ADMINISTRATIVA DEL PODER JUDICIAL,7342,770645,TOP DE SAN FERNANDO,Lib. Gral. Bdo. O'Higgins,https://transparenciachc.blob.core.windows.net/oc-da/Instituciones_compradoras.zip,2026-03-04T17:59:21.648688+00:00
a42d728e9bf7c22d381abc8d7416a45a22cdb4c19eb80b3c75b25651750da4b1,4405,LEGISLATIVO Y JUDICIAL,CORP ADMINISTRATIVA DEL PODER JUDICIAL,7342,770687,TOP DE SANTA CRUZ,Lib. Gral. Bdo. O'Higgins,https://transparenciachc.blob.core.windows.net/oc-da/Instituciones_compradoras.zip,2026-03-04T17:59:21.648688+00:00
c35ca7db624aa769c6a5e8ef50f33c46456aef5d1c29cc24d6be41dd48aba355,6505,LEGISLATIVO Y JUDICIAL,CORP ADMINISTRATIVA DEL PODER JUDICIAL,7342,770689,JDO DE LETRAS DEL TRABAJO DE RANCAGUA,Lib. Gral. Bdo. O'Higgins,https://transparenciachc.blob.core.windows.net/oc-da/Instituciones_compradoras.zip,2026-03-04T17:59:21.648688+00:00
742252eab2c02b47938a1557ccd57531742a9a77ceba456dc0bb4b88dc428071,2801,LEGISLATIVO Y JUDICIAL,CORP ADMINISTRATIVA DEL PODER JUDICIAL,7342,770691,JDO DE FAMILIA DE RANCAGUA,Lib. Gral. Bdo. O'Higgins,https://transparenciachc.blob.core.windows.net/oc-da/Instituciones_compradoras.zip,2026-03-04T17:59:21.648688+00:00
2ea2393b56753216a22886efc4a038401af3332671b0505756c9c897260e0058,7400,LEGISLATIVO Y JUDICIAL,CORP ADMINISTRATIVA DEL PODER JUDICIAL,7342,770695,JDO DE FAMILIA DE SAN FERNANDO,Lib. Gral. Bdo. O'Higgins,https://transparenciachc.blob.core.windows.net/oc-da/Instituciones_compradoras.zip,2026-03-04T17:59:21.648688+00:00
efa0c85f40b47cd8b8a8a72123147d3e7c431147af0737b8e39ce8c105036d1a,7204,LEGISLATIVO Y JUDICIAL,CORP ADMINISTRATIVA DEL PODER JUDICIAL,7342,770696,JDO DE FAMILIA DE RENGO,Lib. Gral. Bdo. O'Higgins,https://transparenciachc.blob.core.windows.net/oc-da/Instituciones_compradoras.zip,2026-03-04T17:59:21.648688+00:00
efe19477e01dbfef4e5ea66f538f258a596deeac2aaa51af52c05509301f530e,6501,LEGISLATIVO Y JUDICIAL,CORP ADMINISTRATIVA DEL PODER JUDICIAL,7342,770700,JDO DE FAMILIA DE SANTA CRUZ,Lib. Gral. Bdo. O'Higgins,https://transparenciachc.blob.core.windows.net/oc-da/Instituciones_compradoras.zip,2026-03-04T17:59:21.648688+00:00
0aca2adbdb3d98035fec83f512b6e9d70708743ad24517d3bdd0508e0862bcec,9600,LEGISLATIVO Y JUDICIAL,CORP ADMINISTRATIVA DEL PODER JUDICIAL,7342,779245,JDO DE GARANTÍA DE CASTRO,Los Lagos,https://transparenciachc.blob.core.windows.net/oc-da/Instituciones_compradoras.zip,2026-03-04T17:59:21.648688+00:00
07142f5e38bb66e60f4ba43914acd7790f0ff3b56def3e8f3802f565bd732da3,5008,LEGISLATIVO Y JUDICIAL,CORP ADMINISTRATIVA DEL PODER JUDICIAL,7342,779247,JDO DE GARANTÍA DE ANCUD,Los Lagos,https://transparenciachc.blob.core.windows.net/oc-da/Instituciones_compradoras.zip,2026-03-04T17:59:21.648688+00:00
6e4fddce9b4c0ad0acf58d7c00405b16913eebca87e5a382a79d5f49ec32512a,7006,LEGISLATIVO Y JUDICIAL,CORP ADMINISTRATIVA DEL PODER JUDICIAL,7342,779249,JDO DE GARANTÍA DE PUERTO VARAS,Los Lagos,https://transparenciachc.blob.core.windows.net/oc-da/Instituciones_compradoras.zip,2026-03-04T17:59:21.648688+00:00
3001c61400c9f82a374730764637a4fe257a31a828f224d4d33b73106ed1eaca,0109,LEGISLATIVO Y JUDICIAL,CORP ADMINISTRATIVA DEL PODER JUDICIAL,7342,779253,TOP DE PUERTO MONTT,Los Lagos,https://transparenciachc.blob.core.windows.net/oc-da/Instituciones_compradoras.zip,2026-03-04T17:59:21.648688+00:00
b1836e1c7c87dd3f3c556898c1181560fc8ed506581f5b2771f47e2d8ff9fa11,6009,LEGISLATIVO Y JUDICIAL,CORP ADMINISTRATIVA DEL PODER JUDICIAL,7342,779424,JDO DE GARANTÍA DE PUERTO MONTT,Los Lagos,https://transparenciachc.blob.core.windows.net/oc-da/Instituciones_compradoras.zip,2026-03-04T17:59:21.648688+00:00
d04bb18feab8e6dc3548c08e377eb00a1d9bf3880ebe7ac5a95e69db69fdcc59,5509,LEGISLATIVO Y JUDICIAL,CORP ADMINISTRATIVA DEL PODER JUDICIAL,7342,779442,TOP DE CASTRO,Los Lagos,https://transparenciachc.blob.core.windows.net/oc-da/Instituciones_compradoras.zip,2026-03-04T17:59:21.648688+00:00
b737b8a26ef5e116183cf5049ba5eb820ebbda0b8e05e0080b326f4eec06b73d,1309,LEGISLATIVO Y JUDICIAL,CORP ADMINISTRATIVA DEL PODER JUDICIAL,7342,779448,JDO DE FAMILIA DE CASTRO,Los Lagos,https://transparenciachc.blob.core.windows.net/oc-da/Instituciones_compradoras.zip,2026-03-04T17:59:21.648688+00:00
1346635c99fc4eadd174f6f86de784b09df9339cb9c66ac64d22ea9b945e81b1,8103,LEGISLATIVO Y JUDICIAL,CORP ADMINISTRATIVA DEL PODER JUDICIAL,7342,779453,JDO DE FAMILIA DE PUERTO VARAS,Los Lagos,https://transparenciachc.blob.core.windows.net/oc-da/Instituciones_compradoras.zip,2026-03-04T17:59:21.648688+00:00
4bfe1a95df21261bd0e0a9b678eb1e7e2239c442b1376308884676e5bb49e700,7506,LEGISLATIVO Y JUDICIAL,CORP ADMINISTRATIVA DEL PODER JUDICIAL,7342,779454,JDO DE FAMILIA DE ANCUD,Los Lagos,https://transparenciachc.blob.core.windows.net/oc-da/Instituciones_compradoras.zip,2026-03-04T17:59:21.648688+00:00
cbaed1cff120e98665d2aa857641424d89c89d1a29c34a664b94bd62131868e7,7409,LEGISLATIVO Y JUDICIAL,CORP ADMINISTRATIVA DEL PODER JUDICIAL,7342,779459,JDO DE FAMILIA DE PUERTO MONTT,Los Lagos,https://transparenciachc.blob.core.windows.net/oc-da/Instituciones_compradoras.zip,2026-03-04T17:59:21.648688+00:00
e72538de6170726ee5fcf46027b078ea07377055976e8984bb7ef26dac072375,6306,LEGISLATIVO Y JUDICIAL,CORP ADMINISTRATIVA DEL PODER JUDICIAL,7342,779460,JDO DE LETRAS DEL TRABAJO DE PUERTO MONTT,Los Lagos,https://transparenciachc.blob.core.windows.net/oc-da/Instituciones_compradoras.zip,2026-03-04T17:59:21.648688+00:00
47a563244f361c41f105a26558dbd1d64a7a8d9c9b25646df038361ec967a0fe,6403,LEGISLATIVO Y JUDICIAL,CORP ADMINISTRATIVA DEL PODER JUDICIAL,7342,779469,JDO DE LETRAS DEL TRABAJO DE CASTRO,Los Lagos,https://transparenciachc.blob.core.windows.net/oc-da/Instituciones_compradoras.zip,2026-03-04T17:59:21.648688+00:00
53f7d7c556f999355ca14e3c22991db8f92d4996dae875a6012936e384863ef2,8702,LEGISLATIVO Y JUDICIAL,CORP ADMINISTRATIVA DEL PODER JUDICIAL,7342,836454,JDO DE LETRAS DEL TRABAJO DE VALDIVIA,Los Ríos,https://transparenciachc.blob.core.windows.net/oc-da/Instituciones_compradoras.zip,2026-03-04T17:59:21.648688+00:00
b0e56ec08019febde195e6ab68828b489b505ffb5d6f63f7a1b0b74fa128f1db,0760,LEGISLATIVO Y JUDICIAL,CORP ADMINISTRATIVA DEL PODER JUDICIAL,7342,943592,"JDO LETRAS, FAMILIA, GTÍA. Y TRABAJO ALTO HOSPICIO",Tarapacá,https://transparenciachc.blob.core.windows.net/oc-da/Instituciones_compradoras.zip,2026-03-04T17:59:21.648688+00:00
3a3c116e05d5e296ad26db5832f7e8abce73ef082cad024bebd56294bfafd4fb,8002,LEGISLATIVO Y JUDICIAL,CORP ADMINISTRATIVA DEL PODER JUDICIAL,7342,944622,JUZGADO DE LETRAS Y GARANTÍA DE MEJILLONES,Antofagasta,https://transparenciachc.blob.core.windows.net/oc-da/Instituciones_compradoras.zip,2026-03-04T17:59:21.648688+00:00
831a6a2d72d3ee12addde3d37a373fcddbadfcee516e9dbc4fc5c047d5054c61,6002,LEGISLATIVO Y JUDICIAL,CORP ADMINISTRATIVA DEL PODER JUDICIAL,7342,994293,JUZGADO DE LETRAS Y GARANTÍA DE PUCÓN,Araucanía,https://transparenciachc.blob.core.windows.net/oc-da/Instituciones_compradoras.zip,2026-03-04T17:59:21.648688+00:00
542015eb74a6a1e04b4afb68a85fadd76d5bc96f33d1747283670cd40d060c9e,6129,SALUD,HOSPITAL DE PETORCA,7343,3180,HOSPITAL DE PETORCA,Valparaíso,https://transparenciachc.blob.core.windows.net/oc-da/Instituciones_compradoras.zip,2026-03-04T17:59:21.648688+00:00
f2dbab8fffb2f0aa368d24f75044ff20428f6cd070ba3122963d4a0a602a8a04,6099,SALUD,HOSPITAL DR MARIO SANCHEZ VERGARA LA CALERA,7344,2699,HOSPITAL DR. MARIO SÁNCHEZ VERGARA DE LA CALERA,Valparaíso,https://transparenciachc.blob.core.windows.net/oc-da/Instituciones_compradoras.zip,2026-03-04T17:59:21.648688+00:00
9e6c295a08db03e97d153b26ee4b9d4e4893fa5a02eecbb1c6421a86f6131ea2,6080,SALUD,SERVICIO DE SALUD VINA DEL MAR QUILLOTA,7345,2700,HOSPITAL SAN MARTÍN DE QUILLOTA,Valparaíso,https://transparenciachc.blob.core.windows.net/oc-da/Instituciones_compradoras.zip,2026-03-04T17:59:21.648688+00:00
dc14a902000f4a6c208062b50eb38e2b459b9131e92c6c4e16d1af3545237e23,0525,"GOB. CENTRAL, UNIVERSIDADES",DELEGACIÓN PRESIDENCIAL PROVINCIAL DE QUILLOTA,7346,993101,DEPTO. SOCIAL,Valparaíso,https://transparenciachc.blob.core.windows.net/oc-da/Instituciones_compradoras.zip,2026-03-04T17:59:21.648688+00:00
13f6446180eb923f3ba457031a81cc0ee1d4b1bb972bbbeb5a781e03c90c9822,1041,"GOB. CENTRAL, UNIVERSIDADES",GOBERNACIÓN PROVINCIA DE ELQUI,7347,552743,UNIDAD DE COMPRAS ORASMI 41-0,Coquimbo,https://transparenciachc.blob.core.windows.net/oc-da/Instituciones_compradoras.zip,2026-03-04T17:59:21.648688+00:00
bc4687f841f39d8dab8e5fde13ab693a42a61f390e57c4bfffc952d227ade3f1,6603,SALUD,HOSPITAL ADRIANA COUSINO DE QUINTERO,7348,2701,HOSPITAL QUINTERO,Valparaíso,https://transparenciachc.blob.core.windows.net/oc-da/Instituciones_compradoras.zip,2026-03-04T17:59:21.648688+00:00
64ff79260e34e80a21d52fe762fc560a3b32d6d7cecdb0b93bb0352544a66c2a,0126,"GOB. CENTRAL, UNIVERSIDADES",GOBERNACION PROVINCIAL DE IQUIQUE,7349,1428,GOB PROVINCIAL DE IQUIQUE,Tarapacá,https://transparenciachc.blob.core.windows.net/oc-da/Instituciones_compradoras.zip,2026-03-04T17:59:21.648688+00:00
d0cb11b36c9f4785f4d463ec43a59afd3cda69b115ab5d12eb36b0015742c595,1394,"GOB. CENTRAL, UNIVERSIDADES",DELEGACIÓN PRESIDENCIAL PROVINCIAL DE PARINACOTA,7350,830715,UNIDAD DE PASOS FRONTERIZOS,Arica y Parinacota,https://transparenciachc.blob.core.windows.net/oc-da/Instituciones_compradoras.zip,2026-03-04T17:59:21.648688+00:00
32f67bfc532d16cdb07ccd36633d0975b44732882cfdba95c4d0f737a940aeb3,4006,MUNICIPALIDADES,I MUNICIPALIDAD DE CAUQUENES,7351,5787,ADMINISTRACION,Maule,https://transparenciachc.blob.core.windows.net/oc-da/Instituciones_compradoras.zip,2026-03-04T17:59:21.648688+00:00
d664a8624e25ded509e4e5ab194b4b19a30f4fc652f97cbdb0908423d3bf870b,4385,MUNICIPALIDADES,I MUNICIPALIDAD DE CAUQUENES,7351,294328,LICEO ASCENCIÓN JARA,Maule,https://transparenciachc.blob.core.windows.net/oc-da/Instituciones_compradoras.zip,2026-03-04T17:59:21.648688+00:00
bf9bf2b386936c31940b26bac2f175e902428306623236c390308a52fc98fcf8,5357,MUNICIPALIDADES,I MUNICIPALIDAD DE CAUQUENES,7351,5419,LICEO POLITECNICO PEDRO AGUIRRE CERDA,Maule,https://transparenciachc.blob.core.windows.net/oc-da/Instituciones_compradoras.zip,2026-03-04T17:59:21.648688+00:00
9500f15599ed861404e4afe9b3519bf105093e1c59759c9d6d18a184acb988dd,0517,"GOB. CENTRAL, UNIVERSIDADES",GOBERNACION PROVINCIAL DE VALPARAISO,7352,552937,ORASMI,Valparaíso,https://transparenciachc.blob.core.windows.net/oc-da/Instituciones_compradoras.zip,2026-03-04T17:59:21.648688+00:00
47e79a36fb3745293db0ce95ac25934e7a407068e8dc2fdfb3362ca0d6876472,7002,"GOB. CENTRAL, UNIVERSIDADES",CORPORACION DE ASISTENCIA JUDICIAL DE LA REGION DEL BIO BIO,7354,591248,CORPORACIÓN DE ASISTENCIA JUDICIAL AYSÉN,Aysén,https://transparenciachc.blob.core.windows.net/oc-da/Instituciones_compradoras.zip,2026-03-04T17:59:21.648688+00:00
41dbaf338b97fc9891494e202310cda9e1812805e9d24e686821637646985717,9001,MUNICIPALIDADES,I MUNICIPALIDAD DE SAN RAMON,7355,3816,DEPARTAMENTO DE SALUD,Metropolitana,https://transparenciachc.blob.core.windows.net/oc-da/Instituciones_compradoras.zip,2026-03-04T17:59:21.648688+00:00
b5bab7df0ffa44525646c4d111166325dc629f34f26e8e739549f4c356f3011d,2009,MUNICIPALIDADES,ILUSTRE MUNICIPALIDAD  DE SAGRADA FAMILIA,7356,666277,SECPLAC  - LICITACIONES,Maule,https://transparenciachc.blob.core.windows.net/oc-da/Instituciones_compradoras.zip,2026-03-04T17:59:21.648688+00:00
fa4530e23fc71a54f4a31b90c9212fb44b14551ca10abd1c816d5074f38289fd,2008,MUNICIPALIDADES,ILUSTRE MUNICIPALIDAD  DE SAGRADA FAMILIA,7356,953993,ALCALDIA,Maule,https://transparenciachc.blob.core.windows.net/oc-da/Instituciones_compradoras.zip,2026-03-04T17:59:21.648688+00:00
45884a572c7c4129b81f296a4b03361bed746eb014133a433e8b575a01571173,0118,"GOB. CENTRAL, UNIVERSIDADES",GOBERNACIÓN PROVINCIAL DE ARICA,7357,2717,GOBERNACIÓN PROVINCIAL DE ARICA,Arica y Parinacota,https://transparenciachc.blob.core.windows.net/oc-da/Instituciones_compradoras.zip,2026-03-04T17:59:21.648688+00:00
370e0e57a3994816d5fffa7681db2bbff736841cc858dd16f4babaf60b2813dd,4308,"GOB. CENTRAL, UNIVERSIDADES",SUBSECRETARÍA DE LAS CULTURAS Y LAS ARTES,7359,1049242,"SEREMÍA DE LAS CULT , ARTES Y PAT REGIÓN DE ÑUBLE",Ñuble,https://transparenciachc.blob.core.windows.net/oc-da/Instituciones_compradoras.zip,2026-03-04T17:59:21.648688+00:00
a224b8d90d8d74cafce350cebad40d92226915cbff33e408100793c09d3181e4,3750,"GOB. CENTRAL, UNIVERSIDADES",SUBSECRETARÍA DE LAS CULTURAS Y LAS ARTES,7359,5797,CONSEJO REGIONAL DE LA CULTURA Y LAS ARTES VALPARAÍSO,Valparaíso,https://transparenciachc.blob.core.windows.net/oc-da/Instituciones_compradoras.zip,2026-03-04T17:59:21.648688+00:00
73dfd0a7cbbb19c9f374029109ea19d11b4cc55ecd8a4d39b1a847848aec46c6,2408,"GOB. CENTRAL, UNIVERSIDADES",SUBSECRETARÍA DE LAS CULTURAS Y LAS ARTES,7359,6555,DIRECCIÓN REGIONAL DE ARICA Y PARINACOTA,Arica y Parinacota,https://transparenciachc.blob.core.windows.net/oc-da/Instituciones_compradoras.zip,2026-03-04T17:59:21.648688+00:00
8e1e7e0731e2bbf02986ce2e7a9be4b7401caae8917f38b63a3cdc21015144ec,0029,"GOB. CENTRAL, UNIVERSIDADES",SUBSECRETARÍA DE LAS CULTURAS Y LAS ARTES,7359,2721,CONSEJO NACIONAL DE LA CULTURA Y LAS ARTES,Valparaíso,https://transparenciachc.blob.core.windows.net/oc-da/Instituciones_compradoras.zip,2026-03-04T17:59:21.648688+00:00
8214779414fd6cb8373f0de4d91b98701ee9eb2f8863bc2c618adad26eb4c6e3,1703,"GOB. CENTRAL, UNIVERSIDADES",SUBSECRETARÍA DE LAS CULTURAS Y LAS ARTES,7359,300545,CONSEJO DE LA CULTURA Y LAS ARTES REGIÓN DE LOS RÍOS,Los Ríos,https://transparenciachc.blob.core.windows.net/oc-da/Instituciones_compradoras.zip,2026-03-04T17:59:21.648688+00:00
ffebb3f644bfe486b0a9540be42dc204cc7f441bc138d4d58b50631f17d506c4,6502,"GOB. CENTRAL, UNIVERSIDADES",SUBSECRETARÍA DE LAS CULTURAS Y LAS ARTES,7359,5793,CONSEJO REGIONAL DE LA CULTURA Y LAS ARTES TARAPACÁ,Tarapacá,https://transparenciachc.blob.core.windows.net/oc-da/Instituciones_compradoras.zip,2026-03-04T17:59:21.648688+00:00
20b33f691ca7cf32dccd4ba87d96c2173a2bf7f70e7bd7c719fb3c335a47dbb1,9001,"GOB. CENTRAL, UNIVERSIDADES",SUBSECRETARÍA DE LAS CULTURAS Y LAS ARTES,7359,5794,CONSEJO REGIONAL DE LA CULTURA Y LAS ARTES ANTOFAGASTA,Antofagasta,https://transparenciachc.blob.core.windows.net/oc-da/Instituciones_compradoras.zip,2026-03-04T17:59:21.648688+00:00
b515a7d8bcbe9b7867b7b57aed2ee22bb2c5d35dc8a89390027838e169162fea,1520,"GOB. CENTRAL, UNIVERSIDADES",SUBSECRETARÍA DE LAS CULTURAS Y LAS ARTES,7359,5795,CONSEJO REGIONAL DE LA CULTURA Y LAS ARTES ATACAMA,Atacama,https://transparenciachc.blob.core.windows.net/oc-da/Instituciones_compradoras.zip,2026-03-04T17:59:21.648688+00:00
884e59ba6fb3dbd2c9f231fde64415d8b6dc788792552a490fab6a3bbf832217,7900,"GOB. CENTRAL, UNIVERSIDADES",SUBSECRETARÍA DE LAS CULTURAS Y LAS ARTES,7359,5796,CONSEJO REGIONAL DE LA CULTURA Y LAS ARTESCOQUIMBO,Coquimbo,https://transparenciachc.blob.core.windows.net/oc-da/Instituciones_compradoras.zip,2026-03-04T17:59:21.648688+00:00
bab602964757369653efd64e65386d236418402296baa29f69593dd6b1595ffe,2305,"GOB. CENTRAL, UNIVERSIDADES",SUBSECRETARÍA DE LAS CULTURAS Y LAS ARTES,7359,5798,CONSEJO REGIONAL DE LA CULTURA Y LAS ARTES L.G. B. O´HIGGINS,Lib. Gral. Bdo. O'Higgins,https://transparenciachc.blob.core.windows.net/oc-da/Instituciones_compradoras.zip,2026-03-04T17:59:21.648688+00:00
736449b6378366538ae3e6186de8d330a8bd0b9a097bd7894a5de1d2db2a7958,2002,"GOB. CENTRAL, UNIVERSIDADES",SUBSECRETARÍA DE LAS CULTURAS Y LAS ARTES,7359,5799,CONSEJO REGIONAL DE LA CULTURA Y LAS ARTES DEL MAULE,Maule,https://transparenciachc.blob.core.windows.net/oc-da/Instituciones_compradoras.zip,2026-03-04T17:59:21.648688+00:00
8f7fc48b6fc428372f5dfdb4585865f24a4dc16bb66f8bccfbff5d60e91d829c,4798,"GOB. CENTRAL, UNIVERSIDADES",SUBSECRETARÍA DE LAS CULTURAS Y LAS ARTES,7359,5800,CONSEJO REGIONAL DE LA CULTURA Y LAS ARTES DEL BÍO-BÍO,Ñuble,https://transparenciachc.blob.core.windows.net/oc-da/Instituciones_compradoras.zip,2026-03-04T17:59:21.648688+00:00
0c657199b003602fdb7c21dedd7b9abca0d38ef8e1a83cdd0281a4af36add8fb,3905,"GOB. CENTRAL, UNIVERSIDADES",SUBSECRETARÍA DE LAS CULTURAS Y LAS ARTES,7359,5801,CONSEJO REGIONAL DE LA CULTURA Y LAS ARTES DE LA ARAUCANÍA,Araucanía,https://transparenciachc.blob.core.windows.net/oc-da/Instituciones_compradoras.zip,2026-03-04T17:59:21.648688+00:00
1cea17195f4f4b19cec2b935ad4f349e10e273374f03ee5cc15a8d203781c7b7,6140,"GOB. CENTRAL, UNIVERSIDADES",SUBSECRETARÍA DE LAS CULTURAS Y LAS ARTES,7359,5802,DIRECCIÓN REGIONAL DE LOS LAGOS,Los Lagos,https://transparenciachc.blob.core.windows.net/oc-da/Instituciones_compradoras.zip,2026-03-04T17:59:21.648688+00:00
64ba3b8fd12ae56517068c4348ac647f744286a987bc6c316cbbe0e4b02c9e25,8503,"GOB. CENTRAL, UNIVERSIDADES",SUBSECRETARÍA DE LAS CULTURAS Y LAS ARTES,7359,5803,CONSEJO REGIONAL DE CULTURA REGIÓN DE AYSEN,Aysén,https://transparenciachc.blob.core.windows.net/oc-da/Instituciones_compradoras.zip,2026-03-04T17:59:21.648688+00:00
74f7abf4e6f8e6486324fa49c0ce8610854496c21fd9f3a345e256dc7e49fc19,2500,"GOB. CENTRAL, UNIVERSIDADES",SUBSECRETARÍA DE LAS CULTURAS Y LAS ARTES,7359,5804,CONSEJO REGIONAL DE LA CULTURA Y LAS ARTES DE MAGALLANES,Magallanes y Antártica,https://transparenciachc.blob.core.windows.net/oc-da/Instituciones_compradoras.zip,2026-03-04T17:59:21.648688+00:00
38adb02f186c281112491b881aa297fda93f35c0aecf73c98e0045b83a7943c7,7803,"GOB. CENTRAL, UNIVERSIDADES",SUBSECRETARÍA DE LAS CULTURAS Y LAS ARTES,7359,5805,CONSEJO REGIONAL DE LA CULTURA Y LAS ARTES R. METROPOLITANA,Metropolitana,https://transparenciachc.blob.core.windows.net/oc-da/Instituciones_compradoras.zip,2026-03-04T17:59:21.648688+00:00
d28206df6afcf2f4e3affa8797fa0365b4790e476d17d587f6f308b488ce1b37,4007,MUNICIPALIDADES,I MUNICIPALIDAD DE TIERRA AMARILLA,7360,570300,DEPTO DE FINANZAS,Atacama,https://transparenciachc.blob.core.windows.net/oc-da/Instituciones_compradoras.zip,2026-03-04T17:59:21.648688+00:00
ccf4c9707e75c4a155bded48efc15a60f36226e17098c7847ea34e31e7d0fda7,2008,MUNICIPALIDADES,I MUNICIPALIDAD DE VILLA ALEGRE,7363,547641,DEPARTAMENTO DE EDUCACION,Maule,https://transparenciachc.blob.core.windows.net/oc-da/Instituciones_compradoras.zip,2026-03-04T17:59:21.648688+00:00
be439b95a8defbbb3cfa112be4ddfe42e5c8af7f0e8b95111d7a4015e2836da8,3000,MUNICIPALIDADES,I MUNICIPALIDAD DE CALDERA,7364,783579,COMPRAS SEP-EDUCACION,Atacama,https://transparenciachc.blob.core.windows.net/oc-da/Instituciones_compradoras.zip,2026-03-04T17:59:21.648688+00:00
6700c31f60e24898d89616b66296fac1fd57c82c5cd8a6c3405420defaee6b2e,1000,MUNICIPALIDADES,I MUNICIPALIDAD DE LITUECHE,7365,6037,DEPARTAMENTO DE EDUCACION LITUECHE,Lib. Gral. Bdo. O'Higgins,https://transparenciachc.blob.core.windows.net/oc-da/Instituciones_compradoras.zip,2026-03-04T17:59:21.648688+00:00
1d609acc0458532b9faf90b6fc6b8db0c61e93a7540b59910472fd349f190326,6008,MUNICIPALIDADES,I MUNICIPALIDAD DE LA REINA,7366,6235,DIRECCIÓN DE ASEO Y ORNATO,Metropolitana,https://transparenciachc.blob.core.windows.net/oc-da/Instituciones_compradoras.zip,2026-03-04T17:59:21.648688+00:00
5e200e98276d719a3f2d6601df12a9b3cc66cdad1cec6730032bc695d8ae198f,3009,MUNICIPALIDADES,I MUNICIPALIDAD DE RIO NEGRO,7367,294322,SECPLA,Los Lagos,https://transparenciachc.blob.core.windows.net/oc-da/Instituciones_compradoras.zip,2026-03-04T17:59:21.648688+00:00
139ecaaf884dc7826fd42dd56846bc9a8d579b3523ca555462c018d8189ea062,3017,MUNICIPALIDADES,I MUNICIPALIDAD DE RIO NEGRO,7367,1598,EDUCACIÓN,Los Lagos,https://transparenciachc.blob.core.windows.net/oc-da/Instituciones_compradoras.zip,2026-03-04T17:59:21.648688+00:00
c80b27a852a2d543200d61a4f74f980c3aaeae24bec8927c4e596bf047c4a655,3025,MUNICIPALIDADES,I MUNICIPALIDAD DE RIO NEGRO,7367,3903,SALUD,Los Lagos,https://transparenciachc.blob.core.windows.net/oc-da/Instituciones_compradoras.zip,2026-03-04T17:59:21.648688+00:00
3f1a9e413f1dd4284fa07c5f6da7957c849d04c69a4b44c179c277d70a33d7e5,2050,SALUD,HOSPITAL DE MEJILLONES,7370,6267,LABORATORIO,Antofagasta,https://transparenciachc.blob.core.windows.net/oc-da/Instituciones_compradoras.zip,2026-03-04T17:59:21.648688+00:00
9f9394780237574d72fc8ebea529fe37b713ca1d4acae85b15f0e46080ff9ba4,5900,"GOB. CENTRAL, UNIVERSIDADES",DIRECCION NACIONAL DEL SERVICIO CIVIL,7371,554476,SERVICIO BIENESTAR DNSC,Metropolitana,https://transparenciachc.blob.core.windows.net/oc-da/Instituciones_compradoras.zip,2026-03-04T17:59:21.648688+00:00
d7f0d318d1bc1502b03ac24100df8947fdf620e81446891beef73dee4431613d,4000,SALUD,CENTRO REFERENCIAL DE SALUD DR SALVADOR ALLENDE GOSSENS,7373,515184,ENTORNO LABORAL CRS,Metropolitana,https://transparenciachc.blob.core.windows.net/oc-da/Instituciones_compradoras.zip,2026-03-04T17:59:21.648688+00:00
d07a970f5519e0285638ca6cbedc55123576fea3f4dfcf4c0f11c672f703c34b,1389,SALUD,SERVICIO DE SALUD DEL LIBERTADOR B O'HIGGINS HOSPITAL REG RANCAGUA,7374,3075,HOSPITAL REGIONAL RANCAGUA - HRR,Lib. Gral. Bdo. O'Higgins,https://transparenciachc.blob.core.windows.net/oc-da/Instituciones_compradoras.zip,2026-03-04T17:59:21.648688+00:00
7ab658b88f85d4c0c9a504316b017df23727c1d330b891e9e76871e20d8ba491,7301,SALUD,COMPLEJO ASISTENCIAL DR.VICTOR RIOS RUIZ,7375,954825,U. DE INS. GENERALES DEPTO. ABASTECIMIENTO CAVRR,Bío-Bío,https://transparenciachc.blob.core.windows.net/oc-da/Instituciones_compradoras.zip,2026-03-04T17:59:21.648688+00:00
9266336e6f1fcf584675af612d4c9a59b0e611b5e78e14d4c8028378ae9ecea5,0622,"GOB. CENTRAL, UNIVERSIDADES",DELEGACIÓN PRESIDENCIAL PROVINCIAL DE COLCHAGUA,7376,559680,ORASMI - COLCHAGUA,Lib. Gral. Bdo. O'Higgins,https://transparenciachc.blob.core.windows.net/oc-da/Instituciones_compradoras.zip,2026-03-04T17:59:21.648688+00:00
b5bcd63587d8d80156e1033de4a7024d7abe7e4d2f7cdbe17d7adca043eb1e1b,0614,"GOB. CENTRAL, UNIVERSIDADES",GOBERNACION PROVINCIAL DE CACHAPOAL,7379,898950,GOBIERNO EN TERRENO,Lib. Gral. Bdo. O'Higgins,https://transparenciachc.blob.core.windows.net/oc-da/Instituciones_compradoras.zip,2026-03-04T17:59:21.648688+00:00
5be5a97c87898e983a76c4aee23ced3639aa3722de2e8680b1129211581c53b7,8000,"GOB. CENTRAL, UNIVERSIDADES",CENTRO DE INFORMACION DE RECURSOS NATURALES,7380,3078,CENTRO DE INFORMACIÓN DE RECURSOS NATURALES,Metropolitana,https://transparenciachc.blob.core.windows.net/oc-da/Instituciones_compradoras.zip,2026-03-04T17:59:21.648688+00:00
f81842d4ea900d726ceda371dbf53ecc8c026731594afaab3afd6646079161f9,1238,"GOB. CENTRAL, UNIVERSIDADES",DELEGACIÓN PRESIDENCIAL PROVINCIAL DE TIERRA DEL FUEGO,7381,2532,DELEGACIÓN P PROVINCIAL DE TIERRA DEL FUEGO,Magallanes y Antártica,https://transparenciachc.blob.core.windows.net/oc-da/Instituciones_compradoras.zip,2026-03-04T17:59:21.648688+00:00
8249609f6e8ec9a25e474f1919df98c2891fc057d395631899b3acff8b1c9386,7900,SALUD,SERVICIO DE SALUD MAGALLANES,7382,6134,EQUIPAMIENTO SECTORIAL,Magallanes y Antártica,https://transparenciachc.blob.core.windows.net/oc-da/Instituciones_compradoras.zip,2026-03-04T17:59:21.648688+00:00
3e9923f96011b57bb7296fe0c7cb00dd590bc9e9e588ff0a34e7263992da9276,9034,SALUD,HOSPITAL DR. MARCOS CHAMORRO IGLESIAS,7386,2535,HOSPITAL DR. MARCOS CHAMORRO IGLESIAS,Magallanes y Antártica,https://transparenciachc.blob.core.windows.net/oc-da/Instituciones_compradoras.zip,2026-03-04T17:59:21.648688+00:00
c3f09886312b7a84c8648920f5dd5b93cfb74a229a966c15bb04e90091d1f19a,7200,SALUD,SERVICIO DE SALUD MAGALLANES,7382,958479,HOSPITAL CRISTINA CALDERON,Magallanes y Antártica,https://transparenciachc.blob.core.windows.net/oc-da/Instituciones_compradoras.zip,2026-03-04T17:59:21.648688+00:00
7de0dd2a218ee7be4d5998c0cbfb15a4a4d59f548a1ff6bba56d8d8a312e212f,2051,SALUD,SERVICIO SALUD OCCIDENTE HOSPITAL DR FELIX BULNES CERDA,7383,705291,RECURSOS FISICOS,Metropolitana,https://transparenciachc.blob.core.windows.net/oc-da/Instituciones_compradoras.zip,2026-03-04T17:59:21.648688+00:00
b6ae3ffc6c8e2262e5486b80636be02ef6d32f7490eea32e76f6994b42265454,2261,SALUD,SERVICIO DE SALUD ARAUCANIA HOSPITAL DE TRAIGUEN,7384,3080,HOSPITAL TRAIGUÉN,Araucanía,https://transparenciachc.blob.core.windows.net/oc-da/Instituciones_compradoras.zip,2026-03-04T17:59:21.648688+00:00
7a1e0a52b2a9d8ed691378a95a4a523f5bc2600177ffb4c733d8c9f4efb3d418,2034,SALUD,SERVICIO DE SALUD ANTOFAGASTA HOSPITAL M,7385,3081,HOSPITAL TOCOPILLA,Antofagasta,https://transparenciachc.blob.core.windows.net/oc-da/Instituciones_compradoras.zip,2026-03-04T17:59:21.648688+00:00
9826773e9fae6dfe98701fb215b6b0d3465c73039c6869d51181a069528f90c0,1416,"GOB. CENTRAL, UNIVERSIDADES",DELEGACIÓN PRESIDENCIAL PROVINCIAL DE CARDENAL CARO,7387,550518,62-O,Lib. Gral. Bdo. O'Higgins,https://transparenciachc.blob.core.windows.net/oc-da/Instituciones_compradoras.zip,2026-03-04T17:59:21.648688+00:00
cc6e65d705fd6730c6d85d6ea9fd580fc7a8268156487db2fdbd7385dc90b2b2,2202,SALUD,SERVICIO SALUD BIO BIO HOSPITAL NACIMIENTO,7388,3083,HOSPITAL NACIMIENTO,Bío-Bío,https://transparenciachc.blob.core.windows.net/oc-da/Instituciones_compradoras.zip,2026-03-04T17:59:21.648688+00:00
80ed2920132732d9a8812ec0796add485fc2f74e0940fbe4e0243ffe4820a06a,3052,SALUD,SERVICIO DE SALUD BIO BIO HOSPITAL DE HU,7389,3084,HOSPITAL HUEPIL,Bío-Bío,https://transparenciachc.blob.core.windows.net/oc-da/Instituciones_compradoras.zip,2026-03-04T17:59:21.648688+00:00
e33cc19a4bd471c5ed386b06bd002bae62b56ad59e53257666929f25d979daf9,1071,SALUD,SERVICIO DE SALUD SUR HOSPITAL SANATORIO EL PINO,7390,2537,HOSPITAL EL PINO,Metropolitana,https://transparenciachc.blob.core.windows.net/oc-da/Instituciones_compradoras.zip,2026-03-04T17:59:21.648688+00:00
37256bd528299056af3ef715564f64a9293fbb770c8050126d5b87c916aaaf35,2042,SALUD,SERVICIO DE SALUD ANTOFAGASTA HOSPITAL 21 DE MAYO TALTAL,7391,2540,HOSPITAL DE TALTAL,Antofagasta,https://transparenciachc.blob.core.windows.net/oc-da/Instituciones_compradoras.zip,2026-03-04T17:59:21.648688+00:00
057309d35eeef720407acd32307ec0d0c8c49c20bcf60761c11f30d08a9e917e,2601,SALUD,HOSPITAL BASE OSORNO,7393,2541,HOSPITAL BASE OSORNO,Los Lagos,https://transparenciachc.blob.core.windows.net/oc-da/Instituciones_compradoras.zip,2026-03-04T17:59:21.648688+00:00
25bb0099544f5da716b250c1cf89918e6222ad915da1d17ccdedc3faf55fa0db,3079,SALUD,SERVICIO DE SALUD BIO BIO HOSPITAL DE YU,7397,3091,HOSPITAL YUMBEL,Bío-Bío,https://transparenciachc.blob.core.windows.net/oc-da/Instituciones_compradoras.zip,2026-03-04T17:59:21.648688+00:00
4287413a62c41275c7ef666bc85a46b502689ff264ea87b6b593f04d8e9f2e27,2091,SALUD,SERVICIO DE SALUD ARAUCO HOSPITAL DE ARAUCO,7398,3092,HOSPITAL ARAUCO,Bío-Bío,https://transparenciachc.blob.core.windows.net/oc-da/Instituciones_compradoras.zip,2026-03-04T17:59:21.648688+00:00
abccb05b6b5af0589923a74164ece7268b86cb03038c5881ed38eac144d38357,2113,SALUD,SERVICIO NACIONAL DE SALUD HOSPITAL DE C,7399,3093,HOSPITAL CURANILAHUE,Bío-Bío,https://transparenciachc.blob.core.windows.net/oc-da/Instituciones_compradoras.zip,2026-03-04T17:59:21.648688+00:00
9d0cac938d4320a637d7d65c95d6b33ad3bd399800237cdf195eb4269c95bd6f,1033,SALUD,SERVICIO DE SALUD CONCEPCION ARAUCO HOSPITAL DE CONTULMO,7400,3095,HOSPITAL CONTULMO,Bío-Bío,https://transparenciachc.blob.core.windows.net/oc-da/Instituciones_compradoras.zip,2026-03-04T17:59:21.648688+00:00
70fa8ad690ae32a7e056c23070ad730be74b8c2484d1391241cba497dacc288e,2213,SALUD,HOSPITAL INTERCULTURAL KALLVU LLANKA.-,7401,6318,HOSPITAL R.F.G. CAÑETE,Bío-Bío,https://transparenciachc.blob.core.windows.net/oc-da/Instituciones_compradoras.zip,2026-03-04T17:59:21.648688+00:00
c15f7fabb3b3f7ccb3ad0f2b3879e29595fd0b38ad440d9467e41f01b101f46a,2121,SALUD,SERVICIO NACIONAL DE SALUD HOSPITAL DE LEBU,7402,3097,HOSPITAL LEBU,Bío-Bío,https://transparenciachc.blob.core.windows.net/oc-da/Instituciones_compradoras.zip,2026-03-04T17:59:21.648688+00:00
d765ffb6ede17dc25fc7b7c26ddd9679c3843a84ea8d5eee3b6f8a994094e359,4024,SALUD,HOSPITAL  LONQUIMAY,7403,3098,HOSPITAL  LONQUIMAY,Araucanía,https://transparenciachc.blob.core.windows.net/oc-da/Instituciones_compradoras.zip,2026-03-04T17:59:21.648688+00:00
f6c249c1a4130089a7ac087f8a141e863dff062d05e49428bfc81e629d13bf86,3044,SALUD,SERVICIO DE SALUD BIO BIO HOSPITAL SANTA BARBARA,7404,2544,HOSPITAL SANTA BARBARA,Bío-Bío,https://transparenciachc.blob.core.windows.net/oc-da/Instituciones_compradoras.zip,2026-03-04T17:59:21.648688+00:00
9dfce3b4db6ac1dcd5158273b5bfbc82bc910a9004d3ef9825e2d0d5efe2e753,1055,SALUD,SERVICIO DE SALUD SUR HOSPITAL SAN LUIS,7405,3099,HOSPITAL SAN LUIS DE BUIN,Metropolitana,https://transparenciachc.blob.core.windows.net/oc-da/Instituciones_compradoras.zip,2026-03-04T17:59:21.648688+00:00
b875071b0aece9b1733bd56f7b065df8ae3d51e5e6f0d2faf881e9cfa2cd657b,0024,SALUD,SERVICIO DE SALUD METROPOLITANA NORTE HOSPITAL SAN JOSE,7406,2545,HOSPITAL SAN  JOSÉ,Metropolitana,https://transparenciachc.blob.core.windows.net/oc-da/Instituciones_compradoras.zip,2026-03-04T17:59:21.648688+00:00
f91973260b61848b4cc639d44a16dfdc9bed761dd74aaa3cd815fd3222a42aa0,3006,SALUD,SERVICIO DE SALUD ATACAMA,7409,2548,SERVICIO DE SALUD ATACAMA,Atacama,https://transparenciachc.blob.core.windows.net/oc-da/Instituciones_compradoras.zip,2026-03-04T17:59:21.648688+00:00
9cad4fee8581c324e252330c36e3fd07164d6b220b9d3749f009f3e18c93780d,5020,SALUD,SERVICIO DE SALUD VALDIVIA HOSPITAL BASE,7410,2549,HOSPITAL VALDIVIA,Los Ríos,https://transparenciachc.blob.core.windows.net/oc-da/Instituciones_compradoras.zip,2026-03-04T17:59:21.648688+00:00
10d65a413619dbcc4ade689d99b83b0e86cfd1dadf255e3df188521603c4df70,3073,SALUD,SERVICIO DE SALUD ATACAMA HOSPITAL COPIA,7411,5854,FARMACIA HOSPITAL DE COPIAPO,Atacama,https://transparenciachc.blob.core.windows.net/oc-da/Instituciones_compradoras.zip,2026-03-04T17:59:21.648688+00:00
b39503eb24d430b880823a21862ebf646ce65beffba8cd5ea23a92dccb2f00cd,3030,SALUD,HOSPITAL PROVINCIAL   DEL HUASCO MSR FERNANDO ARIZTIA RUIZ,7412,6262,ADQUISICIONES NO CLINICAS,Atacama,https://transparenciachc.blob.core.windows.net/oc-da/Instituciones_compradoras.zip,2026-03-04T17:59:21.648688+00:00
f0e8d5db30b2c9d39be70e8bd39384474f669c43059d1d2534127c92335e6558,3057,SALUD,SERVICIO DE SALUD ATACAMA HOSPITAL DE CHANARAL,7413,2552,HOSPITAL DE CHAÑARAL,Atacama,https://transparenciachc.blob.core.windows.net/oc-da/Instituciones_compradoras.zip,2026-03-04T17:59:21.648688+00:00
9f0be2e0308acb0b3f3c78625477ed8d7b8f2ef7bba54f655b7319ec073a4f20,3022,SALUD,SERVICIO SALUD ATACAMA HOSPITAL DE HUASCO,7414,1258219,FONDOS EXTRAPRESUPUESTARIOS,Atacama,https://transparenciachc.blob.core.windows.net/oc-da/Instituciones_compradoras.zip,2026-03-04T17:59:21.648688+00:00
05ef9be0943f746b3460a259122517b824d09e5a571d1f8946cf37e01981b328,6309,SALUD,SERVICIO SALUD ATACAMA HOSPITAL DE HUASCO,7414,2553,HOSPITAL DE HUASCO,Atacama,https://transparenciachc.blob.core.windows.net/oc-da/Instituciones_compradoras.zip,2026-03-04T17:59:21.648688+00:00
09074d073d82c2504d8b23a97f4f550ad221127fbb86cdd7b76d2af58f282c65,3065,SALUD,SERVICIO DE SALUD ATACAMA HOSPITAL FLORENCIO VARGAS DIAZ,7415,2554,HOSPITAL DIEGO DE ALMAGRO,Atacama,https://transparenciachc.blob.core.windows.net/oc-da/Instituciones_compradoras.zip,2026-03-04T17:59:21.648688+00:00
20d1f2285583e8a32b9fa7cba64824521a39ef0f7542030a281e838200989d48,4037,SALUD,SERVICIO DE SALUD COQUIMBO HOSPITAL DE COQUIMBO,7416,3121,HOSPITAL COQUIMBO,Coquimbo,https://transparenciachc.blob.core.windows.net/oc-da/Instituciones_compradoras.zip,2026-03-04T17:59:21.648688+00:00
80794808826cb3ad508f75124f912930998c3544bb867ee81e1a3bbd548027e4,4045,SALUD,SERVICIO DE SALUD COQUIMBO HOSPITAL DE O,7417,3123,HOSPITAL OVALLE,Coquimbo,https://transparenciachc.blob.core.windows.net/oc-da/Instituciones_compradoras.zip,2026-03-04T17:59:21.648688+00:00
aa1f39103793a257d8ee86eb611b3fbe1f0ad2a391b97d3877880c94122d0581,3003,MUNICIPALIDADES,ILUSTRE MUNICIPALIDAD DE RANQUIL,7418,5945,DEPARTAMENTO DE CEMENTERIO MUNICIPAL,Ñuble,https://transparenciachc.blob.core.windows.net/oc-da/Instituciones_compradoras.zip,2026-03-04T17:59:21.648688+00:00
9fc8785c50ad160d42ec639d2fcb5f3c3defb8d3458a55b11b61bb0c44eec9a7,2021,SALUD,SERVICIO DE SALUD DE TALCAHUANO HOSPITAL,7419,3125,UNIDAD DE INSUMOS Y FARMACOS,Bío-Bío,https://transparenciachc.blob.core.windows.net/oc-da/Instituciones_compradoras.zip,2026-03-04T17:59:21.648688+00:00
c775e3fab66d9f8e242cb0918c70baeb55d579128beb23dc6976d66b090a1131,0576,"GOB. CENTRAL, UNIVERSIDADES",DELEGACIÓN PRESIDENCIAL PROVINCIAL DE PETORCA,7420,3126,DELEGACIÓN PRESIDENCIAL PROVINCIAL DE PETORCA,Valparaíso,https://transparenciachc.blob.core.windows.net/oc-da/Instituciones_compradoras.zip,2026-03-04T17:59:21.648688+00:00
93cbee97377e070d22137e64790746f46dce7963b332475097e4027edf9bd1a3,1346,SALUD,SERVICIO DE SALUD HOSPITAL COINCO,7421,3183,HOSPITAL COINCO,Lib. Gral. Bdo. O'Higgins,https://transparenciachc.blob.core.windows.net/oc-da/Instituciones_compradoras.zip,2026-03-04T17:59:21.648688+00:00
15bd438eb55e4fc192cb6ecb92aa01d965f28e1010059f7deb0a2dce47ba6581,5071,SALUD,SERVICIO DE SALUD VALDIVIA HOSPITAL DE P,7422,3185,HOSPITAL DE PAILLACO,Los Ríos,https://transparenciachc.blob.core.windows.net/oc-da/Instituciones_compradoras.zip,2026-03-04T17:59:21.648688+00:00
9db7012e995e375ddb224c6da2ec8ca76317cd4a206baf5b362ba063e0ed4544,7508,SALUD,SERVICIO DE SALUD VALDIVIA HOSPITAL DE R,7423,3187,HOSPITAL RÍO BUENO,Los Ríos,https://transparenciachc.blob.core.windows.net/oc-da/Instituciones_compradoras.zip,2026-03-04T17:59:21.648688+00:00
5d30db60e0775a6ec9df21d868a92ee00aa6a3503dd5151214dceb66730755ea,5047,SALUD,SERVICIO DE SALUD VALDIVIA HOSPITAL LANC,7424,3188,HOSPITAL DE LANCO,Los Ríos,https://transparenciachc.blob.core.windows.net/oc-da/Instituciones_compradoras.zip,2026-03-04T17:59:21.648688+00:00
183190a3d9db9375a1f7afedc2e83c3fd41be5d861a69f415b9b06a875d6304a,5098,SALUD,SERVICIO DE SALUD VALDIVIA HOSPITAL DE L,7425,3189,HOSPITAL DE LOS LAGOS,Los Ríos,https://transparenciachc.blob.core.windows.net/oc-da/Instituciones_compradoras.zip,2026-03-04T17:59:21.648688+00:00
1ff2c7c008deace66e7ea06b83e71489bfbfb9f9b21dfce0c58f55a984fdd5da,5055,SALUD,SERVICIO DE SALUD VALDIVIA HOSPITAL DE C,7426,3190,HOSPITAL DE CORRAL,Los Ríos,https://transparenciachc.blob.core.windows.net/oc-da/Instituciones_compradoras.zip,2026-03-04T17:59:21.648688+00:00
d7f542a3e632c335616830077a896f2b57776894a653e0d2da9a4a5ef32d4508,1063,SALUD,HOSPITAL PSIQUIÁTRICO EL PERAL,7427,3191,HOSPITAL PSIQUIÁTRICO EL PERAL,Metropolitana,https://transparenciachc.blob.core.windows.net/oc-da/Instituciones_compradoras.zip,2026-03-04T17:59:21.648688+00:00
156f45af694573dfcefee6ad242b1c00ea6fabbc6e7ff8617229da86ac2fd5ff,4062,SALUD,SERVICIO DE SALUD ORIENTE HOSPITAL DEL SALVADOR,7428,3162,MANTENCION EQUIPOS MEDICOS,Metropolitana,https://transparenciachc.blob.core.windows.net/oc-da/Instituciones_compradoras.zip,2026-03-04T17:59:21.648688+00:00
7f9fb298bc8c54a47cd9e93bc9557ddf2b69597085f6200005c815241020948e,5039,SALUD,SERVICIO DE SALUD VALDIVIA HOSPITAL LA U,7429,3193,HOSPITAL DE LA UNIÓN,Los Ríos,https://transparenciachc.blob.core.windows.net/oc-da/Instituciones_compradoras.zip,2026-03-04T17:59:21.648688+00:00
d2ee447e182bb18e43480bc6f97919ef27e88632cb0887bfc31ba530c9b7c73e,4038,SALUD,INSTITUTO NACIONAL DE GERIATRIA PRESIDENTE EDO FREI MONTALVA,7430,3194,INSTITUTO NACIONAL DE GERIATRIA PRESIDENTE EDO FRE,Metropolitana,https://transparenciachc.blob.core.windows.net/oc-da/Instituciones_compradoras.zip,2026-03-04T17:59:21.648688+00:00
953ba5d6cbe80c463234d6af3bfd8b15db468448288ffe2729ef88ce69203e8b,7001,SALUD,SERVICIO DE SALUD ACONCAGUA,7431,622789,CENTRO DE SALUD FAMILIAR LLAY LLAY,Valparaíso,https://transparenciachc.blob.core.windows.net/oc-da/Instituciones_compradoras.zip,2026-03-04T17:59:21.648688+00:00
0473aea0eed75b02a834b1a5d0ee36bcc91abfb985111caf53baaf2fb95323bf,6701,SALUD,SERVICIO DE SALUD ACONCAGUA,7431,2713,BIENESTAR - SSA,Valparaíso,https://transparenciachc.blob.core.windows.net/oc-da/Instituciones_compradoras.zip,2026-03-04T17:59:21.648688+00:00
5ca583917528ffc9569bb5746529f0ecdd393e6e67d39b0f300827763fe2a2b4,1176,SALUD,INSTITUTO NACIONAL DE REHABILITACION PEDRO AGUIRRE CERDA,7432,3196,INSTITUTO NAC. DE REHABILITACIÓN PEDRO AGUIRRE C.,Metropolitana,https://transparenciachc.blob.core.windows.net/oc-da/Instituciones_compradoras.zip,2026-03-04T17:59:21.648688+00:00
5b69fdc3a0e3939b6b67eba0ce26ac360958eca70a74a791303f685b4f4a2677,2415,SALUD,SERVICIO SALUD ARAUCANIA NORTE HOSPITAL CURACAUTIN,7433,3197,SERVICIO SALUD ARAUCANIA NORTE HOSPITAL CURACAUTIN,Araucanía,https://transparenciachc.blob.core.windows.net/oc-da/Instituciones_compradoras.zip,2026-03-04T17:59:21.648688+00:00
97dbc34678b4dab22e8f10fdcfbc75f9230a67ae06d0db3a16d1ef80906ddb05,3028,SALUD,SERVICIO DE SALUD BIO BIO HOSPITAL DE MULCHEN,7434,3199,HOSPITAL DE MULCHÉN,Bío-Bío,https://transparenciachc.blob.core.windows.net/oc-da/Instituciones_compradoras.zip,2026-03-04T17:59:21.648688+00:00
6c566bf20b212e8e641d5c1fd93a560d5eea4df1fcaac01d84c13bc891b8d9d3,1435,SALUD,SERVICIO DE SALUD HOSPITAL DE PICHIDEGUA,7435,3200,HOSPITAL PICHIDEGUA,Lib. Gral. Bdo. O'Higgins,https://transparenciachc.blob.core.windows.net/oc-da/Instituciones_compradoras.zip,2026-03-04T17:59:21.648688+00:00
bebe5ced9f8b20f172633bfe4d5c6e68b8158c16dde9684b16fb50bc748b20a2,1532,SALUD,SERVICIO DE SALUD HOSPITAL DE PICHILEMU,7436,3202,HOSPITAL PICHILEMU,Lib. Gral. Bdo. O'Higgins,https://transparenciachc.blob.core.windows.net/oc-da/Instituciones_compradoras.zip,2026-03-04T17:59:21.648688+00:00
26931bb72c779732037e70d53a4c084e44e03503d774e4073f42fdaf4f58a128,1524,SALUD,HOSPITAL DE LITUECHE,7439,2615,HOSPITAL DE LITUECHE,Lib. Gral. Bdo. O'Higgins,https://transparenciachc.blob.core.windows.net/oc-da/Instituciones_compradoras.zip,2026-03-04T17:59:21.648688+00:00
15b6b9a979b835b4dfa7b2b1c7b4209109f48b80d742b87cda2c9e2045d025b9,1400,SALUD,SERVICIO DE SALUD HOSPITAL DE RENGO,7440,6239,UNIDAD DE FARMACIA,Lib. Gral. Bdo. O'Higgins,https://transparenciachc.blob.core.windows.net/oc-da/Instituciones_compradoras.zip,2026-03-04T17:59:21.648688+00:00
f4ebb154e3a3f42b433be7e75ef421d284a3e94c10c3e31987fdb30742851a2e,2146,SALUD,SERVICIO DE SALUD HOSPITAL DE CHIMBARONGO,7441,2616,SERVICIO DE SALUD HOSPITAL DE CHIMBARONGO,Lib. Gral. Bdo. O'Higgins,https://transparenciachc.blob.core.windows.net/oc-da/Instituciones_compradoras.zip,2026-03-04T17:59:21.648688+00:00
f4757f651f2d245b9f81971f96ad20c264e2ee07edb8dcb25bc7ff49ce0a88d9,1516,SALUD,SERVICIO DE SALUD HOSPITAL DE MARCHIGUE,7442,2617,HOSPITAL DE MARCHIGUE,Lib. Gral. Bdo. O'Higgins,https://transparenciachc.blob.core.windows.net/oc-da/Instituciones_compradoras.zip,2026-03-04T17:59:21.648688+00:00
e59bf53cda3276dd1060bc2f2ec6d1b025724bc5bc78dc2afd425c88e62c1d5c,1419,SALUD,SERVICIO DE SALUD HOSPITAL DE SAN VICENTE DE TAGUA TAGUA,7443,2618,HOSPITAL DE SAN VICENTE DE TAGUA TAGUA,Lib. Gral. Bdo. O'Higgins,https://transparenciachc.blob.core.windows.net/oc-da/Instituciones_compradoras.zip,2026-03-04T17:59:21.648688+00:00
f2f2c7503e2824db3367af23b2dcc4e0f3d16b42aa7a8b92962831f93e8eb870,1427,SALUD,SERVICIO DE SALUD HOSPITAL DE PEUMO,7444,2619,HOSPITAL DE PEUMO,Lib. Gral. Bdo. O'Higgins,https://transparenciachc.blob.core.windows.net/oc-da/Instituciones_compradoras.zip,2026-03-04T17:59:21.648688+00:00
38dc80bd59f00ad2163db8c420f4317ffc75b98cf06681ce1133c11d5ca2547c,1478,SALUD,SERVICIO DE SALUD HOSPITAL DE NANCAGUA,7445,2620,HOSPITAL DE NANCAGUA,Lib. Gral. Bdo. O'Higgins,https://transparenciachc.blob.core.windows.net/oc-da/Instituciones_compradoras.zip,2026-03-04T17:59:21.648688+00:00
b7747f34a142f96d108d451d073fc7518abce7dbd2b22f584d82e1f477fc2514,1982,SALUD,SERVICIO SALUD TALCAHUANO HOSPITAL PENCO-LIRQUEN,7446,2621,HOSPITAL PENCO - LIRQUEN,Bío-Bío,https://transparenciachc.blob.core.windows.net/oc-da/Instituciones_compradoras.zip,2026-03-04T17:59:21.648688+00:00
05bd65e7419fa2b8f19f41e09e60fca9470ed741dc925ce369e55ef812004942,1508,SALUD,HOSPITAL DE LOLOL,7447,2622,HOSPITAL DE LOLOL,Lib. Gral. Bdo. O'Higgins,https://transparenciachc.blob.core.windows.net/oc-da/Instituciones_compradoras.zip,2026-03-04T17:59:21.648688+00:00
659aea7ca2f0593a375ea27db1f983057e47f65a7410f52472995de884135934,1451,SALUD,SERVICIO DE SALUD HOSPITAL DE SAN FERNANDO,7448,595824,HOSPITAL SAN FERNANDO OPERACIONES,Lib. Gral. Bdo. O'Higgins,https://transparenciachc.blob.core.windows.net/oc-da/Instituciones_compradoras.zip,2026-03-04T17:59:21.648688+00:00
685bf657e55342ee8e20d97d80ea7aba85afb942a72e0e3f09b2f2ae8e979a2b,2132,SALUD,SERVICIO DE SALUD HOSPITAL DE GRANEROS,7449,2624,HOSPITAL SANTA FILOMENA DE GRANEROS,Lib. Gral. Bdo. O'Higgins,https://transparenciachc.blob.core.windows.net/oc-da/Instituciones_compradoras.zip,2026-03-04T17:59:21.648688+00:00
04d0104a9e0ac2bccf0fc1b7decf29a8f93083a9baef21470eab234acbcc1ff9,0835,"GOB. CENTRAL, UNIVERSIDADES",DELEGACIÓN PRESIDENCIAL PROVINCIAL DE ARAUCO,7450,2625,DELEGACIÓN PRESIDENCIAL PROVINCIAL DE ARAUCO,Bío-Bío,https://transparenciachc.blob.core.windows.net/oc-da/Instituciones_compradoras.zip,2026-03-04T17:59:21.648688+00:00
bc3ca22e44d88a826a73049c32950e989593d6abda04cc2ff2533f60c619cf3c,2018,SALUD,SERVICIO DE SALUD ANTOFAGASTA HOSPITAL L,7451,3252,ABASTECIMIENTO PRINCIPAL,Antofagasta,https://transparenciachc.blob.core.windows.net/oc-da/Instituciones_compradoras.zip,2026-03-04T17:59:21.648688+00:00
72ce23ebf380a66d4827be8f49b9e42153d1a7bb8a1eb4cea52b1ada0d100c35,9039,SALUD,SERVICIO DE SALUD DEL MAULE HOSPITAL DE CURICO,7452,5996,UNIDAD PRÒTESIS,Maule,https://transparenciachc.blob.core.windows.net/oc-da/Instituciones_compradoras.zip,2026-03-04T17:59:21.648688+00:00
d9dd78deae715e40f89727e3223b7a5a3524fa5b957af717e0fd69ff54dc948d,1003,SALUD,SERVICIO DE SALUD IQUIQUE,7453,6396,HOSPITAL DR HECTOR REYNO G ALTO HOSPICIO,Tarapacá,https://transparenciachc.blob.core.windows.net/oc-da/Instituciones_compradoras.zip,2026-03-04T17:59:21.648688+00:00
67e02e00984cd5572fd8f7d525a9590545b59d9282081ebee363f58b1d62ae5e,0500,MUNICIPALIDADES,ILUSTRE MUNICIPALIDAD DE DIEGO DE ALMAGRO,7454,3901,EDUCACIÓN,Atacama,https://transparenciachc.blob.core.windows.net/oc-da/Instituciones_compradoras.zip,2026-03-04T17:59:21.648688+00:00
077f84872b0ee9cf2212920f6f9e27dd72401c41f03d61d6e8c83a2a844fe85a,1257,SALUD,SERVICIO DE SALUD METROPOLITANO OCCIDENTE HOSPITAL DE CURACAVI,7455,2638,HOSPITAL DE CURACAVÍ,Metropolitana,https://transparenciachc.blob.core.windows.net/oc-da/Instituciones_compradoras.zip,2026-03-04T17:59:21.648688+00:00
18f8522a0381733369b03e84c9388deaac8f3b15d1fdc337cefdbad61ac7f296,2035,SALUD,SERVICIO DE SALUD OCCIDENTE INSTITUTO TRAUMATOLOGICO DE SANTIAGO,7456,6190,CAPACITACIÓN,Metropolitana,https://transparenciachc.blob.core.windows.net/oc-da/Instituciones_compradoras.zip,2026-03-04T17:59:21.648688+00:00
ff0264100fe3c7713ee0caf0316869fb8e4b59e4e3adbe22ed7c5314057e8499,1222,SALUD,SERVICIO NACIONAL DE SALUD HOSPITAL DE T,7457,2639,HOSPITAL DE TALAGANTE,Metropolitana,https://transparenciachc.blob.core.windows.net/oc-da/Instituciones_compradoras.zip,2026-03-04T17:59:21.648688+00:00
9d8604a44298504670e5739bd17e3a8fb579a4e6c2f65445ce469ca430fc9267,1230,SALUD,HOSPITAL DE MELIPILLA,7458,3105,HOSPITAL DE MELIPILLA,Metropolitana,https://transparenciachc.blob.core.windows.net/oc-da/Instituciones_compradoras.zip,2026-03-04T17:59:21.648688+00:00
eb796cb415eba4fde23aa8ac9c3d40576b03ed74a082403438d5456c8e7dbc01,1214,SALUD,SERVICIO NACIONAL DE SALUD HOSPITAL DE P,7459,6404,CAPACITACION-,Metropolitana,https://transparenciachc.blob.core.windows.net/oc-da/Instituciones_compradoras.zip,2026-03-04T17:59:21.648688+00:00
4742187fa8eddfd71206d532b41a0c4fcd4fdc7e8ec11cf9649239e0df0a22d6,6022,SALUD,HOSPITAL DE URGENCIA ASISTENCIA PUBLICA DR ALEJANDRO DEL RIO,7460,893422,EXTRASISTEMA HUAP,Metropolitana,https://transparenciachc.blob.core.windows.net/oc-da/Instituciones_compradoras.zip,2026-03-04T17:59:21.648688+00:00
b7bf84982699ef724d3c2033bcfb2e704ee2bb68f617402d570ce78250ca0529,2237,SALUD,SERVICIO SALUD ARAUCANIA HOSPITAL DE COLLIPULLI,7462,3107,HOSPITAL COLLIPULLI,Araucanía,https://transparenciachc.blob.core.windows.net/oc-da/Instituciones_compradoras.zip,2026-03-04T17:59:21.648688+00:00
d3a909f3979ad4c4ea594a9f770492de2d8972fa4506fb1ac9b79779fe334fea,3060,SALUD,SERVICIO DE SALUD BIO BIO HOSPITAL DE LAJA,7464,3108,HOSPITAL LAJA,Bío-Bío,https://transparenciachc.blob.core.windows.net/oc-da/Instituciones_compradoras.zip,2026-03-04T17:59:21.648688+00:00
18f6d7a09159803dd0947360df6509fa18dbdf1b8cde4898bcdb56b646b75519,2245,SALUD,SERVICIO NACIONAL DE SALUD HOSPITAL PUREN,7465,3111,HOSPITAL DE PURÉN,Araucanía,https://transparenciachc.blob.core.windows.net/oc-da/Instituciones_compradoras.zip,2026-03-04T17:59:21.648688+00:00
8f1ad682c8870595d42d0385f6651118404fe4e5fddd65cb9ed334ca6f30cff3,6057,SALUD,SERVICIO DE SALUD METROPOLI CENTRAL DIRECCION DE ATENCION PRIMARIA,7466,2651,SUBDIRECCIÓN DE ATENCIÓN PRIMARIA,Valparaíso,https://transparenciachc.blob.core.windows.net/oc-da/Instituciones_compradoras.zip,2026-03-04T17:59:21.648688+00:00
9e3448aad617002f33e208ee815d63c909cdbbd9935524ea97228d908b11d8f7,6407,SALUD,SERVICIO DE SALUD COQUIMBO HOSPITAL DR. HUMBERTO ELORZA CORTES,7468,3120,HOSPITAL DE ILLAPEL,Coquimbo,https://transparenciachc.blob.core.windows.net/oc-da/Instituciones_compradoras.zip,2026-03-04T17:59:21.648688+00:00
5ea4272b83785502cf8811f31100ed3c64410dc794a84af19b2b0bc0fe45a6c1,0029,SALUD,SERVICIO DE SALUD NUBLE HOSPITAL DE SAN CARLOS DR BENICIO ARZOLA MEDIN,7469,3137,HOSPITAL SAN CARLOS,Ñuble,https://transparenciachc.blob.core.windows.net/oc-da/Instituciones_compradoras.zip,2026-03-04T17:59:21.648688+00:00
fb034c3c6a73708bc21f20426ba5d406bd3a08e06d1bfc21fa31c6fe17ef4d07,2628,SALUD,SERVICIO NACIONAL DE SALUD HOSPITAL DE RIO NEGRO,7470,2666,HOSPITAL RIO NEGRO,Los Lagos,https://transparenciachc.blob.core.windows.net/oc-da/Instituciones_compradoras.zip,2026-03-04T17:59:21.648688+00:00
fb6d10d185c31bba742ed55c40e63243ff6bd03f261650f65b7620e478f678c2,4096,SALUD,SERVICIO DE SALUD COQUIMBO HOSPITAL DE LOS VILOS,7471,3140,HOSPITAL LOS VILOS,Coquimbo,https://transparenciachc.blob.core.windows.net/oc-da/Instituciones_compradoras.zip,2026-03-04T17:59:21.648688+00:00
cba39e9bf99b8a6b8288ce5cd913b6ebf314adedfe87fdf21c7ba89976302645,4053,SALUD,SERVICIO DE SALUD COQUIMBO HOSPITAL DE ANDACOLLO,7472,3141,HOSP. ANDACOLLO,Coquimbo,https://transparenciachc.blob.core.windows.net/oc-da/Instituciones_compradoras.zip,2026-03-04T17:59:21.648688+00:00
8007d5d8002d324b04bf9fa23b80485bcf30e569e192da825f321ec88ac864c2,1041,SALUD,SERVICIO DE SALUD CONCEPCION ARAUCO CONS,7473,650485,CVMF SERVICIOS EXTERNOS,Bío-Bío,https://transparenciachc.blob.core.windows.net/oc-da/Instituciones_compradoras.zip,2026-03-04T17:59:21.648688+00:00
9cfaa22fc2c81c02a171b3045d9fc31f0a5bb72658f70bd467fec3470d77de5b,4070,SALUD,INSTITUTO DE NEUROCIRUGÍA,7474,673684,MEDICAMENTOS E INSUMOS CLINICOS,Metropolitana,https://transparenciachc.blob.core.windows.net/oc-da/Instituciones_compradoras.zip,2026-03-04T17:59:21.648688+00:00
acc49e957d678f606e4331240f90fe71352ca505ff45816bbe5edb5ddac0a77a,1990,SALUD,SERVICIO NACIONAL DE SALUD HOSPITAL DE FLORIDA,7475,959690,CENTRAL ALIMENTACION,Bío-Bío,https://transparenciachc.blob.core.windows.net/oc-da/Instituciones_compradoras.zip,2026-03-04T17:59:21.648688+00:00
8b46a42d4b2ea545e4e29cd74393bd993160be062a318785a3c8fb3256a594db,2938,SALUD,SERVICIO NAC DE SALUD HOSPITAL DE PTO CISNES,7476,3146,HOSPITAL PUERTO CISNES,Aysén,https://transparenciachc.blob.core.windows.net/oc-da/Instituciones_compradoras.zip,2026-03-04T17:59:21.648688+00:00
e084b8815482b5969d7eb26b609626e1ec9446d5277ff8049d1b831e7df7e06f,5034,SALUD,HOSPITAL SANATORIO SAN JOSÉ DE MAIPO,7477,3148,HOSPITAL SANATORIO SAN JOSÉ DE MAIPO,Metropolitana,https://transparenciachc.blob.core.windows.net/oc-da/Instituciones_compradoras.zip,2026-03-04T17:59:21.648688+00:00
e071eaa9ddcece1266905ccbbd576965b13adc8a73a1f95836b89eeb4e6dd374,2954,SALUD,SERVICIO NAC DE SALUD HOSPITAL TRAUMATOLOGICO,7479,3152,2157 LICITACIONES HTC - ADM PRINCIPAL,Bío-Bío,https://transparenciachc.blob.core.windows.net/oc-da/Instituciones_compradoras.zip,2026-03-04T17:59:21.648688+00:00
fa6bad9baf6e41ca2114e1f499d179874947a32f8164e6ac3f6e06d49670daaa,2292,SALUD,SERVICIO NACIONAL DE SALUD HOSPITAL DE COCHRANE,7480,2688,HOSPITAL COCHRANE,Aysén,https://transparenciachc.blob.core.windows.net/oc-da/Instituciones_compradoras.zip,2026-03-04T17:59:21.648688+00:00
55d91a917ef8141748632b9da7dca6e52f40d081bb095d353e932f76692aa020,2032,SALUD,SERVICIO NACIONAL DE SALUD HOSPITAL DE LOTA,7481,5556,FARMACIA HOSPITAL DE LOTA,Bío-Bío,https://transparenciachc.blob.core.windows.net/oc-da/Instituciones_compradoras.zip,2026-03-04T17:59:21.648688+00:00
362074d52875f2a7280101101fefe23e05a2a06a58946a7b2f825e4f9aa63b92,1005,MUNICIPALIDADES,I MUNICIPALIDAD DE SAN FERNANDO,7482,3803,I MUNICIPALIDAD DE SAN FERNANDO,Lib. Gral. Bdo. O'Higgins,https://transparenciachc.blob.core.windows.net/oc-da/Instituciones_compradoras.zip,2026-03-04T17:59:21.648688+00:00
6ccc4f1d3bd039b993901569d158bfc01dc15dccfdba1010c00742fbd2799a5b,3006,MUNICIPALIDADES,CORP MUNICIPAL DE PANGUIPULLI,7483,3154,CMP,Los Ríos,https://transparenciachc.blob.core.windows.net/oc-da/Instituciones_compradoras.zip,2026-03-04T17:59:21.648688+00:00
1786debfee1ed3d6ea8559828bb1a9bbc254b75287fc622ad3ddf8e35bf2d46f,1211,"GOB. CENTRAL, UNIVERSIDADES",GOBERNACION PROVINCIAL DE MAGALLANES,7484,3163,GOBERNACIÓN PROVINCIAL DE MAGALLANES,Magallanes y Antártica,https://transparenciachc.blob.core.windows.net/oc-da/Instituciones_compradoras.zip,2026-03-04T17:59:21.648688+00:00
f4b6f76b773c7459a3782d9fccafd8400f3b932ad8f3537362920cc282946014,6048,SALUD,HOSPITAL DE QUILPUE,7485,5882,ECONOMATO,Valparaíso,https://transparenciachc.blob.core.windows.net/oc-da/Instituciones_compradoras.zip,2026-03-04T17:59:21.648688+00:00
e559b1c617b2072801749f99b049a94c3275ef97e426a3e95daf3b0e975cca7f,6064,SALUD,HOSPITAL DE LA FAMILIA Y LA COMUNIDAD SANTO TOMAS DE LIMACHE,7486,3165,ABASTECIMIENTO HOSPITAL LIMACHE,Valparaíso,https://transparenciachc.blob.core.windows.net/oc-da/Instituciones_compradoras.zip,2026-03-04T17:59:21.648688+00:00
52e89d35fe4a8f0630a5504c395dfae02913f0ebd03d231e410fa6f69266b8e0,6110,SALUD,HOSPITAL SAN AGUSTIN DE LA LIGUA,7487,3166,HOSPITAL LA LIGUA,Valparaíso,https://transparenciachc.blob.core.windows.net/oc-da/Instituciones_compradoras.zip,2026-03-04T17:59:21.648688+00:00
f3537c218e5f7bb492d7f8b5b061bece6c2a228fa4c87b97421d48c59356bfa1,6056,SALUD,SERVICIO DE SALUD VINA DEL MAR QUILLOTA,7489,2698,ABASTECIMIENTO,Valparaíso,https://transparenciachc.blob.core.windows.net/oc-da/Instituciones_compradoras.zip,2026-03-04T17:59:21.648688+00:00
dee32593c6b869ccff2337bfc369e0ddd3a81f0dd7807cdef4d0eb30fab24e41,6072,SALUD,HOSPITAL GERIATRICO LA PAZ DE LA TARDE,7490,3181,HOSPITAL GERIÁTRICO PAZ DE LA TARDE,Valparaíso,https://transparenciachc.blob.core.windows.net/oc-da/Instituciones_compradoras.zip,2026-03-04T17:59:21.648688+00:00
cf7668063acd287e285655db79fe6c83e12cdf79ebe7e783f2dc260cf34d6679,6102,SALUD,DR. VICTOR HUGO MOLL DE CABILDO,7491,3182,HOSPITAL DR. VÍCTOR HUGO MÖLL DE CABILDO,Valparaíso,https://transparenciachc.blob.core.windows.net/oc-da/Instituciones_compradoras.zip,2026-03-04T17:59:21.648688+00:00
a26ec8355feed57cc3981067c720187aaf6d172305ebb7172a6d2fec5f05ae38,1007,MUNICIPALIDADES,I MUNICIPALIDAD DE LIMACHE,7492,914167,FARMACIA COMUNITARIA GERMÁN IRARRÁZAVAL,Valparaíso,https://transparenciachc.blob.core.windows.net/oc-da/Instituciones_compradoras.zip,2026-03-04T17:59:21.648688+00:00
515d7c486c9405727f746ffbae472f478f0b75c1faa470090cdce0a386707015,3002,OTROS,EMPRESA PORTUARIA IQUIQUE,7493,3208,EPI,Tarapacá,https://transparenciachc.blob.core.windows.net/oc-da/Instituciones_compradoras.zip,2026-03-04T17:59:21.648688+00:00
30820abcfd4fb3bd31f630177b8821ba71290c377dac9c516b7f6d8b40ddc19a,2026,SALUD,SERVICIO DE SALUD ANTOFAGASTA HOSP C CIS,7494,3210,HOSPITAL CARLOS CISTERNAS DE CALAMA,Antofagasta,https://transparenciachc.blob.core.windows.net/oc-da/Instituciones_compradoras.zip,2026-03-04T17:59:21.648688+00:00
9e1ff4f1ad7f33b063b6fe53fcf611d2d0fb46bea7d033ca9e366bdb7cf4f9f7,1055,"GOB. CENTRAL, UNIVERSIDADES",DELEGACIÓN PRESIDENCIAL PROVINCIAL DE SAN FELIPE DE ACONCAGUA,7495,3215,DELEGACIÓN PRESIDENCIAL PROVINCIAL DE SAN FELIPE,Valparaíso,https://transparenciachc.blob.core.windows.net/oc-da/Instituciones_compradoras.zip,2026-03-04T17:59:21.648688+00:00
ab2cf574df7659fd46d47d27a02afc3e7167d57ae4dbc5ec29828684c580a63d,3004,MUNICIPALIDADES,I MUNICIPALIDAD DE LA COMUNA DE EL BOSQUE,7496,2732,I MUNICIPALIDAD DE LA COMUNA DE EL BOSQUE,Metropolitana,https://transparenciachc.blob.core.windows.net/oc-da/Instituciones_compradoras.zip,2026-03-04T17:59:21.648688+00:00
908f3e77d5203899e5c5d6657452eeedff1e0862f0c073a1c6993bcb648a4ad2,0003,"GOB. CENTRAL, UNIVERSIDADES",INSTITUTO FORESTAL,7497,2729,INSTITUTO FORESTAL,Coquimbo,https://transparenciachc.blob.core.windows.net/oc-da/Instituciones_compradoras.zip,2026-03-04T17:59:21.648688+00:00
dad07ee79de561c35df90b9121fad87f59368ba55d9f6357e426412f78103d6d,8000,MUNICIPALIDADES,I MUNICIPALIDAD DE SAN MIGUEL,7498,545774,MUNICIPALIDAD DE SAN MIGUEL-SECPLA,Metropolitana,https://transparenciachc.blob.core.windows.net/oc-da/Instituciones_compradoras.zip,2026-03-04T17:59:21.648688+00:00
24c2285ec9b226325b9621af39bb02ace4deb6a98f1aabcf75f4c4ff9eb0bc13,1041,"GOB. CENTRAL, UNIVERSIDADES",DELEGACIÓN PRESIDENCIAL PROVINCIAL DE CHILOÉ,7499,551016,ORASMI 102-O,Los Lagos,https://transparenciachc.blob.core.windows.net/oc-da/Instituciones_compradoras.zip,2026-03-04T17:59:21.648688+00:00
02ec62694aecbb688a6a82ec7003288449f7262b862cdd6faeba74f4a9abba30,0300,MUNICIPALIDADES,I MUNICIPALIDAD DE CHANCO,7501,4391,DEPTO. DE SALUD,Maule,https://transparenciachc.blob.core.windows.net/oc-da/Instituciones_compradoras.zip,2026-03-04T17:59:21.648688+00:00
af08205f2009727469b7a3a1e2ac9735b2792bdae2c92ef12b2ab82465418177,8005,MUNICIPALIDADES,I MUNICIPALIDAD DE LA PINTANA,83825,3308,DEPARTAMENTO ADQUISICIONES EDUCACION,Metropolitana,https://transparenciachc.blob.core.windows.net/oc-da/Instituciones_compradoras.zip,2026-03-04T17:59:21.648688+00:00
ae0132e59549c864393996d794102a5e7e2698b65e36892833c4ec4d0fd20df3,1001,MUNICIPALIDADES,MUNICIPALIDAD DE PUDAHUEL,84149,3273,IMUNI_PUDAHUEL ADQUISICIONES,Metropolitana,https://transparenciachc.blob.core.windows.net/oc-da/Instituciones_compradoras.zip,2026-03-04T17:59:21.648688+00:00
4fd018168300ebbd2f33f08706ef1a7a3335eb593b78008479a557f87f03984f,1001,MUNICIPALIDADES,I MUNICIPALIDAD VALDIVIA,84152,5738,SERVICIO DE BIENESTAR MUNICIPAL,Los Ríos,https://transparenciachc.blob.core.windows.net/oc-da/Instituciones_compradoras.zip,2026-03-04T17:59:21.648688+00:00
a9ba9028e6636481187d1faf89d0184f564177fd665c4dd539a8b37f2bd41fa6,7009,MUNICIPALIDADES,ILUSTRE MUNICIPALIDAD DE MACUL,84300,3281,ILUSTRE MUNICIPALIDAD DE MACUL,Metropolitana,https://transparenciachc.blob.core.windows.net/oc-da/Instituciones_compradoras.zip,2026-03-04T17:59:21.648688+00:00
ea43047e4d00b730450e87333a6b350b32b09dc94459778de94f1e4f4bc8cf1d,3000,MUNICIPALIDADES,I MUNICIPALIDAD DE CANELA,84473,703036,SECRETARIA COMUNAL DE PLANIFICACION,Coquimbo,https://transparenciachc.blob.core.windows.net/oc-da/Instituciones_compradoras.zip,2026-03-04T17:59:21.648688+00:00
d6059a8868eb831a5fa7c2bb286f6ba4392c57dad99b481f26764710ac6f9ce1,7009,MUNICIPALIDADES,I MUNICIPALIDAD DE FRUTILLAR,84478,3283,MUNICIPALIDAD DE FRUTILLAR,Los Lagos,https://transparenciachc.blob.core.windows.net/oc-da/Instituciones_compradoras.zip,2026-03-04T17:59:21.648688+00:00
5c0c43e1ae921da706d3352bb91f18a74a54ef26eb8d734ecad51442c5990ba2,7025,MUNICIPALIDADES,I MUNICIPALIDAD DE FRUTILLAR,84478,3898,MUNICIPALIDAD DE FRUTILLAR DEPTO. ADM. SALUD,Los Lagos,https://transparenciachc.blob.core.windows.net/oc-da/Instituciones_compradoras.zip,2026-03-04T17:59:21.648688+00:00
e2f5e98e36ead6180f547e9c8548fb1c729cec39be1fea933f3b99cd19f94283,7017,MUNICIPALIDADES,I MUNICIPALIDAD DE FRUTILLAR,84478,3899,MUNICIPALIDAD DE FRUTILLAR DEPTO. ADM. EDUCACIÓN MUNICIPAL,Los Lagos,https://transparenciachc.blob.core.windows.net/oc-da/Instituciones_compradoras.zip,2026-03-04T17:59:21.648688+00:00
190e9c25883a0807dd9302907115571c747d94d2ff8d92021d81d4aab0f1ec9d,0216,MUNICIPALIDADES,I MUNICIPALIDAD DE FRUTILLAR,84478,5097,LICEO IGNACIO CARRERA PINTO,Los Lagos,https://transparenciachc.blob.core.windows.net/oc-da/Instituciones_compradoras.zip,2026-03-04T17:59:21.648688+00:00
8e7e3c91741c681f75a7d65cc7861d7bfcc0221f9021bbf6b0335f368b392d21,0564,MUNICIPALIDADES,I MUNICIPALIDAD DE FRUTILLAR,84478,5159,LICEO INDUSTRIAL CHILENO ALEMÁN FRUTILLAR,Los Lagos,https://transparenciachc.blob.core.windows.net/oc-da/Instituciones_compradoras.zip,2026-03-04T17:59:21.648688+00:00
ff178156428e3130be2402dae8baf46c1f4982a88308d5d9d6abfc261ef473c5,2532,MUNICIPALIDADES,I MUNICIPALIDAD DE FRUTILLAR,84478,762717,COMITE DE BIENESTAR MUNICIPALIDAD DE FRUTILLAR,Los Lagos,https://transparenciachc.blob.core.windows.net/oc-da/Instituciones_compradoras.zip,2026-03-04T17:59:21.648688+00:00
e2b118a26802fc4c5c1d0eb192a38b4db2730dca68d269dac8e67d3e9d78887f,4001,MUNICIPALIDADES,I MUNICIPALIDAD DE TALCA,84480,579768,CONVENIO DE SUMINISTRO MUNICIPAL,Maule,https://transparenciachc.blob.core.windows.net/oc-da/Instituciones_compradoras.zip,2026-03-04T17:59:21.648688+00:00
e087af8e679abbfe5c54619591b54717e35d9674385ebeecb839ed864cbd3485,2002,MUNICIPALIDADES,I MUNICIPALIDAD DE CONCHALI,84958,3572,SECRETARÍA DE PLANIFICACIÓN COMUNAL,Metropolitana,https://transparenciachc.blob.core.windows.net/oc-da/Instituciones_compradoras.zip,2026-03-04T17:59:21.648688+00:00
eda022727d263939df918867a5a853987ca76f6e2cf11a13cb24bd9d5f2a864b,1006,MUNICIPALIDADES,I MUNICIPALIDAD DE OSORNO,84959,3302,SECRETARIA DE PLANIFICACION,Los Lagos,https://transparenciachc.blob.core.windows.net/oc-da/Instituciones_compradoras.zip,2026-03-04T17:59:21.648688+00:00
a669b977ec8541c9689220d389438879d929ea888656dc6f0549a74307d99d43,1002,MUNICIPALIDADES,ILUSTRE MUNICIPALIDAD DE MOLINA,84961,3305,DIRECCIÓN COMUNAL DE SALUD,Maule,https://transparenciachc.blob.core.windows.net/oc-da/Instituciones_compradoras.zip,2026-03-04T17:59:21.648688+00:00
e3a1c8a89d991ddb3f595a8a4a361868541450be972058811b1d82bc08af0e65,2014,MUNICIPALIDADES,ILUSTRE MUNICIPALIDAD DE MOLINA,84961,5271,LICEO POLIVALENTE DE MOLINA,Maule,https://transparenciachc.blob.core.windows.net/oc-da/Instituciones_compradoras.zip,2026-03-04T17:59:21.648688+00:00
45ff05b17ff93636deeccfbb123e3f30672048666ccc6df37d93636e4a8f9f9d,0003,"GOB. CENTRAL, UNIVERSIDADES",UNIDAD DE ANALISIS FINANCIERO,85017,3299,UNIDAD DE ANÁLISIS FINANCIERO,Metropolitana,https://transparenciachc.blob.core.windows.net/oc-da/Instituciones_compradoras.zip,2026-03-04T17:59:21.648688+00:00
cee61d2a374df7852d361f35f445b894a513de522b667c7bebd26f826d75bfbf,7502,"GOB. CENTRAL, UNIVERSIDADES",UNIDAD DE ANALISIS FINANCIERO,85017,931071,UNIDAD DE BIENESTAR,Metropolitana,https://transparenciachc.blob.core.windows.net/oc-da/Instituciones_compradoras.zip,2026-03-04T17:59:21.648688+00:00
b675dce8cb7a54596c0ef58d0a93bd5ebcb9bea40717e6a3da593a1ff2c6aacd,1001,MUNICIPALIDADES,I MUNICIPALIDAD DE SAN JAVIER,86407,3314,ADQUISICIONES EDUCACION MUNICIPAL,Maule,https://transparenciachc.blob.core.windows.net/oc-da/Instituciones_compradoras.zip,2026-03-04T17:59:21.648688+00:00
320134e4f8964eaded24ab24d49bb7beb4d4eb036603ef382d001fb635b3b13f,5003,MUNICIPALIDADES,I MUNICIPALIDAD DE VALLENAR,86491,6264,DEPTO. DE EDUCACION MUNICIPAL,Atacama,https://transparenciachc.blob.core.windows.net/oc-da/Instituciones_compradoras.zip,2026-03-04T17:59:21.648688+00:00
70c37fbc41934678cfad388c17aa4ccf431f51e4f9d99bc6041d3f19b934d7b4,1000,MUNICIPALIDADES,I MUNICIPALIDAD DE PUERTO MONTT,86507,3325,OFICINA DE ADQUISICIONES DEL DEPARTAMENTO DE SALUD,Los Lagos,https://transparenciachc.blob.core.windows.net/oc-da/Instituciones_compradoras.zip,2026-03-04T17:59:21.648688+00:00
fce7789434e6564224744b9737d953b1b6534e08d34b9828361f19fc946f7b44,1001,MUNICIPALIDADES,I MUNICIPALIDAD DE LO ESPEJO,86518,750998,DEPARTAMENTO DE LICITACIONES,Metropolitana,https://transparenciachc.blob.core.windows.net/oc-da/Instituciones_compradoras.zip,2026-03-04T17:59:21.648688+00:00
bc62a6828d825ee7ac61ea348ae341514f2dab0a9e264eee192c3fe4b732978f,0636,MUNICIPALIDADES,I MUNICIPALIDAD DE LINARES,86545,3329,DEPARTAMENTO DE EDUCACION MUNICIPAL,Maule,https://transparenciachc.blob.core.windows.net/oc-da/Instituciones_compradoras.zip,2026-03-04T17:59:21.648688+00:00
b3852f22f917c1cb309ccd2c94a44bbed22abdc36b5aabc00a3f24af329ccc46,3004,MUNICIPALIDADES,I MUNICIPALIDAD DE LINARES,86545,3330,SECRETARIA COMUNAL DE PLANIFICACION,Maule,https://transparenciachc.blob.core.windows.net/oc-da/Instituciones_compradoras.zip,2026-03-04T17:59:21.648688+00:00
4740a126424716f757813e5307aac3f2f5f53ab3b3222830f5ee8e54167fb1d9,3012,MUNICIPALIDADES,I MUNICIPALIDAD DE LINARES,86545,3328,ADQUISICIONES SALUD,Maule,https://transparenciachc.blob.core.windows.net/oc-da/Instituciones_compradoras.zip,2026-03-04T17:59:21.648688+00:00
70353b38f527037e39927d4116eb049c6886ede3a3b358ec7b512b13324e0817,2680,MUNICIPALIDADES,I MUNICIPALIDAD DE LINARES,86545,537654,SERVICIO BIENESTAR MUNICIPAL,Maule,https://transparenciachc.blob.core.windows.net/oc-da/Instituciones_compradoras.zip,2026-03-04T17:59:21.648688+00:00
a7a6ea6f6f9dbaac96eed5895294a785ac04c2719f2119d9fb7b1277c71bf50d,8949,MUNICIPALIDADES,I MUNICIPALIDAD DE LINARES,86545,855695,SERVICIO DE BIENESTAR SALUD MUNICIPAL,Maule,https://transparenciachc.blob.core.windows.net/oc-da/Instituciones_compradoras.zip,2026-03-04T17:59:21.648688+00:00
d4381c805886b87da25dc06ec25728124a99e9d13747d3e74980f053be44770e,7005,MUNICIPALIDADES,I MUNICIPALIDAD DE SAN BERNARDO,86548,3335,SECRETARIA COMUNAL DE PLANIFICACION,Metropolitana,https://transparenciachc.blob.core.windows.net/oc-da/Instituciones_compradoras.zip,2026-03-04T17:59:21.648688+00:00
e6618b910e2925491b6531bf3624ac26083cc3fdb72e257c7c3647b7e4eb742d,1006,MUNICIPALIDADES,I MUNICIPALIDAD DE SANTIAGO,86568,5690,ESCUELA PILOTO PARDO F-64,Metropolitana,https://transparenciachc.blob.core.windows.net/oc-da/Instituciones_compradoras.zip,2026-03-04T17:59:21.648688+00:00
40309f861aa8da8f4aa0ad60419cfa2621a22bd597a9ca7f536542c9b49bf90f,4005,MUNICIPALIDADES,I MUNICIPALIDAD DE LAS CONDES,86571,3551,COMITÉ DE PROPUESTAS PÚBLICAS,Metropolitana,https://transparenciachc.blob.core.windows.net/oc-da/Instituciones_compradoras.zip,2026-03-04T17:59:21.648688+00:00
3797df64290c057d4a047dab3dcefabf203f6065973167a68696034b5aa8dedb,2000,MUNICIPALIDADES,I MUNICIPALIDAD DE PUNTA ARENAS,86580,817287,DIRECCIÓN SERVICIOS GENERALES,Magallanes y Antártica,https://transparenciachc.blob.core.windows.net/oc-da/Instituciones_compradoras.zip,2026-03-04T17:59:21.648688+00:00
f3f1a8f670955d2cdba251fffdf7e9b7a903ba6540a5807de7aeeb32ed0cfb30,8005,MUNICIPALIDADES,I MUNICIPALIDAD DE TALCAHUANO,86586,6161,LICEO B-26,Bío-Bío,https://transparenciachc.blob.core.windows.net/oc-da/Instituciones_compradoras.zip,2026-03-04T17:59:21.648688+00:00
26eca6f136856600007540fc5f4ead387c83b32c275e3c6dbe80ce46386257e8,1009,MUNICIPALIDADES,I MUNICIPALIDAD DE ARICA,86624,6260,SERVICIO MUNICIPAL DE SALUD - FARMACIA,Arica y Parinacota,https://transparenciachc.blob.core.windows.net/oc-da/Instituciones_compradoras.zip,2026-03-04T17:59:21.648688+00:00
0c2cba0da9f185e36f146676e77cf83a3a29cc28cb0b7623383d2fd7fc53c070,2002,MUNICIPALIDADES,I.MUNICIPALIDAD DE CERRO NAVIA,86664,528208,SECPLAC 2,Metropolitana,https://transparenciachc.blob.core.windows.net/oc-da/Instituciones_compradoras.zip,2026-03-04T17:59:21.648688+00:00
201362842668074c323bd00647bf403945af4c63e225e7686912d4b0c302d415,5001,MUNICIPALIDADES,I MUNICIPALIDAD DE NUNOA,86764,852504,ADMINISTRACION MUNICIPAL,Metropolitana,https://transparenciachc.blob.core.windows.net/oc-da/Instituciones_compradoras.zip,2026-03-04T17:59:21.648688+00:00
2c9e3b0c838cd447774e010fb05b40d307fc94db01a64c61d55d8d278ce74c1d,7004,MUNICIPALIDADES,I MUNICIPALIDAD DE LA FLORIDA,86766,826098,SERVICIO BIENESTAR,Metropolitana,https://transparenciachc.blob.core.windows.net/oc-da/Instituciones_compradoras.zip,2026-03-04T17:59:21.648688+00:00
4b3d7f1bb1f82ed26ce9e2fa0bb74e2f9b7f0abf2255127a840f4b2c236387dd,2004,MUNICIPALIDADES,I MUNICIPALIDAD DE COPIAPO,86872,807977,LICEO MERCEDES FRITIS M.,Atacama,https://transparenciachc.blob.core.windows.net/oc-da/Instituciones_compradoras.zip,2026-03-04T17:59:21.648688+00:00
fae84192fe22e586f616a65819eeb89dc89be0befbc8d79727b3977dbb5bafb8,0210,MUNICIPALIDADES,I MUNICIPALIDAD DE COPIAPO,86872,5959,LICEO JOSE ANTONIO CARVAJAL,Atacama,https://transparenciachc.blob.core.windows.net/oc-da/Instituciones_compradoras.zip,2026-03-04T17:59:21.648688+00:00
fdab089aee309b2e470a6a8f7272323a8d558c651ca5e24b2b81a5960f91ed88,2778,MUNICIPALIDADES,I MUNICIPALIDAD DE COPIAPO,86872,6058,LICEO DE MUSICA COPIAPO,Atacama,https://transparenciachc.blob.core.windows.net/oc-da/Instituciones_compradoras.zip,2026-03-04T17:59:21.648688+00:00
d95f26321fea91098a7892c1acd4f23ef376ddbf9fa5db2f27f42a78691a87f4,0200,MUNICIPALIDADES,I MUNICIPALIDAD DE CALAMA,86917,3377,ADQUISICIONES,Antofagasta,https://transparenciachc.blob.core.windows.net/oc-da/Instituciones_compradoras.zip,2026-03-04T17:59:21.648688+00:00
ce77d1afab18f22cd3418da50c5bb90f5b504e90de8a2d845362373f718a00ff,2077,MUNICIPALIDADES,I MUNICIPALIDAD DE CALAMA,86917,3378,CEMENTERIO MUNICIPAL,Antofagasta,https://transparenciachc.blob.core.windows.net/oc-da/Instituciones_compradoras.zip,2026-03-04T17:59:21.648688+00:00
6769bfbc9f7c9d345cd968e6c3856f45fd49f5ee7f278ced466059b95f692ba4,6006,MUNICIPALIDADES,I MUNICIPALIDAD DE PUCON,86943,6156,ESCUELA CARLOS HOLZAPFEL,Araucanía,https://transparenciachc.blob.core.windows.net/oc-da/Instituciones_compradoras.zip,2026-03-04T17:59:21.648688+00:00
4c1547773064d3fe0e4eebb2d9479373493c72f086609067f78921de974f1f37,9007,MUNICIPALIDADES,I MUNICIPALIDAD PEDRO AGUIRRE CERDA,87104,3387,DIRECCION DE SALUD,Metropolitana,https://transparenciachc.blob.core.windows.net/oc-da/Instituciones_compradoras.zip,2026-03-04T17:59:21.648688+00:00
daf23c092d23eaf005c3caa708515ad85924edb47cb6a638cdf5d219e919ede8,1000,MUNICIPALIDADES,I MUNICIPALIDAD DE RANCAGUA,87167,3394,DEPARTAMENTO DE ESTUDIOS Y PROYECTOS,Lib. Gral. Bdo. O'Higgins,https://transparenciachc.blob.core.windows.net/oc-da/Instituciones_compradoras.zip,2026-03-04T17:59:21.648688+00:00
b52ab4ba324621f137c62228e46ca1c8f2dd3175d10c73d517c02ffaf4dd3ed0,4000,MUNICIPALIDADES,I MUNICIPALIDAD DE PENALOLEN,87172,3395,I.MUNICIPALIDAD DE PEÑALOLEN,Metropolitana,https://transparenciachc.blob.core.windows.net/oc-da/Instituciones_compradoras.zip,2026-03-04T17:59:21.648688+00:00
b5dd5254937392ed3d03c20ac797360b88410859ba9e0696fed91947ff9ecc3d,3001,MUNICIPALIDADES,I MUNICIPALIDAD DE IQUIQUE,87175,744582,DIRECCION DE DESARROLLO COMUNITARIO,Tarapacá,https://transparenciachc.blob.core.windows.net/oc-da/Instituciones_compradoras.zip,2026-03-04T17:59:21.648688+00:00
b414b06e4e4df5b5d3d1a0f85204e5257024ab53a59b355db12cf064151c2603,2008,MUNICIPALIDADES,I MUNICIPALIDAD DE RENCA,87185,5870,I MUNICIPALIDAD DE RENCA,Metropolitana,https://transparenciachc.blob.core.windows.net/oc-da/Instituciones_compradoras.zip,2026-03-04T17:59:21.648688+00:00
ff0cc0af8d8d6b145ad9257d89c4e3d31c722b8fcea9e3101ae3f6094b0c54ba,0100,MUNICIPALIDADES,I MUNICIPALIDAD DE LOS ANGELES,87187,3400,IMUNI_LOSANGELES ADQUISICIONES,Bío-Bío,https://transparenciachc.blob.core.windows.net/oc-da/Instituciones_compradoras.zip,2026-03-04T17:59:21.648688+00:00
b35e101ac473c858587e1eeadb545bf7aa1dcc373c028234e7bda61e100b52ff,1018,MUNICIPALIDADES,I MUNICIPALIDAD DE LOS ANGELES,87187,3401,MUNICIPALIDAD DE LOS ANGELES - EDUCACION,Bío-Bío,https://transparenciachc.blob.core.windows.net/oc-da/Instituciones_compradoras.zip,2026-03-04T17:59:21.648688+00:00
2d02363ba9249a1d8dceec2501f6a1e55d53e96a4372d655fc6615f5581f8db5,1026,MUNICIPALIDADES,I MUNICIPALIDAD DE LOS ANGELES,87187,3402,MUNICIPALIDAD DE LOS ANGELES - SALUD,Bío-Bío,https://transparenciachc.blob.core.windows.net/oc-da/Instituciones_compradoras.zip,2026-03-04T17:59:21.648688+00:00
b562b7b196582ffe471bbfa2b1b47f5e56b998e386aca62aa2167fec35eda351,1034,MUNICIPALIDADES,I MUNICIPALIDAD DE LOS ANGELES,87187,3403,MUNICIPALIDAD DE LOS ANGELES - CEMENTERIO,Bío-Bío,https://transparenciachc.blob.core.windows.net/oc-da/Instituciones_compradoras.zip,2026-03-04T17:59:21.648688+00:00
3891c13e64b63bed21b1b5a709c18b64e1abba9c1dbe2c5059ec76ccc25c71e8,1006,MUNICIPALIDADES,I MUNICIPALIDAD DE LO PRADO,87373,3406,SERVICIOS GENERALES,Metropolitana,https://transparenciachc.blob.core.windows.net/oc-da/Instituciones_compradoras.zip,2026-03-04T17:59:21.648688+00:00
ae115022b47ea08d4abffca1310dc536e5e2f682581c0022a1dfc2d7d727470f,0400,MUNICIPALIDADES,I MUNICIPALIDAD DE CONCEPCION,87382,972135,BIENESTAR,Bío-Bío,https://transparenciachc.blob.core.windows.net/oc-da/Instituciones_compradoras.zip,2026-03-04T17:59:21.648688+00:00
e67f85af37d5433d6e59c694290bb6a8b1e92e4d31e9cf884117d6a2c14914ab,8107,MUNICIPALIDADES,I MUNICIPALIDAD DE CONCEPCION,87382,3412,DIRECCION DE EDUCACION MUNICIPAL DE CONCEPCION,Bío-Bío,https://transparenciachc.blob.core.windows.net/oc-da/Instituciones_compradoras.zip,2026-03-04T17:59:21.648688+00:00
39e2d2cdd5bb1c6b06e0d51a8cb9ee0e019c9a945085a125487ccd123ac19e4b,9008,MUNICIPALIDADES,I MUNICIPALIDAD DE CONCEPCION,87382,3413,DIRECCION DE SALUD MUNICIPAL DE CONCEPCION,Bío-Bío,https://transparenciachc.blob.core.windows.net/oc-da/Instituciones_compradoras.zip,2026-03-04T17:59:21.648688+00:00
fe2d724ae43d663db5f6b87a22eb021d26844d0dba29056ea664d110c17ec162,1007,MUNICIPALIDADES,I MUNICIPALIDAD DE PUENTE ALTO,87388,3415,SECPLAC,Metropolitana,https://transparenciachc.blob.core.windows.net/oc-da/Instituciones_compradoras.zip,2026-03-04T17:59:21.648688+00:00
236d774d863e0bebdea3a8e4a10a52ff967444091da514a2a231e365f89bc96c,3401,MUNICIPALIDADES,I MUNICIPALIDAD DE PUENTE ALTO,87388,988298,SERVICIO DE BIENESTAR DEL PERSONAL CMPA,Metropolitana,https://transparenciachc.blob.core.windows.net/oc-da/Instituciones_compradoras.zip,2026-03-04T17:59:21.648688+00:00
917d14dcd61fbcb4a13efc13f85c0a479fadc9cab3e8a49fe6dac57925e5dbee,0000,MUNICIPALIDADES,I MUNICIPALIDAD DE VINA DEL MAR,87399,4849,SECPLA,Valparaíso,https://transparenciachc.blob.core.windows.net/oc-da/Instituciones_compradoras.zip,2026-03-04T17:59:21.648688+00:00
41a3d08568ca215e156527055f3ed1f8f4dc1a97cab302893dd31ddf3dfb8938,9002,MUNICIPALIDADES,I MUNICIPALIDAD DE VALPARAISO,87402,3419,ABASTECIMIENTO,Valparaíso,https://transparenciachc.blob.core.windows.net/oc-da/Instituciones_compradoras.zip,2026-03-04T17:59:21.648688+00:00
a621dc8891372ff622ba7055b23f79b00b0c18a0d0f33ddd26a4c23d273b28ad,1300,MUNICIPALIDADES,I. MUNICIPALIDAD DE QUILPUE,87633,5328,SECRETARIA COMUNAL DE PLANIFICACIÓN,Valparaíso,https://transparenciachc.blob.core.windows.net/oc-da/Instituciones_compradoras.zip,2026-03-04T17:59:21.648688+00:00
55e04f27719c911fa7486a4abe8c7e5ae15780507f69ab5912dee4add6207c76,3006,MUNICIPALIDADES,I MUNICIPALIDAD DE ANTOFAGASTA,87653,3594,CEMENTERIO_ANTOFAGASTA,Antofagasta,https://transparenciachc.blob.core.windows.net/oc-da/Instituciones_compradoras.zip,2026-03-04T17:59:21.648688+00:00
b688f0c08e07e2bd672c8c707b304d595a2bcdd9d605a542f86f971c9e387e0f,3009,MUNICIPALIDADES,I MUNICIPALIDAD ESTACION CENTRAL,87824,3427,CENTRO DE SALUD,Metropolitana,https://transparenciachc.blob.core.windows.net/oc-da/Instituciones_compradoras.zip,2026-03-04T17:59:21.648688+00:00
c39efdf016bad990d2c7676f248cae44d13d4276f00ab8e33ee65c4fcd526774,1008,MUNICIPALIDADES,I MUNICIPALIDAD DE CURICO,87838,721050,LICEO LUIS CRUZ MARTINEZ,Maule,https://transparenciachc.blob.core.windows.net/oc-da/Instituciones_compradoras.zip,2026-03-04T17:59:21.648688+00:00
fee5ac49f2254980a9f86429dc45a0b8ab231bddd496b2c6923ed7cc9e502b9d,3005,MUNICIPALIDADES,I MUNICIPALIDAD DE COQUIMBO,87901,3440,DEPARTAMENTO DE SALUD,Coquimbo,https://transparenciachc.blob.core.windows.net/oc-da/Instituciones_compradoras.zip,2026-03-04T17:59:21.648688+00:00
4dc5e940384fba01b30fee961c4fff08c6cd80a27eb965aa1d563c245cb9892f,1002,MUNICIPALIDADES,ILUSTRE MUNICIPALIDAD DE LA SERENA,87976,5213,SECRETARIA COMUNAL DE PLANIFICACION,Coquimbo,https://transparenciachc.blob.core.windows.net/oc-da/Instituciones_compradoras.zip,2026-03-04T17:59:21.648688+00:00
90451429b02d9ac566352d8646b2bc52ed0ef869111f4cd47f584828e8420457,0005,MUNICIPALIDADES,ILUSTRE MUNICIPALIDAD DE QUINTA NORMAL,88075,517907,DIDECO DIRECCION DESARROLLO COMUNITARIO,Metropolitana,https://transparenciachc.blob.core.windows.net/oc-da/Instituciones_compradoras.zip,2026-03-04T17:59:21.648688+00:00
5d97e2bd87674b0d1f662be340a712bac17056f88375f9001a07d314f599a6e6,3009,MUNICIPALIDADES,I MUNICIPALIDAD DE PROVIDENCIA,88102,3905,DIRECCIÓN DE TRANSITO,Metropolitana,https://transparenciachc.blob.core.windows.net/oc-da/Instituciones_compradoras.zip,2026-03-04T17:59:21.648688+00:00
1948b93cc08ce75e1a6140aa96b9e97b55c7decee2b64ccf18eafb475d135e70,1001,MUNICIPALIDADES,I MUNICIPALIDAD DE QUILLOTA,88203,3837,ESCUELA NUESTRO MUNDO,Valparaíso,https://transparenciachc.blob.core.windows.net/oc-da/Instituciones_compradoras.zip,2026-03-04T17:59:21.648688+00:00
ad9f4689020a93ab8ed47057607a6f35a6dbeb9fa1cdc8d9ef8eb625239e5bf7,4008,MUNICIPALIDADES,I MUNICIPALIDAD DE QUILLOTA,88203,3818,DEPARTAMENTO DE SALUD,Valparaíso,https://transparenciachc.blob.core.windows.net/oc-da/Instituciones_compradoras.zip,2026-03-04T17:59:21.648688+00:00
b6c25e5f663371abfd6d11d95dbcdbfe2d481e8ffaa67bb10b083abd34803dbe,6007,MUNICIPALIDADES,I MUNICIPALIDAD DE QUILLOTA,88203,3819,DEPARTAMENTO DE EDUCACION MUNICIPAL,Valparaíso,https://transparenciachc.blob.core.windows.net/oc-da/Instituciones_compradoras.zip,2026-03-04T17:59:21.648688+00:00
9a089c396a81c4a6d6d6728b4573e270c19e3ac294af4578cb6f843cbd1715a2,0200,MUNICIPALIDADES,I MUNICIPALIDAD DE CHILLAN,88254,1069417,DIRECCIÓN  DE SALUD MUNICIPAL CHILLÁN,Maule,https://transparenciachc.blob.core.windows.net/oc-da/Instituciones_compradoras.zip,2026-03-04T17:59:21.648688+00:00
70a3ec5d71a046a0d077f881f360af4b3d85d3e14ac2bd0b72c0017b59049145,9007,MUNICIPALIDADES,I MUNICIPALIDAD DE CHILLAN,88254,3473,CEMENTERIO MUNICIPAL DE CHILLÁN,Ñuble,https://transparenciachc.blob.core.windows.net/oc-da/Instituciones_compradoras.zip,2026-03-04T17:59:21.648688+00:00
07664f4bbe92b9641482fd9fad6bf6d7896868d050955280f0e2de18589622c5,3004,MUNICIPALIDADES,I MUNICIPALIDAD DE QUILICURA,88313,3475,DEPARTAMENTO COMPRAS PÚBLICAS,Metropolitana,https://transparenciachc.blob.core.windows.net/oc-da/Instituciones_compradoras.zip,2026-03-04T17:59:21.648688+00:00
4961a34fccddfd050a492136bcfab97d913f54bc46658c195bfb0f3a4c59e046,3012,MUNICIPALIDADES,I MUNICIPALIDAD DE QUILICURA,88313,3476,ADQUISICIONES DESAM,Metropolitana,https://transparenciachc.blob.core.windows.net/oc-da/Instituciones_compradoras.zip,2026-03-04T17:59:21.648688+00:00
6804d12db0648d59dbaff300fafa31868d6b58afb82301acf90699f034101fde,3020,MUNICIPALIDADES,I MUNICIPALIDAD DE QUILICURA,88313,3477,ADQUISICIONES DEM,Metropolitana,https://transparenciachc.blob.core.windows.net/oc-da/Instituciones_compradoras.zip,2026-03-04T17:59:21.648688+00:00
f2d8469e641296973ce396b24171a987c50f3d46174230f9d6c970a2a34809f2,7000,MUNICIPALIDADES,I MUNICIPALIDAD DE RIO CLARO,89591,840405,SECPLAN,Maule,https://transparenciachc.blob.core.windows.net/oc-da/Instituciones_compradoras.zip,2026-03-04T17:59:21.648688+00:00
5308dbfe7641eafa015007b4c935eb211393c1ea540621dd602fb82d02207377,0005,MUNICIPALIDADES,I MUNICIPALIDAD DE PADRE LAS CASAS,90886,588863,CEMENTERIO PLC,Araucanía,https://transparenciachc.blob.core.windows.net/oc-da/Instituciones_compradoras.zip,2026-03-04T17:59:21.648688+00:00
8310acfd2596e4f375dfe42e81ddbf0f6a265dca1dbd79b1cce9f171f94385ab,7003,MUNICIPALIDADES,I MUNICIPALIDAD DE CHEPICA,92414,3557,DEPTO. DE EDUCACION,Lib. Gral. Bdo. O'Higgins,https://transparenciachc.blob.core.windows.net/oc-da/Instituciones_compradoras.zip,2026-03-04T17:59:21.648688+00:00
64a633903727215b2ddbadc47040b4f17242dda65e96621cf801b3f7a18497cb,8108,MUNICIPALIDADES,I MUNICIPALIDAD DE CHEPICA,92414,602515,LICEO MUNICIPAL DE CHEPICA,Lib. Gral. Bdo. O'Higgins,https://transparenciachc.blob.core.windows.net/oc-da/Instituciones_compradoras.zip,2026-03-04T17:59:21.648688+00:00
038b9305cc8a2383e9f736aaf360d9212e0fd450cbff0b06fdb1cd91233e0e17,7001,MUNICIPALIDADES,I MUNICIPALIDAD DE CHEPICA,92414,6056,LICEO MUNICIPAL,Lib. Gral. Bdo. O'Higgins,https://transparenciachc.blob.core.windows.net/oc-da/Instituciones_compradoras.zip,2026-03-04T17:59:21.648688+00:00
fd9b67d24485ff19199620b3a7197286f1c7f6eef3006191833ba638fab57148,7060,MUNICIPALIDADES,I MUNICIPALIDAD DE CHEPICA,92414,6096,ESCUELA F-320 AUQUINCO LUIS ATHAS,Lib. Gral. Bdo. O'Higgins,https://transparenciachc.blob.core.windows.net/oc-da/Instituciones_compradoras.zip,2026-03-04T17:59:21.648688+00:00
ead0fa29001d7ce34dd87d7db74981c2cdf5571129fdf30961a575c497d1291f,0001,"GOB. CENTRAL, UNIVERSIDADES",SUPERINTENDENCIA DE PENSIONES,93096,670784,SERVICIO DE BIENESTAR,Metropolitana,https://transparenciachc.blob.core.windows.net/oc-da/Instituciones_compradoras.zip,2026-03-04T17:59:21.648688+00:00
9da8e16d2731db4fef71b796699350143d9e1bc5c0b0106dbb5a7662c8ecf1b2,9007,MUNICIPALIDADES,I MUNICIPALIDAD DE MAIPU,93619,3759,I MUNICIPALIDAD DE MAIPU,Metropolitana,https://transparenciachc.blob.core.windows.net/oc-da/Instituciones_compradoras.zip,2026-03-04T17:59:21.648688+00:00
70d484a623a20874617b58dc997a5660e1096dbdbe7b6675c5467251dc208f5d,5008,MUNICIPALIDADES,I MUNICIPALIDAD DE SAN CLEMENTE,93774,5367,UNIDAD DE COMPRAS MUNICIPALES,Maule,https://transparenciachc.blob.core.windows.net/oc-da/Instituciones_compradoras.zip,2026-03-04T17:59:21.648688+00:00
96222f7a12fdf50551771567c5d69e70b1a0be1bddeec63f07b36c5c702e5a4c,5008,MUNICIPALIDADES,ILUSTRE MUNICIPALIDAD DE POZO ALMONTE,94315,3582,IMUNI_POZOALMONTE  ADQUISICIONES,Tarapacá,https://transparenciachc.blob.core.windows.net/oc-da/Instituciones_compradoras.zip,2026-03-04T17:59:21.648688+00:00
672ea66dbf2fbb7acecb1f3d4c06fd0b3c38f0dcc8bd0a9fbd7289e73f43c5b9,6003,MUNICIPALIDADES,I MUNICIPALIDAD DE CONCON,94458,3590,DEPARTAMENTO DE EDUCACION,Valparaíso,https://transparenciachc.blob.core.windows.net/oc-da/Instituciones_compradoras.zip,2026-03-04T17:59:21.648688+00:00
05be913493ef0cb383e3b606ca4321eacc8f8ebf64801fec259ec59d4a89396f,0001,"GOB. CENTRAL, UNIVERSIDADES",UNIVERSIDAD DE VALPARAISO,96996,907581,20 ORGANISMO CENTRAL-DTIC_TRANSVERSAL,Valparaíso,https://transparenciachc.blob.core.windows.net/oc-da/Instituciones_compradoras.zip,2026-03-04T17:59:21.648688+00:00
e64508db34b9c72278648008da5c42e38cbc8f22803790a45d8f9e59cc8c6738,7005,MUNICIPALIDADES,I MUNICIPALIDAD DE PUTAENDO,98280,3618,DEPARTAMENTO DE EDUCACION,Valparaíso,https://transparenciachc.blob.core.windows.net/oc-da/Instituciones_compradoras.zip,2026-03-04T17:59:21.648688+00:00
e6eacae02c0aece425210d20055a9d916a23dda6532f764ec645988c97dfeede,1027,MUNICIPALIDADES,I MUNICIPALIDAD DE TOME,98443,3653,DIRECCIÓN DE SALUD MUNICIPAL,Bío-Bío,https://transparenciachc.blob.core.windows.net/oc-da/Instituciones_compradoras.zip,2026-03-04T17:59:21.648688+00:00
20bd7cfe0865b9907084133bd1f12c0b1bcf6f597c09a844a39f2ddb9010c282,1000,MUNICIPALIDADES,I MUNICIPALIDAD DE TOME,98443,6228,SECRETARIA COMUNAL DE PLANIFICACION,Bío-Bío,https://transparenciachc.blob.core.windows.net/oc-da/Instituciones_compradoras.zip,2026-03-04T17:59:21.648688+00:00
39c3b9d65b25de6df4ed34c420cf7232adb78e912ad90cfb3e691475667850aa,1019,MUNICIPALIDADES,I MUNICIPALIDAD DE TOME,98443,3654,DIRECCIÓN DE EDUCACIÓN MUNICIPAL,Bío-Bío,https://transparenciachc.blob.core.windows.net/oc-da/Instituciones_compradoras.zip,2026-03-04T17:59:21.648688+00:00
814a65d5dc7696ead8ef938316997f5f28765d271ce0b45396a278ae46ef6cd7,1056,MUNICIPALIDADES,I MUNICIPALIDAD DE TOME,98443,3655,LICEO COMERCIAL C-20,Bío-Bío,https://transparenciachc.blob.core.windows.net/oc-da/Instituciones_compradoras.zip,2026-03-04T17:59:21.648688+00:00
70f63f32e945f4146905a839bcb3510a7263e67465f6765481187a22e18eb3e3,1004,MUNICIPALIDADES,ILUSTRE MUNICIPALIDAD DE NATALES,98448,3897,DIRECCION DE DESARROLLO COMUNITARIO,Magallanes y Antártica,https://transparenciachc.blob.core.windows.net/oc-da/Instituciones_compradoras.zip,2026-03-04T17:59:21.648688+00:00
b0e8e1bfe046e69c2f0b949262e556797954edb54980a224054845a51430c448,1005,MUNICIPALIDADES,I MUNICIPALIDAD DE ANCUD,98452,3649,SECRETARIA COMUNAL DE PLANIFICACIÒN,Los Lagos,https://transparenciachc.blob.core.windows.net/oc-da/Instituciones_compradoras.zip,2026-03-04T17:59:21.648688+00:00
fb8a9ca2a43c25cb450e6129a2d008f309c4e13ee88ee3a9036b7c72ab033a03,6003,MUNICIPALIDADES,I MUNICIPALIDAD DE VITACURA,98462,4252,ACHILENA,Metropolitana,https://transparenciachc.blob.core.windows.net/oc-da/Instituciones_compradoras.zip,2026-03-04T17:59:21.648688+00:00
c95e2d98175391942ef63472623d16490d916af83cbb3a8913ebe4d19c2a8d97,9008,MUNICIPALIDADES,ILUSTRE MUNICIPALIDAD DE MELIPILLA,98901,3663,ILUSTRE MUNICIPALIDAD DE MELIPILLA,Metropolitana,https://transparenciachc.blob.core.windows.net/oc-da/Instituciones_compradoras.zip,2026-03-04T17:59:21.648688+00:00
3665aac64900502767ae8dd6fc103be683c6125b1ef981e2f0148219c8de6c78,5006,MUNICIPALIDADES,I MUNICIPALIDAD DE MOSTAZAL,99101,3667,DEPARTAMENTO DE EDUCACIÓN,Lib. Gral. Bdo. O'Higgins,https://transparenciachc.blob.core.windows.net/oc-da/Instituciones_compradoras.zip,2026-03-04T17:59:21.648688+00:00
5efb89dc034665acb95612f87352d0cf1ee6970c4c379aaf6306a3269ef883b3,5007,MUNICIPALIDADES,I MUNICIPALIDAD DE INDEPENDENCIA,99105,584264,DIRECCION DE SECPLA,Metropolitana,https://transparenciachc.blob.core.windows.net/oc-da/Instituciones_compradoras.zip,2026-03-04T17:59:21.648688+00:00
6771247893baa77f8f7e858ac531676414779d85d29569d27b242b7877a4ead4,5007,MUNICIPALIDADES,I MUNICIPALIDAD DE COLINA,99322,3675,SECPLAN,Metropolitana,https://transparenciachc.blob.core.windows.net/oc-da/Instituciones_compradoras.zip,2026-03-04T17:59:21.648688+00:00
9211bdfe2717a4657305b56151df4c93806857a93e5b3c573be8ef9b24268d28,6004,MUNICIPALIDADES,I MUNICIPALIDAD DE CARTAGENA,99569,3687,MUNICIPALIDAD DE CARTAGENA-ADQUISICIONES,Valparaíso,https://transparenciachc.blob.core.windows.net/oc-da/Instituciones_compradoras.zip,2026-03-04T17:59:21.648688+00:00
3cecfa20db3fc4b7fcedcf009e74407739082c7bfc020a65bf93c0c04eac3cd1,8006,MUNICIPALIDADES,I MUNICIPALIDAD DE TALAGANTE,99765,951528,DEPARTAMENTO DE MOVILIZACIONES,Metropolitana,https://transparenciachc.blob.core.windows.net/oc-da/Instituciones_compradoras.zip,2026-03-04T17:59:21.648688+00:00
284d6b3b42fd2fd7b9cc958d2435ba96617064c419b27ec449a1645bbb457b58,0066,"GOB. CENTRAL, UNIVERSIDADES",UNIVERSIDAD DEL BIO BIO,99805,3875,UNIVERSIDAD DEL BÍO-BÍO - CAMPUS CONCEPCIÓN - PROYECTOS Y CONSTRUCCIONES,Bío-Bío,https://transparenciachc.blob.core.windows.net/oc-da/Instituciones_compradoras.zip,2026-03-04T17:59:21.648688+00:00
34d7af3d981b19e383c55e411013e8f93c0161a7062f9f4fe0835a2a64724523,7000,MUNICIPALIDADES,MUNICIPALIDAD DE OVALLE,99860,3700,MUNICIPALIDAD DE OVALLE - EDUCACIÓN,Coquimbo,https://transparenciachc.blob.core.windows.net/oc-da/Instituciones_compradoras.zip,2026-03-04T17:59:21.648688+00:00
